Title,Authors,Description,Category,Publisher,Price Starting With ($),Publish Date (Month),Publish Date (Year),Dataset Index
The Foundation of Leadership: Enduring Principles to Govern Our Lives,"By Short, Bo",,,Excalibur Press,6.06,January,1997,5
The Tiananmen Papers : The Chinese Leadership's Decision to Use Force Against Their Own People - In Their Own Words,"By Liang, Zhang (COM), Nathan, Andrew J. (EDT), Link, Perry (EDT), Nathan, Andrew J., Zhang, Liang, Link, E. Perry (EDT), Zhang, Liang (EDT), Link, E. Perry, and Liang, Zhang","On the night of June 3-4, 1989, Chinese troops violently crushed the largest pro-democracy demonstrations in the history of the communist regime. In this extraordinary collection of hundreds of internal government and Communist Party documents, secretly smuggled out of China, we learn how these events came to pass from behind the scenes. The material reveals how the most important decisions were made; and how the turmoil split the ruling elite into radically opposed factions. The book includes the minutes of the crucial meetings at which the Elders decided to cashier the pro-reform Party secretary Zhao Ziyang and to replace him with Jiang Zemin, to declare martial law, and finally to send the troops to drive the students from the Square.Just as the Pentagon Papers laid bare the secret American decision making behind the Vietnam War and changed forever our view of the nation's political leaders, so too has The Tiananmen Papers altered our perception of how and why the events of June 4 took the shape they did. Its publication has proven to be a landmark event in Chinese and world history."," History , Asia , China",PublicAffairs,4.99,January,2001,419
Fight Fat After Forty,"By Peeke, Pamela","It's a fact: stress makes you fat. Renowned clinician and scientist Dr. Pamela Peeke goes beyond diet and exercise with a lifestyle program that shows women how to stop being diet ""POWs"" (""Prisoners Of Weight"") or victims of ""Toxic Stress"" and how to evolve into physically and mentally stress-resilient individuals. Peeke helps women identify their stress-eating profiles (Are you a stress-overeater? A stress-undereater?) and explains that to remove weight, you have to lift weight. She explains what to eat and, equally as important, when to eat by navigating the afternoon ""CortiZone,"" the hours of highest vulnerability to stress eating. Learn how to put it all together through the fine art of regrouping.Women can tailor this accessible program to their individual needs using Peeke's three behavior templates:* Stress-resilient nutrition* Stress-resilient physical activity* Stress-resilient regroupingDr. Peeke's program is a must for women who want to break the stress-fat cycle that has thickened their after-forty waistlines."," Health & Fitness , General",Viking Adult,4.99,April,2000,470
"Frederic Remington: Paintings, Drawings, and Sculpture in the Amon Carter Museum and the Sid W. Richardson Foundation Collections",By Peter H. Hassrick,,,Abrams : distributed by New American Library,4.99,January,1975,616
"In Buddha's Kitchen : Cooking, Being Cooked, and Other Adventures at a Meditation Center","By Snow, Kimberley","Kimberley Snow offers an outrageously funny and honest account of her adventures as head cook at a Tibetan Buddhist retreat center. With her earthy sensibility and sharp sense of humor, the author shows this world in a light devoid of preciousness—while expressing with heart the integrity of the spiritual work being undertaken. We come away from our visit to this exotic realm having found it both extraordinary and surprisingly familiar. The neuroses, obsessions, and petty concerns exposed by Snow—both in herself and her fellow staff members—prove to be grist for the mill for discovering the grace inherent in life just as it is."," Religion , Buddhism , General",Shambhala,4.99,May,2003,628
Unravelling,"By Graver, Elizabeth","From a small, bogside cabin in rural New England, 38-year-old Aimee Slater unravels the story of her life, attempting to make sense of the tangled thread that leads from her mother's house-a short, unbridgeable distance away-to the world she now inhabits. It is soon after the Civil War; Aimee lives alone, but is graced with visits from two friends, a crippled man and a troubled eleven-year-old girl. She is perpetually caught between the sensual world she so desires and the divine retribution passed down to her by her mother's scorn. How Aimee ultimately creates a life for herself and bridges that distance makes for a moving story of love and loss. Told in a voice of spare New England lyricism, Unravelling is a remarkably haunting account of the power of redemption."," Fiction , Historical",Houghton Mifflin,4.99,August,1999,637
"Why Me?: Coping With Grief, Loss and Change","By Krauss, Pesach","The authors discuss life's times of sadness, grief, fear, anger and how even in the most difficult of times people can call upon inner strength, dignity, and the love of others to find meaning"," Religion , General",Bantam,5.29,November,1988,857
Foundations of Epidemiology,"By Lilienfeld, A. M., Lilienfeld, D.","This introductory text gives an exceptionally clear and well organized account of epidemiologic concepts and methods, emphasizing the sequence of reasoning from different types of data that lead to inferences about the etiology or natural history of disease.",,Oxford University Press,5.29,June,1980,1036
On Hallowed Ground: Abraham Lincoln and the Foundations of American History,"By Diggins, John Patrick","In this provocative book, John Patrick Diggins, hailed by Alan Ryan in the New York Times as “one of the liveliest and most interesting of contemporary intellectual historians,” offers a sweeping reassessment of American history, emphasizing the foundational role of Abraham Lincoln’s moral and political theory. Distressed by the divisive impact of modern identity politics, Diggins argues persuasively that in the central tenets of Lincoln’s political faith--the redeeming value of labor and the rights to property and self-determination--we find the purest expression of the values that have united Americans and guided American history.With his characteristic breadth, Diggins ranges from James Madison to W. E. B. Du Bois to the movie Good Will Hunting in his examination of the often ambivalent ways in which Americans have imagined themselves and their nation. Convinced that contemporary historians have done America a grave disservice by emphasizing political divisions along the lines of class, race, and gender, Diggins points out that throughout American history there has been more that unites the American people than divides them."," History , United States , General",Yale University Press,5.51,August,2000,1096
The big foundations,"By Nielsen, Waldemar A.",,,Columbia University Press,5.73,January,1972,1225
The Sporting News: Baseball Trivia Book,"By Hoppel, Joe and Carter, Craig (EDT)","Lists a wide range of facts, statistics, and records concerning the hitting, pitching, and baserunning achievements of professional baseball players"," Sports & Recreation , General",Sporting News,5.29,March,1983,1274
Healing and the Mind,"By Moyers, Bill D., Flowers, Betty S., and Grubin, David","Ancient medical science told us our minds and bodies are one. So did philosophers of old. Now, modern science and new research are helping us to understand these connections. In Healing and the Mind, Bill Moyers talks with physicians, scientists, therapists, and patients - people who are taking a new look at the meaning of sickness and health. In a series of fascinating and provocative interviews, he discusses their search for answers to perplexing questions: How do emotions translate into chemicals in our bodies? How do thoughts and feelings influence health? How can we collaborate with our bodies to encourage healing?Healing and the Mind travels from small private clinics to large public hospitals to examine how advances in mind/body medicine are being applied on a day-to-day level in the hurried and technology-driven world of modern medicine. From neonatal care to geriatrics, from day surgery to the treatment of chronic illness, medical professionals are finding that when they practice the ""new medicine,"" their patients heal faster, leave the hospital sooner, and do better once they get home.Bill Moyers and David Grubin also travel to the People's Republic of China. There they explore the implications of that country's fusion of Western practices with traditional Chinese medicine, including acupuncture, massage, herbal potions, and the mysterious concept called chi. They take an intimate look at alternate therapy programs, including a Massachusetts medical center that combines Eastern meditation with Western therapy in the treatment of ailments as diverse as hypertension and chronic back pain. And they visit a California retreat where cancer patients help each other discover that healing can occur even when a cure is impossible.With the incisive style that has made Bill Moyers's skills as an interviewer legendary, and the dynamic interplay of text and art that has made his previous books international bestsellers, Healing and the Mind is a landmark work, destined to influence how America thinks about sickness and health."," Health & Fitness , Healing",Doubleday,8.79,January,1993,1484
Growing Little Women: Capturing Teachable Moments with Your Daughter,"By Miller, Donna J. and Holland, Linda","Teach your children to choose the right path, and when they are older,  they will remain upon it. - Proverbs 22:6 NLT. In a time where modesty is of little  value and many kids have had at least one sexual encounter before graduating high  school, children are growing up faster than ever. They experience pressures that,  in days past, we're not faced until adulthood. They encounter situations that many  adults will never meet. So how do we teach our girls to follow God when life around  them at school, in magazines, and on TV teaches them to follow nothing but their  passions and desires? How to we share with them that Jesus is the answer to their  every question and the fulfillment of their heart's desires? In this hopeful and  insightful workbook, Donna Miller shows us how.Growing Little Women  will provide you and your special girl with teachable moments from the Word of God.  Filled with engaging stories, fun activities, and lessons on life, you will prepare  her to become a godly woman and establish a bond with her that will smooth her passage  to womanhood. In just one hour a week you can impact the future of that special  young lady and nurture a friendship that will last forever. Time is ticking. Don't  let it get away."," Family & Relationships , Parenting , General",Moody Publishers,5.29,March,1997,1487
Three Tall Women,"By Albee, Edward","WINNER OF THE PULITZER PRIZE FOR DRAMARecently revived on Broadway in a production directed by Joe Mantello, starring two-time Oscar winner Glenda Jackson and Tony winner Laurie MetcalfEarning a Pulitzer and Best Play awards from the Evening Standard, Critics Circle, and Outer Critics Circle, among others, when it premiered, Edward Albee has, in Three Tall Women, created a masterwork of modern theater.  As an imperious, acerbic old woman lies dying, she is tended by two other women and visited by a young man.  Albee’s frank dialogue about everything from incontinence to infidelity portrays aging without sentimentality.  His scenes are charged with wit, pain, and laughter, and his observations tell us about forgiveness, reconciliation, and our own fates.  But it is his probing portrait of the three women that reveals Albee’s genius.  Separate characters on stage in the first act, yet actually the same “everywoman” at different ages in the second act, these “tall women” lay bare the truths of our lives—how we live, how we love, what we settle for, and how we die.  Edward Albee has given theatergoers, critics, and students of drama reason to rejoice."," Drama , American , General",Plume,4.99,September,1995,1639
The People's Pharmacy Guide to Home and Herbal Remedies,"By Graedon, Joe and Graedon, Teresa, Ph.D.","A comprehensive guide to herbal remedies by two of the most trusted authorities on the subject includes information about the most popular herbs, a handbook of common symptoms and cures, and much more. 75,000 first printing. Tour."," Medical , Alternative & Complementary Medicine",St. Martin's Press,4.99,November,1999,1961
Writer's Digest Handbook of Magazine Article Writing,"By Fredette, Jean M. (EDT)","Essays cover article topics, research, querry letters, interviews and revision, and tell how to write and sell different kinds of magazine articles"," Reference , Writing Skills",Writer's Digest Books,4.99,September,1990,2025
The Sky's the Limit: Passion and Property in Manhattan,"By Gaines, Steven","An investigation into the secretive world of Manhattan luxury real estate and the lives of wealthy and celebrity residents offers insight into the workings of carriage-trade brokers, co-op boards, and the homes of such figures as Jerry Seinfeld, Barbra Streisand, and Tommy Hilfiger. By the author of Philistines at the Hedgerow."," Business & Economics , Real Estate","Little, Brown and Company",4.99,June,2005,2105
Harry Potter and the Bible : The Menace Behind the Magick,"By Abanes, Richard",," Religion , Cults",Horizon Books,5.29,January,2001,2256
The Seven Spiritual Laws for Parents: Guiding Your Children to Success and Fulfillment,"By Chopra, Deepak","The Seven Spiritual Laws of Success was a phenomenally successful book--more than 1,600,000 copies were sold--and as copies were passed between friends and loved ones, it touched millions more lives. Its author, Deepak Chopra, received thousands of letters from readers, many of whom expressed the desire to convey those same principles to their children, along with questions about how to do so. This book, The Seven Spiritual Laws for Parents, is Dr. Chopra's answer to those letters and to parents around the world who wish to raise children with values that satisfy spiritual needs as well as create the experience of abundance. After a general discussion of parenting and the gift of spirit, this book explores specific ways to practice the Seven Spiritual Laws as a family, how to convey these laws to children depending on their ages, and how to embody them in age-specific activities each day, beginning on Sundays with the Law of Pure Potentiality. The Seven Spiritual Laws for Parents moves us beyond private triumphs and failures to experience the spiritual nature of communion with family, to share with those closest to us the infinite riches of innocence and love."," Family & Relationships , Parenting , General",Harmony Books,4.99,September,1997,2513
"The Tween Years : A Parent's Guide for Surviving Those Terrific, Turbulent, and Trying Times","By Corwin, Donna G. and Jablow, Martha Moraghan","When Barbie and G.I. Joe are on their way out and makeup and questionable attire are on their way in, parents are often perplexed at how to handle their quickly and constantly changing child. The Tween Years offers some solutions.A guide to understanding their child between the volatile years of 9 and 13, this book provides parents with a wealth of commonsense, no-nonsense advice on situations ranging from simple parent/child conflicts to the essentials of communication and encouragement. Featuring humorous personal stories, parent questions and answers, and psychologist interviews, this warm, heartfelt approach will help parents successfully guide their child through the troubled waters between elementary and high school."," Family & Relationships , Parenting , General",McGraw-Hill Education,5.29,October,1998,2660
"The Rorschach, a Comprehensive System Vol. 1: Basic Foundations (Wiley Series on Personality Processes) (Volume 1)","By Exner, John E. and Weiner, Irving B.",," Psychology , Assessment, Testing & Measurement",Wiley,10.99,February,1986,2763
Cam Jansen: The Mystery of the Dinosaur Bones (Cam Jansen),"By Adler, David A. and Natti, Susanna (ILT)","No mystery is too great for super-sleuth Cam Jansen and her amazing photographic memory!Mysteries follow super-sleuth Cam Jansen everywhere she goes...even to the museum. Cam and her class are on a fild trip at the museum when Cam discovers that some bones are missing from a dinosaur skeleton. Can Cam find the bones and catch the thief? The Cam Jansen books are perfect for young readers who are making the transition to chapter books, and Cam is a spunky young heroine whom readers have loved for over two decades."," Juvenile Fiction , Mysteries & Detective Stories",Puffin Books,5.29,September,1984,3579
Buried Fire,"By Stroud, Jonathan","Deep in the English countryside, the unearthing of an ancient Celtic cross awakens an imprisoned dragon and unleashes a smoldering evil. Less than a mile away, 13-year-old Michael McIntyre falls asleep on a lush green hill, and wakes up with frightening and sinister new abilities. Michael possesses the four gifts of the dragon-and he's not the only one, nor is he the most powerful. The others, whose identities will be slowly revealed, offer Michael powers beyond his wildest dreams if he will keep their secret safe. Now he must choose: give up these astonishing but devastating new abilities and help his family and friends banish the evil that lies beneath their fragile earth, or join the others in their crusade to protect their gifts and set the dragon free - a choice that may well destroy everyone Michael loves. Those with power will stop at nothing to keep its secret, while those without it need Michael's protection to survive. Buried Fire combines elements of fantasy and mythology in a spellbinding tale of good versus evil."," Juvenile Fiction , Fantasy & Magic","Little, Brown Books for Young Readers",5.29,September,2004,3756
Inside the Kingdom: My Life in Saudi Arabia,"By Bin Ladin, Carmen","A sister-in-law of Osama Bin Laden who fled her marriage in 1988, Carmen Bin Ladin describes what it was like to live in the gilded cage of her wealthy Saudi Arabian family. ""It was only after September 11 that my 14-year fight for freedom from Saudi Arabia made sense to the people around me,"" she writes. ""Before that, I think no one truly understood what was at stake--not the courts, not the judge, not even my friends. Even in my own country, Switzerland, I was perceived, more or less, as just another woman embroiled in a nasty international divorce. But...my fight went far deeper than that. I was fighting to gain freedom from one of the most powerful societies and families in the world--to salvage my daughters from a merciless culture that denied their most basic rights."" Illustrated in b&w, the work has no subject index. Annotation ©2004 Book News, Inc., Portland, OR (booknews.com)"," Biography & Autobiography , Women",Grand Central Publishing,5.29,July,2004,3825
Scatterbrain,"By Niven, Larry","Another dazzling collection of fact, fiction, and wit from the Hugo and Nebula Award-winning master of hard science fiction!Larry Niven is the New York Times bestselling author of such classic science fiction novels as Ringworld and Destiny's Road. His previous collection, N-Space, was lauded by the Houston Post as ""outstanding . . . hours of entertainment,"" while Publishers Weekly called it ""a must for science fiction fans.""  A follow-up volume, Playgrounds of the Mind, was similarly praised by Kirkus Reviews: ""An abundance of Niven's curious yet disciplined inventiveness and his fun-filled knack for turning seemingly absurd notions into credible, absorbing fiction. Grand entertainment.""Now, ten years later, Scatterbrain collects an equally engaging assortment of Niven's latest work, all in one captivating volume. Here are choice excerpts from several of his most recent novels, including his upcoming Ringworld's Child and Rainbow Mars, as well as numerous short stories, nonfiction articles, interviews, editorials, collaborations, and correspondence. True to its title, Scatterbrain roams all over a wide variety of fascinating topics, featuring Niven's singular insights into everything from space stations to convention etiquette.So give yourself a treat, and feel free to pick the brain-or Scatterbrain-of one of modern science fiction's most fascinating thinkers."," Fiction , Science Fiction , Hard Science Fiction",Tor Books,5.29,August,2003,3880
Teach Yourself Web Publishing With Html 3.2 in a Week,"By Lemay, Laura","A one-week (plus two bonus days) tutorial on using HTML, covering how to create Web pages and link them, and how to set up a Web server and use it to manage interactive forms. Includes chapter summaries, commonly asked questions and answers, tips, warnings, and key terms. In spite of the title, the tutorial is designed to be read and absorbed over the course of two weeks.  Assumes familiarity with the Internet and a Web browser. Annotation c. by Book News, Inc., Portland, Or."," Computers , Programming Languages , General",Pearson Indiana,10.99,October,1996,4069
More Needleplay,"By Wilson, Erica","Provides full instructions for creating articles that range from a harpooner's shirt to a set of Revolutionary War chessmen, with each project featuring a striking design and innovative needlework techniques"," Art , General",Scribner,8.79,January,1979,4236
Deceitful Practices: Nomura Securities and the Japanese Invasion of Wall Street,"By Fitzgibbon, John E., Jr.",Describes the illegal practices of Japan's largest investment company and why the SEC has done nothing about it," Business & Economics , General",Birch Lane Pr,5.32,December,1991,4520
The Revenge of the Hound (Sherlock Holmes Mystery),"By Hardwick, Michael","This authorized sequel to ""The Hound of the Baskervilles"" features Holmes and Watson tracking a menacing hound on Hampstead Heath and uncovering a murder, a fanatical plot to overthrow the government, and a secret mission to protect the king"," Fiction , Mystery & Detective , Hard-Boiled",Villard,4.99,October,1987,4732
While Reagan Slept,"By Buchwald, Art",A portrait of Ronald Reagan by the noted Washington columnist and humorist observes the fortieth president of the United States while he sleeps," Biography & Autobiography , General",G. P. Putnam's Sons,5.67,January,1983,4886
50,"By Corman, Avery","Doug Gardner, a sports columnist facing his fiftieth birthday, tries to find out who he is and what he should be as he searches for a younger woman"," Fiction , General",Simon & Schuster,5.29,July,1987,4944
The Will To Live On: This is Our Heritage,"By wouk, herman","Herman Wouk has ranged in his novels from the mighty narrative of The Caine Mutiny and the warm, intimate humor of Marjorie Morningstar to the global panorama of The Winds of War and War and Remembrance. All these powers merge in this major new work of nonfiction, The Will to Live On, an illuminating account of the worldwide revolution that has been sweeping over Jewry, set against a swiftly reviewed background of history, tradition, and sacred literature.Forty years ago, in his modern classic This Is My God, Herman Wouk stated the case for his religious beliefs and conduct. His aim in that work and in The Will to Live On has been to break through the crust of prejudice, to reawaken clearheaded thought about the magnificent Jewish patrimony, and to convey a message of hope for Jewish survival.Although the Torah and the Talmud are timeless, the twentieth century has brought earthquake shocks to the Jews: the apocalyptic experience of the Holocaust, the reborn Jewish state, the precarious American diaspora, and deepening religious schisms. After a lifetime of study, Herman Wouk examines the changes affecting the Jewish world, especially the troubled wonder of Israel, and the remarkable, though dwindling, American Jewry. The book is peppered with wonderful stories of the author's encounters with such luminaries as Ben Gurion, Isidor Rabi, Yitzhak Rabin, Saul Bellow, and Richard Feynan.Learned in general culture, warmly tolerant of other beliefs, this noted author expresses his own other beliefs, this noted author expresses his own faith with a passion that gives the book its fire and does so in the clear, engaging style that--as in all Wouk's fiction--makes the reader want to know what the next page will bring. Herman Wouk writes, in The Will to Live On:""And so the Melting Pot is beginning to work on Jewry. Its effect was deferred in the passing century by the shock of the Holocaust and the rise of Israel, but today the Holocaust is an academic subject, and Israel is no longer a beleaguered underdog. Amkha in America is not dying, it is slowly melting, and those are very different fates. Dying is a terror, an agony, a strangling finish, to be fought off by sheer instinct, by the will to live on, to the last breath. Melting is a mere diffusion into an ambient welcoming warmth in which one is dissolved and disappears, as a teaspoon of sugar vanishes into hot tea....Yet here in the United States, for all the scary attrition I have pictured, we are still a community of over five million strong. . . . At a far stretch of my hopes, our descendants could one day be a diaspora comparable to Babylonia. At the moment, of course, that is beyond rational expectation. We have to concentrate on lasting at all. . . ."""," Biography & Autobiography , Religious",Harper,5.41,February,2000,5011
Swerve: Reckless Observations of a Postmodern Girl,"By Tyler, Aisha","Integrating words of wisdom with humorous commentary, an entertaining guidebook by the popular actress and comedienne offers thought-provoking and empowering advice on sex, dating, style, and confidence to help women live their lives to the fullest. 50,000 first printing."," Psychology , General",Dutton Adult,4.99,January,2004,5293
"Bum Steer (Jenny Cain Mysteries, No. 6)","By Pickard, Nancy","When a cattle baron leaves a huge ranch in his will to the Port Frederick Civic Foundation, amateur sleuth Jenny Cain leaves Massachusetts for the wilds of Kansas to investigate the bizarre bequest and finds herself probing the brutal murder of the foundation's benefactor"," Fiction , Mystery & Detective , General",Atria Books,5.0,March,1990,5312
Marrying Mom,"By Goldsmith, Olivia","Phyllis Geronomous is witty, blunt, razor sharp - and the despair of her family. She's a senior citizen and an original, still trying to run the lives of her three grown children. As far as they're concerned, Phyllis's best attribute is that she's a Florida resident, while they live in New York.But then Phyllis decides that retirement and spending the holidays alone in Miami are not for her, and she's going to move back to the Big Apple. Sigourney, Sharon, and Bruce are horrified. They just can't let crazy Phyllis ruin their lives all over again. Murder is out - purely for practical reasons. And Christmas is unbearable enough without a visit from Mom - and what if she stays as she's threatening to do? Sig is a single, stylish, control-freak stockbroker who is terrified of her downsized professional and personal life; Sharon is a neurotic suburban housewife with two young children and an unemployed husband; and Bruce - the baby of the family - is a gay greeting-card entrepreneur whose business is folding faster than you can say ""Queer Santa."" Phyllis's arrival in New York will be the unraveling of them all. Only Sig has the ideal solution: They'll join forces and marry Mom off. Then she'll be someone else's problem. They call the plan ""Operation Geezer Quest,"" but where are they going to find an old, deaf, dumb, blind, and, above all, rich groom?"," Fiction , General",HarperCollins,5.29,November,1996,5316
Strange Encounters: Adventures of a Renegade Naturalist,"By Botkin, Daniel B.","The warm, witty anecdotal adventures of a world-renowned scientist, spanning thirty years and dozens of countries.  Most people only dream of having the life Daniel B. Botkin has led. He has studied whales and elephants, tramped over high mountain passes and through rain forests, worked with NASA, and spent substantial time walking in the footsteps of Lewis and Clark, and Henry David Thoreau. In Strange Encounters, Botkin does for the natural world what Richard Feynman did for physics and Oliver Sacks for human behavior.  Whether rebuilding an old mill in New Hampshire while ruminating on notions of ""progress,"" researching the most weight-efficient high-protein food for space travel, or working in a radioactive forest on an early Cold War research project, Botkin experiences the kind of adventures that illuminate the complex and ever-changing relationship between human beings and their environment."," Nature , General",Tarcher,5.29,August,2004,5568
Ladies' Man: The Life and Trials of Marvin Mitchelson,"By Jenkins, John A.","Ladies' Man: The Life and Trials of Marvin Mitchelson is the extraordinary saga of Marvin Mitchelson, the ruthless Hollywood divorce lawyer who, intoxicated by his own success, lived the life of a user - of his clients, of women, of drugs, of publicity. Ladies' Man shows how the things he so cleverly manipulated to fuel his fame and fortune eventually came back to haunt him.Award-winning author John A. Jenkins brings to life the sensational trials in which Mitchelson made his mark - from his historic arguments before the U.S. Supreme Court, to the palimony trial of Michelle Triola Marvin and the divorce case of sultry actress Joan Collins.But Ladies' Man also goes beyond the courtroom and behind Mitchelson's celebrity mask by describing the renowned lawyer's darker side, including his sexual escapades with clients and others, his drug use, his financial troubles, and his problems with the legal establishment. Also included are observations and insights from Mitchelson himself, derived from extensive interviews by the author. And perhaps most important, Ladies' Man probes into how the authorities handled the many complaints about Mitchelson, and asks how America's most visible lawyer evaded, for so many years, those who could have stopped him."," Biography & Autobiography , General",St Martins Pr,5.41,August,1992,5680
Jane Eyre (Wordsworth Classics),"By Bronte, Charlotte",A young woman looks back at her childhood in a harsh orphanage and describes her growing love for the man who employs her as governess," Fiction , Classics",Wordsworth Editions Ltd,4.99,August,1997,5706
Scoundrel Time,"By Hellman, Lillian","The distinguished playwright and memoirist recounts the intrusion of congressional and other witch-hunters, Red-baiters, and ideologues into her and Dashiell Hammett's lives in the 1950s and the losses and discomforts suffered. Reprint. 10,000 first printing."," Biography & Autobiography , General",Little & Brown,59.93,April,1976,5820
The Liberty Home: Distinctive Sewing Projects from Classic Liberty Fabrics,"By Brown, Penny (ILT) and Baird, Ljiljana (EDT)",Full-color photographs and drawings of more than twenty-five different projects enhance this charming decorating book filled with informative advice on choosing the proper fabrics and using it accordingly. Original.," House & Home , Decorating",Contemporary Books,10.99,October,1997,5950
Trophies and Dead Things,"By Muller, Marcia","Investigator Sharon McCone probes the strange will of murder victim Perry Hilderly, who had disinherited his children to leave his fortune to four strangers, and uncovers a tangled web of old secrets leading back to the Vietnam War"," Fiction , Mystery & Detective , General",Mysterious Pr,20.85,September,1990,6177
In the Land of Dreamy Dreams,"By Gilchrist, Ellen","Tells the stories of a flamboyant banker, Black and white school friends, a lonely, beautiful woman, a master of disguise, a tennis cheat, a twin's suicide, a phantom pregnancy, and an unconventional funeral"," Fiction , General",Little Brown & Co,5.29,May,1985,6515
Building Your House on the Lord: A Firm Foundation for Family Life (Fisherman Bible Studyguide Series),"By Brestin, Dee and Brestin, Steve","Living on Solid GroundMost couples struggle at some point in their relationship with hard questions of marriage and family life, such as, what is God's primary purpose for marriage? What does it mean for a man to be the head of a home? Is divorce ever acceptable? How do we raise children who will love God? What does God have to say about the way we communicate, or about sexual intimacy?Authors Steve and Dee Brestin have wrestled with these questions in their own marriage and have found that God's Word is the only reliable blue-print for marriage and family life. This study will guide you through the encouragement that the Bible gives for those relationships. Jesus told us the storms will come and batter our homes, but if we obey him, our house will stand firm."," Religion , Biblical Studies , Bible Study Guides",Shaw Books,5.39,March,2000,7526
Toujours Provence,"By Mayle, Peter","NATIONAL BESTSELLER Taking up where his beloved A Year in Provence leaves off, Peter  Mayle offers us another funny, beautifully (and deliciously) evocative book about  life in Provence. With tales only one who lives there could know—of finding gold  coins while digging in the garden, of indulging in sumptuous feasts at truck stops—and  with characters introduced with great affection and wit—the gendarme fallen from  grace, the summer visitors ever trying the patience of even the most genial Provençaux,  the straightforward dog ""Boy""—Toujours Provence is a heart-warming portrait of a  place where, if you can't quite ""get away from it all,"" you can surely have a very  good time trying."," Travel , Reference",Vintage,5.29,June,1992,7714
Mrs. Kimble: A Novel,"By Haigh, Jennifer","“Beautiful, devastating and complex.” —Chicago TribuneThe award-winning debut novel from Jennifer Haigh, author of BakerTowers, The Condition, and Faith, tells the story of Birdie, Joan,and Dinah, three women who marry the same charismatic, predatory, and enigmaticopportunist: Ken Kimble. Resonating with emotional intensity and narrativeinnovation reminiscent of Ann Patchett’s Bel Canto, Barbara Kingsolver’s The Poisonwood Bible, and Zora Neale Hurston’s TheirEyes Were Watching God, Haigh’s Mrs. Kimble is a timeless story ofgrief, passion, heartache, deception, and the complex riddle of love."," Fiction , General",Harper Perennial,6.36,January,2004,8371
Hot Tips for Teachers: A collection of classroom management ideas,"By Harrison, Ann Salisbury","More than 700 tips on making new kids feel welcome, assigning tasks, establishing new policies, and more."," Education , Classroom Management",Frank Schaffer,5.29,September,2001,8383
Beyond the Waves,"By Marek, Elizabeth","Reeling over the loss of her beloved daughter and on the verge of destroying her relationship with her husband and surviving son, psychologist Abby Cohen gets the chance to turn her life around when she meets twelve-year-old Miranda, a disturbed, terrified, mute, and lonely young girl. Original."," Fiction , Family Life",NAL Trade,5.29,November,2004,8448
The Truman- MacArthur Controversy and the Korean War,"By Spanier, John W.","Professor John W. Spanier examines the central issue of this crisis--the grave challenge to the traditional concept of civilian supremacy, resting in the President of the United States, over the military, that was posed by MacArthur's stand. He makes it clear that this controversy was not unique, that it stemmed not only from MacArthur's personality but also from tremendous pressures to change a ""limited war"" into a total effort for complete victory."," History , General",W. W. Norton & Company,12.12,February,1965,8524
Access Nashville & Memphis,"By McGraw, Marjie","The 20 detailed neighborhood maps in this guide will help you immediately locate the hotels, restaurants, shops and sights of Nashville and Memphis."," Travel , United States , South , East South Central (AL, KY, MS, TN)",Access Pr,5.29,March,2000,8593
Essential Genetics,"By Hartl, Daniel L. and Jones, Elizabeth W.","This textbook is designed for an introductory one-semester or one-quarter course in genetics.  The learning objectives are to understand the basic processes of gene transmission, mutation, expression, and regulation; to learn to formulate genetic hypotheses; to develop basic skills in problem solving; and to gain some sense of the social and historical context in which genetics has developed. Annotation c. by Book News, Inc., Portland, Or."," Science , Life Sciences , Genetics & Genomics",Jones & Bartlett Pub,7.75,November,1998,8717
The Dig,"By Foster, Alan Dean and Clark, Sean","Astronaut Boston Low was once NASA's best shuttle pilot. Now he's left the politicking of the space program behind, preferring to spend his time thinking, dreaming and feeding seagulls in the mist of San Francisco Bay. That is, until a mile-wide asteroid suddenly appears in orbit around Earth. Scientists know that a collision - and vast destruction - is imminent. They call on Low to return to space and nudge the menacing new moon into stable orbit, out of harm's way.It's a mission that leads to an incredible adventure. When Low, prizewinning journalist Maggie Robbins and scientific genius Ludger Brink investigate the asteroid's surface, they turn a key to an anomaly - and are hurtled into a time and place of revelation, mystery and danger: the planet Cocytus."," Fiction , Science Fiction , General",Grand Central Pub,5.29,February,1996,9068
The Work of Nations: Preparing Ourselves for 21st Century Capitalism,"By Reich, Robert B.","There is no longer such a thing as an American economy, say Robert Reich at the beginning of this brilliant book.  What does it mean to be a nation when money, goods, and services know no borders?  What skills will be the most valuable in the coming century? And how can our country best ensure that all its citizen have a share in the new global economy?  Robert B. Reich, the widely respected and bestselling author of The Next American Frontier and The Resurgent Liberal, defines the real challenge facing the United States in the 21st century in this trail-blazing book.  Original, readable, and vastly informed, The Work of Nations is certain to set a standard for the next generation of policy-makers."," Political Science , Globalization",Vintage,5.29,February,1992,9098
J. K. Rowling: The Wizard Behind Harry Potter,"By Shapiro, Marc","Celebrates the life and work of J.K. Rowling, and provides answers to such questions as where did the name ""Harry Potter"" come from, what was J.K. Rowling like as a child, and who were some of her favorite authors."," Juvenile Nonfiction , Reference , General",St. Martin's Griffin,5.29,August,2000,9151
Hidden Riches,"By Roberts, Nora","#1 New York Times bestselling author Nora Roberts unveils the intriguing world of antiques dealing, where an independent woman discovers the price of breathless desire—and the schemes of an obsessed killer…  Dora Conroy has a passion for antiques—and any other rarities she can acquire for her quaint Philadelphia shop. A seasoned dealer, she knows all the tricks of the trade. But she is unprepared for the deadly consequences when she purchases a few curiosities at an auction—and unknowingly brings home a priceless cache that makes her the target of an international criminal. Entwined in a reckless chase, Dora turns to her new neighbor, Jed Skimmerhorn, a cop who’s turned in his badge—and whose desire for lovely Dora puts him back in the line of fire. Fighting their attraction while falling in love, they find that hidden riches can have a most ordinary façade. And that possession can be a lethal obsession…"," Fiction , Romance , Contemporary",Berkley,5.29,July,2004,9526
Rediscovering American Values: The Foundations of our Freedom for the 21st Century,"By Devos, Dick","A compassionate celebration of such traditional ideals as fairness, honesty, humility, service, and leadership shows them to be alive and well and explains how they can be incorporated into one's personal and professional life. 40,000 first printing. Tour."," Philosophy , Ethics & Moral Philosophy",Dutton Adult,4.99,September,1997,10057
"Herbal Treasures: Inspiring Month-by-Month Projects for Gardening, Cooking, and Crafts","By Shaudys, Phyllis V.","Explores the world of herbs for gardeners, cooks, and craftspeople, sharing a vast array of creative projects, as well as extensive reference materials"," Gardening , General","Storey Publishing, LLC",10.99,January,1990,10208
Ten Indians: A novel,"By Bell, Madison Smartt and Mehta, Sonny (EDT)","Mike Devlin's life has leveled out onto a predictable plateau: he and his wife and daughter live in a large, suburban home where his days are comfortable and routine; his psychiatric practice is well-established. But when he opens a Tae Kwon Do school in a black, inner-city Baltimore neighborhood, Devlin becomes the ultimate stranger: not merely by virtue of his race, but by the facts of his life, which leave him feeling ghostly and ungrounded for all the privilege and solidity they represent.An inner voice - ""I cannot do nothing"" - has compelled Devlin into a world whose desperation and harshness he can only guess at. But the brutality of the streets and a series of violent deaths and deadly misunderstandings shock him into seeing how limited his influence has been.In a complex, fast-paced narrative, several richly nuanced voices weave a powerful, deeply effecting story of possibility - hopeful and dangerous - between people whose connection is often defined only by its impossibility."," Fiction , Literary",Pantheon,5.43,October,1996,10246
Timeline Book of the Arts,"By Ochoa, George and Corey, Melinda","When did Michelangelo take his brush to the Sistine Chapel? When did the first pyramid grace the Egyptian desert? Who were the subjects of Shakespeare's love sonnets? When did Bach complete his baroque masterpiece, the ""Brandenburg Concertos""? When and why did New York City's Broadway become known as ""The Great White Way""? What year did the blockbuster Star Wars splash onto movie screens? The Timeline Book Of The Arts answers these and thousands of other intriguing questions, pinpointing the time of each artistic milestone, describing its significance, and relating it to other creative events throughout the ages. Fun and informative, The Timeline Book Of The Arts makes the history of the arts totally accessible to all readers.-- Thousands of chronological entries documenting techniques, personalities, ideas, and disputes, and how they influenced the evolution of the arts-- Fascinating quotations and lively sidebars capturing the human side of the arts -- the humor, wit, politics, and passion-- Comprehensive coverage of the developments in all major artistic fields, including architecture, sculpture, painting, music, literature, photography, dance, drama, graphics and design, film, television, and radio-- Vivid photographs illustrating great masterpieces and creative turning points in the history of artFrom the first primitive engravings carved in stone 45,000 years ago to the last moving images of the hit movie Schindler's List, The Timeline Book Of The Arts chronicles the world's major works of art and the creative genius behind them."," Art , General",Ballantine Books,5.29,February,1995,10319
The Last Voyage of the Lusitania,"By Hoehling, A. A., Hoehling, Mary, and Hoehing, A. A.","Reconstructed from hundreds of survivors' accounts and naval documents and with a new preface that puts to rest several theories about the cargo of the fated ship, The Last Voyage of the Lusitania chronicles one of the greatest sea tragedies of all time. Though it took only eighteen minutes for the Lusitania to sink, this event changed the course of world history by bringing America into the First World War. A new generation of readers interested in American history will welcome this updated edition of the Hoehlings' classic account of the Lusitania."," History , Military , World War I",Madison Books,4.99,November,1996,10601
"Mayo Clinic On Prostate Health: Answers from the World-Renowned Mayo Clinic on Prostate Inflammation, Enlargement, Cancer (Mayo Clinic on Health)","By Barrett, David M. (EDT)","A guide to preventing and treating all forms of prostate disease uses accessible language to reveal the risk factors, the most accurate tests, treatment options, nutritional supplements and herbs, and at-home therapies. Original."," Medical , Oncology , General",Mayo Foundation /Kensington Pub,5.29,March,2000,10634
Value Judgments,"By Goodman, Ellen","In Value Judgments, Ellen Goodman takes the measure of contemporary American life with the originality, common sense, and humane insight that have made her one of our most trusted and admired commentators. This book collects more than 120 of the best pieces from Goodman's renowned column, revealing her striking mind and sharp wit as she applies them to a range of topics as broad as America itself. Her enduring subject, she tells us in the book's introduction, is ""the world as we experience it, a place where life spills over the retaining walls"" - and whether she is reflecting on the abortion wars, the changing roles of men and women, or the tensions and consolations of marriage and family life, her distinctive blend of cool reasonableness and sudden intuition strikes the reader again and again as the voice of our common wisdom. In everything she writes, Goodman is in search of our values, our ""ethics and standards, the qualities in life that mean the most to us. The things that matter."" Always genuine, continually provocative, surprising, and beguiling, Value Judgments leaves the reader with a refreshed and deepened understanding of the complex world that is ours."," Political Science , General",Farrar Straus Giroux,5.0,October,1993,10676
Strange Justice: The Selling of Clarence Thomas,"By Mayer, Jane and Abramson, Jill","After almost three years of intensive research, two superb journalists shed much light on the explosive issues that arose during the confirmation hearings: Did Thomas indeed harass Hill? How did Hill's allegations leak to the press? Why was the Senate Judiciary Committee unable to solve the mysteries surrounding the case?But as Jane Mayer and Jill Abramson show, the story of Thomas's ascension to the Court goes far beyond what emerged during the hearings. Over the course of their investigation, the authors conducted hundreds of interviews - including the first on-the-record interview with Anita Hill about her role in the controversy - and uncovered many documents that were never shared with the public. For the first time, we learn about Thomas's ten-year campaign for the high court and the doubts about him that haunted the White House from the start. We see the profound cynicism behind the administration's campaign for Thomas: its canny manipulation of the weak and scandal-ridden Senate, its quiet collaboration with the religious right, its calculated creation of ""grassroots"" black support. In the end, we learn the truth about who Clarence Thomas and Anita Hill really are and how both were treated unfairly by Washington's establishment."," Law , General",Houghton Mifflin Harcourt,5.7,October,1994,10750
Southern Heritage Company's Coming Cookbook (The Southern Heritage Cookbook Library),By Southern Heritage (COR),"Provides traditional Southern recipes for holiday meals, luncheons and parties and includes foods eaten by the Shakers, Moravians, Mexicans, and American Indians in the South"," Cooking , General",Oxmoor House,5.35,July,1983,11722
Liturgical Foundations of Social Policy in the Catholic & Jewish Traditions,"By Polish, Daniel F. and Fisher, Eugene J.",,,Notre Dame/London: Univ. of Notre Dame Pr. c,5.9,January,1983,11773
Dog People: Writers and Artists on Canine Companionship,"By Rosen, Michael J. (EDT), Butler, Amy (ILT), and Butler, David (ILT)","As Edward Albee puts it in this timeless collection of pieces about dogs, there are ""those of us who feel incomplete withoutt the company of a dog or two."" Those same people will feel incomplete without this book, now in paperback. Along with portraits of dogs are ruminations by such dog-devoted authors as Anne Beattie, Nancy Friday, and Jane Smiley. Daniel Pinkwater describes the joys of strolling with his ever-willing-to-walk dog and Danny Shanahan explains ""how to read your dog,"" complete with sketches. These, together with the work of forty artists, including William Wegman's photographs of famous Fay and Jamie Wyeth's dog paintings, give voice and image to the powerful, undiluted emotions that human beings experience when dogs are among them."," Pets , Dogs , General",Artisan,10.99,January,1995,11830
Beer-Can Chicken: And 74 Other Offbeat Recipes for the Grill,"By Raichlen, Steven and Lambrenos, Jim (ILT)","Chicken on a beer can? You bet! When Steven Raichlen, America's barbecue guru, says it's the best grilled chicken he's ever tasted, cooks stop and listen.  An essential addition to every grill jockey's library, Beer-Can Chicken presents 75 must-try beer-can variations and other offbeat recipes for the grill. Recipes such as Saigon Chicken with Lacquered Skin and Spicy Peanut Sauce, Root Beer Game Hens, Beer-Can Turkey (uses the 32-ounce Foster's), Stoned Chicken (it's grilled under a brick), Dirty Steak, Fish on a Board (Salmon with Brown Sugar Glaze), Mussels Eclade-grilled under pine needles, Grilled Eggs, Wacky Rumaki, Rotisseried Garlic Rolls-even Grilled Yellow Pepper Soup will have your mouth-watering. Whether on a can, on a stick, under a brick, in a leaf, on a plank, or in the embers, each grilling technique is explained in easy-to-follow steps, with recipes that guarantee no matter how crazy the technique, the results are always outstanding. So pop a cold one and have fun."," Cooking , Methods , Outdoor",Workman Publishing Company,4.99,May,2002,11845
The Great Gatsby,"By Fitzgerald, F. Scott and Bruccoli, Matthew Joseph","This is the definitive, textually accurate edition of a classic of twentieth-century literature, The Great Gatsby. The story of the fabulously wealthy Jay Gatsby and his love for the beautiful Daisy Buchanan has been acclaimed by generations of readers. But the first edition contained a number of errors resulting from Fitzgerald's extensive revisions and a rushed production schedule. Subsequent printings introduced further departures from the author's words. This edition, based on the Cambridge critical text, restores all the language of Fitzgerald's masterpiece. Drawing on the manuscript and surviving proofs of the novel, along with Fitzgerald's later revisions and corrections, this is the authorized text -- The Great Gatsby as Fitzgerald intended it."," Computers , Computer Science",Scribner,5.29,June,1995,11888
"Foundations of Early Modern Europe, 1460 - 1559",By Eugene F. Rice Jr.,,,W. W. Norton and Company,4.89,January,1970,11994
Long Time No See: A Novel,"By Isaacs, Susan","She's back! After more than two decades, Judith Singer, the heroine of Compromising Positions, returns in a rollicking new novel sure to delight Susan Isaacs's millions of readers Some twenty years after COMPROMISING POSITIONS, Judith Singer again gets involved in murder and mayhem when, on an ""…unseasonably warm Halloween night, fair-haired and dimpled Courtney Logan, age thirty-four, magna cum laude graduate of Princeton, erstwhile investment banker at Patton Giddings, wife of darkly handsome Greg, mother of five-year-old Travis, canner of spiced pears, collector of vintage petit point, and ex-president of Citizens for a More Beautiful Shorehaven vanished from Long Island into thin air.""Judith's life has changed. She now has her doctorate in history. Half her ""working hours are spent at the Shorehaven Public Library as head of its oral history project. (The other half are spent at St. Elizabeth's College, mostly squandered in history department shriek-fests. I am an adjunct professor at this alleged institution of higher learning, a formerly all-female, formerly nun-run, formerly first-rate school across the county border in the New York City borough of Queens. )"" She is also a widow. Her husband Bob, ""the king of crudités, flat of belly and firm of thigh, a man given to barely suppressed sighs of disappointment whenever he saw me accepting a dessert menu from a waiter (which, okay, I admit I never declined), died at age fifty-five, one half-day after triumphantly finishing the New York City Marathon in four hours and twelve minutes."" And although twenty years have passed without seeing him, she still cannot get her former lover, Nelson Sharpe of the Nassau County Police Department, out of her system.Naturally, all eyes turn toward Courtney's husband, Greg Logan, son of Long Island mobster Philip ""Fat Phil"" Lowenstein. But since there is no body, there is no arrest. Then in the not-so-merry month of May, Judith comes home from work, turns on the radio, and hears Mack Dooley, the Logan's pool man telling WCBS radio: ""Like, this morning, about eleven, I'm taking off the Logan's pool cover with this kid who works for me-you know, pump it out, acid-wash it, get it ready, and-"" The reporter did attempt a question, but Dooley kept going. ""So listen. The cover's fine, tied down real tight like I left it in the middle of September when I closed them up. The kid and I are kind of rolling it back and I see something. I say, Holy-You know how big raccoons can get? Except for the life of me I can't figure out how even a raccoon could work its way under that cover. Well, that second I see you know, it's a body! Jeez. Believe it or not, I'm still shaking. "" Now it's officially homicide. And Judith comes alive!She offers her services to the police chief 's suspect, Greg Logan, but he shows her the door, thinking her just another neighborhood nut. However, one night, as she's unpacking groceries, she gets a surprise visit from Fat Phil…"," Fiction , Mystery & Detective , Women Sleuths",Harper,4.99,September,2001,12102
Stud: Adventures in Breeding,"By Conley, Kevin","Sex. Money. Horses. Every year, on Valentine's Day, the great Thoroughbred farms open their breeding sheds and begin their primary business. For the next one hundred and fifty days, the cries of stallions and the vigorous encouragement of their handlers echo through breeding country, from the gentle hills of Kentucky to the rich valleys of California. Stud takes us into this strange and seductive world of horse breeding. We meet the world's leading sire, Storm Cat, the Triple Crown winner, Seattle Slew, and a nearly unmanageable colt, Devil Begone, who has found peace and prosperity on the banks of the Rio Grande servicing desert mares like Patty O'Furniture. Cheap stud, top stud, old stud, wild stud, from the Hall of Fame horse to the harem stallion with his feral herd, Stud looks at intimate acts in idyllic settings and the billion-dollar business behind them."," Sports & Recreation , Horse Racing",Bloomsbury USA,4.99,April,2003,12178
3-D Planet: The World As Seen Through Stereograms,"By Kunoh, Hiroshi and Takaoki, Eiji","Combining computer graphics technology with beautiful natural landscapes, stereograms allow viewers to experience realism, depth, clarity, and perspective through a pattern of dots and color fields that cause three-dimensional shapes to leap from the page. 50,000 first printing. IP."," Art , General",Cadence Books,4.99,November,1994,12260
"The Encyclopedia of Homemade Dips: The Complete Guide to Creating 100 Spreads, Fondues, and Dips","By Stock, Dawn","An ultimate recipe book for fans of spreads, fondues, salsas, and dips presents a variety of hot and cold ideas that range from sweet to savory, and includes easy-to-follow instructions for everything from Tomato and Basil dip to Hummus and Tahini."," Cooking , Reference",Courage Books,5.29,October,1996,12272
Riven Rock,"By Boyle, T. Coraghessan","Geneva, 1904 - Newlyweds Katherine Dexter and Stanley McCormick stand for their picture on the grounds of Prangins, Katherine's chateau in Switzerland. She is twenty-nine, the first female graduate in the sciences of M.I.T. and a leader in the budding Women's Movement. He is the youngest son of Cyrus and Nettie McCormick, reluctant heir to a fortune built on the Reaper. Socialite and millionaire, they are the match of the year - and they seem to have fallen in love."," Fiction , Literary",The Viking Press,8.79,February,1998,12294
"Do Bears Give Bear Hugs?: Library of First Questions and Answers About Animals (First Questions and Answers, No 6)",By Fqa,"Answers a variety of questions about animals, such as why tigers have stripes, why kangaroos have pockets, and why giraffes are so tall"," Science , General",Time Life Education,5.29,March,1994,12505
The Best American Short Stories 1997: Selected from U.s. and Canadian Magazines,"By Kenison, Katrina (EDT), Proulx, Annie (EDT), and Wideman, John Edgar (EDT)","The preeminent short fiction series since 1915, The Best American Short Stories is the only annual that offers the finest works chosen by a distinguished best-selling guest editor. This year, E. Annie Proulx's selection includes dazzling stories by Tobias Wolff, Donald Hall, Cynthia Ozick, Robert Stone, Junot D'az, and T. C. Boyle as well as an array of stunning new talent. In her introduction, Proulx writes that beyond their strength and vigor, these stories achieve ""a certain intangible feel for the depth of human experience, not uncommonly expressed through a kind of dry humor."" As ever, this year's volume surprises and rewards."," Literary Collections , American , General",Mariner Books,5.29,November,1997,12550
Merry Christmas Mom and Dad (A Golden Look-Look Book),"By Mayer, Mercer and Mayer, Mercer (ILT)","Mercer Mayer’s Little Critter is getting ready for Christmas in this classic, funny, and heartwarming book. Whether he’s making wreaths, eating gingerbread cookies, or putting the star on the top of the tree, both parents and children alike will relate to this beloved story. A perfect way to celebrate the holiday season!"," Juvenile Fiction , Holidays & Celebrations , Christmas & Advent",Random House Books for Young Readers,8.79,September,1999,12627
Annuals,"By Walheim, Lance","Illustrates and offers information on over one hundred different annuals, with tips on planting, watering, fertilizing, and pest control"," Gardening , Flowers , Annuals",Sunset Pub Co,5.29,January,1992,12827
Horses Make a Landscape Look More Beautiful,"By Walker, Alice","Alice Walker has always turned to poetry to express some of her most personal and deeply felt concerns. She has said that her poems-even the happy ones-emerge from an accumulation of sadness, when she stands again “in the sunlight.” “[This collection] has two fine strengths-a music that comes along sometimes, as sad and cheery as a lonely woman’s whistling-and Miss Walker’s own tragicomic gifts” (New York Times Book Review)."," Poetry , American , General",Mariner Books,5.29,January,1986,12920
The White Zone (A Viking Novel of Mystery and Suspense),"By Corrington, John William and Corrington, Joyce","New Orleans homicide detective Rat Trapp is summoned to Los Angeles by an old flame, Camille Bynum, only to become caught up in the investigation of her murder, a crime whose roots lie in the era of Hollywood blacklisting"," Fiction , Mystery & Detective , General",Viking Adult,13.89,November,1990,13020
A Lawyer's Journey: The Morris Dees Story (ABA Biography Series),"By Dees, Morris and Fiffer, Steve",This book dramatically chronicles the significant events that led Morris Dees to the front lines of the civil rights struggle and his ongoing crusade against hate groups.This is the story of the courageous and often lonely journey of a skilled and controversial trail lawyer whose career has paralleled a nation's struggle to ensure freedom and equality for all its citizens.," Biography & Autobiography , Lawyers & Judges",American Bar Association,4.89,June,2003,13692
Achilles' Choice,"By Barnes, Steven, Niven, Larry, and Vallejo, Boris","Getting the ""Boost"" to win Olympic gold and a voice in ruling the twenty-first-century world may not be worth the risk, but Jillian must try when humanity's future is at stake"," Fiction , General",Tor Books,5.29,March,1991,14124
Jane Eyre (Treasury of Illustrated Classics),"By Bronte, Charlotte (EDT), Thomson, Sara, and Lauter, Richard (ILT)","In early nineteenth-century England, an orphaned young woman accepts employment as a governess at Thornfield Hall, a country estate owned by the mysteriously remote Mr. Rochester."," Juvenile Fiction , Classics",Modern Publishing,4.99,July,2004,14442
Time's Witness,"By Malone, Michael","Cuddy Mangum, police chief of Hillston, North Carolina, reopens a ten-year-old murder case that involves important politicians and police corruption"," Fiction , General",Little Brown & Co,4.99,March,1989,14499
Foundations of modern sociology (Prentice-Hall foundations of modern sociology series),"By Spencer, Metta",,,Prentice Hall,9.89,January,1979,14803
A Place to Dream,"By Blackman, Lynne and Corey, Kathy","Explores the wisdom and mystery of dreams, examines the connection between sleep and health, and presents instructions for making Native American dream catchers, catnip tea, crystal healing candles, and sensual potpourri"," Body, Mind & Spirit , General",Warner Treasures,5.29,October,1997,14899
"Bernice Chesler's Bed & Breakfast in the Mid-Atlantic States: Fifth Edition--Delaware, Maryland, New Jersey, New York, North Carolina, Pennsylvania, ... AND BREAKFAST IN THE MID-ATLANTIC STATES)","By Chesler, Bernice","The most comprehensive, best-selling guide to mid-Atlantic bed and breakfasts, with yearly sales of 18,000 copies, is now fully updates in this fifth edition. Including over 450 inns, Bernice Chesler's Bed and Breakfast in the Mid-Atlantic States provides all the information needed for planning a memorable overnight or extended stay. Each entry details room sizes and rates, breakfast times and suggested menus, amenities and attractions, and architecture and decor, along with host profiles and comments from past guests. This definitive volume sets the standard for bed-and-breakfast guides."," Travel , Food, Lodging & Transportation , Bed & Breakfast",Chronicle Books,5.88,April,1997,15040
Burger's Daughter,"By Gordimer, Nadine","This is the moving story of the unforgettable Rosa Burger, a young woman from South Africa cast in the mold of a revolutionary tradition. Rosa tries to uphold her heritage handed on by martyred parents while still carving out a sense of self. Although it is wholly of today, Burger's Daughter can be compared to those 19th century Russian classics that make a certain time and place come alive, and yet stand as universal celebrations of the human spirit. Nadine Gordimer, winner of the 1991 Nobel Prize in Literature, was born and lives in South Africa."," Fiction , Political",Penguin Books,4.99,November,1980,15321
The Spy-masters of Israel - The Definitive Account of the Intelligence Chiefs Who Helped Shape the Destiny of a Nation,"By Steven, Stewart","An inside look at Israel's intelligence service by an English journalist depicts the many successful and some not so successful top-secret operations, including the theft of fifty French Mirages III and Ben Gurion's wire-tapping activities"," Political Science , General",Scribner,5.82,January,1981,15346
Associated Press Stylebook And Libel Manual: Sixth Trade Edition,"By Associated Press (COR) and Goldstein, Norm (EDT)","In this style manual, more than 5,000 entries clarify the AP's rules on grammar, spelling, punctuation and usage, with extra sections about reporting business and sports. The AP Stylebook contains knowledge all journalists need to write about the world today: the correct names of countries and organizations, language to avoid, when to use brand names. This edition includes crucial advice on how writers can guard against libel and a guide to journalistic copyright and fair use."," Language Arts & Disciplines , Journalism",Basic Books,6.24,June,1996,15760
Good Grief,"By Winston, Lolly","In this ""funny, fresh, and utterly believable"" New York Times bestseller, a young woman struggles to build a new life after the death of her husband (Publishers Weekly). 36-year-old Sophie Stanton loses her young husband to cancer. In an age where women are expected to be high-achievers, Sophie desperately wants to be a good widow -- a graceful, composed Jackie Kennedy kind of widow. Alas, Sophie is more of a Jack Daniels kind. Downing cartons of ice cream for breakfast, breaking down in the produce section of supermarkets, showing up to work in her bathrobe and bunny slippers. Soon, she's not only lost her husband, but her job and her waistline as well. In a desperate attempt to reinvent her life, Sophie moves to Ashland, Oregon. But instead of the way it's depicted in the movies, with a rugged Sam Shepherd kind of guy finding her, Sophie finds herself in the middle of Lucy-and-Ethel madcap adventures with a darkly comic edge. Still, Sophie proves that with enough humor and chutzpah, it is possible to have life after loss."," Fiction , Literary",Grand Central Publishing,5.29,April,2005,16046
First Among Equals: The Supreme Court in American Life,"By Starr, Kenneth W.","Today's United States Supreme Court consists of nine intriguingly varied justices and one overwhelming contradiction: Compared to its revolutionary predecessor, the Rehnquist Court appears deceptively passive, yet it stands as dramatically ready to defy convention as the Warren Court of the 1950s and 60s. Now Kenneth W. Starr-who served as clerk for one chief justice, argued twenty-five cases as solicitor general before the Supreme Court, and is widely regarded as one of the nation's most distinguished practitioners of constitutional law-offers us an incisive and unprecedented look at the paradoxes, the power, and the people of the highest court in the land. In FIRST AMONG EQUALS Ken Starr traces the evolution of the Supreme Court from its beginnings, examines major Court decisions of the past three decades, and uncovers the sometimes surprising continuity between the precedent-shattering Warren Court and its successors under Burger and Rehnquist. He shows us, as no other author ever has, the very human justices who shape our law, from Sandra Day O'Connor, the Court's most pivotal-and perhaps most powerful-player, to Clarence Thomas, its most original thinker. And he explores the present Court's evolution into a lawyerly tribunal dedicated to balance and consensus on the one hand, and zealous debate on hotly contested issues of social policy on the other. * On race, the Court overturned affirmative action and held firm to an undeviating color-blind standard. * On executive privilege, the Court rebuffed three presidents, both Republican and Democrat, who fought to increase their power at the expense of rival branches of government. * On the 2000 presidential election, the Court prevented what it deemed a runaway Florida court from riding roughshod over state law-illustrating how in our system of government, the Supreme Court is truly the first among equals. Compelling and supremely readable, FIRST AMONG EQUALS sheds new light on the most frequently misunderstood legal pillar of American life."," Law , Courts",Grand Central Publishing,19.96,October,2002,17153
The Wave,"By Mosley, Walter","Errol Porter is awakened by a strange prank caller, one who asks for him by name and claims to be his father. But Errol's father has been dead for years. Late one night, curious and a little unnerved, Errol sneaks into the graveyard where his father is buried. The man he finds there will change his life.Soon Errol's on the run from mad scientists and homeland security death squads, and befriended by creatures that are the stuff of nightmares. Plunging into a series of stunning revelations, he must uncover the hidden tragedy of his family's past and penetrate the depths of an earth-shaking, ancient enigma to determine the fate of the entire world."," Fiction , Science Fiction , General",Aspect,5.29,January,2006,17248
AFTER COLUMBUS - The Smithsonian Chronicle of the North American Indians,"By Viola, Herman J.","Spans more than 500 years of Native American history, tradition, and cultural exchange, and discusses the impact of European exploration and colonization on Indian culture and society"," History , United States , General",Smithsonian,10.0,August,1992,17462
A Bigamist's Daughter,"By McDermott, Alice","Elizabeth Connelly sits in a New York office that looks like a real editor’s, but isn’t quite. Employed at a vanity press, Elizabeth watches the real world—of real struggles, passion, pain, and love—spin around her. Until one day, a young writer comes to her with a novel about a man who loves more than one woman at once. And suddenly Elizabeth will be awakened from her young urban professional slumber—by a man’s real touch, by a real story in search of an ending, by the unraveling of the greatest masquerade of all—in Alice McDermott’s luminous novel of memory, revelation, and desire."," Fiction , Humorous",Dial Press Trade Paperback,5.29,January,1999,17647
"Harry Potter, You're the Best!: A Tribute from Fans the World Over","By Moore, Sharon (EDT)","After St. Martin's published We Love Harry Potter! We'll tell you why we got hundreds of letters from fans around the world who wanted to offer their thoughts about the books they love. Their fertile imaginations have led them to share their creative takes on Harry: their opinions about the plots and characters, their wishes for the next book and the upcoming, highly ancipated movie version, their ideas for playing Harry, Ron, Hermione, and all their other favorite characters, and much more! The collected letters are a delightful testament to how widespread and beloved the Harry Potter phenomenon has become."," Juvenile Fiction , Fantasy & Magic",St. Martin's Griffin,4.99,August,2001,17733
The Common Thread: Mothers and Daughters: The Bond We Never Outgrow,"By Manning, Martha","No relationship is more fulfilling, infuriating, emotional, and problematic than that of mother and daughter. Now, in a work filled with truth, surprises, and humor, renowned psychologist and author Martha Manning offers mothers and daughters of all ages a new way to understand each other. Challenging the accepted premise that this powerful bond must be severed for emotional growth, Manning shows us why this precious attachment is never outgrown, how, if it is damaged, it can be healed, and what will enrich this lifelong commitment while fostering essential independence. The key is empathy, and Manning provides potent tools to help us build stronger ties and celebrate the crazy twists, joys, and secrets inherent in this most glorious of life connections.Combining personal experiences and scrupulous research, The Common Thread helps each of us develop a mutually empowering relationship -- and laugh, too -- as we more deeply connect with and appreciate the mother or daughter we love."," Family & Relationships , Parenting , Parent & Adult Child",William Morrow Paperbacks,5.29,April,2003,17758
Righteous: Dispatches from the Evangelical Youth Movement,"By Sandler, Lauren","In this book, Lauren Sandler reports from the junction of Evangelicalism and youth culture, traveling across the country to investigate the alternative Christian explosion. Secular, liberal, and practically the embodiment of everything Evangelicalism deems unholy, Sandler travels with skateboard missionaries, hangs out with the tattooed members of a postpunk Seattle mega-church that has evolved into a self-sufficient community, camps out with a rock 'n' roll antiabortion group, and gets to know the rap preachers who are merging hip-hop's love of money with old-fashioned Bible-beating fundamentalism. Much more than a mere observer, she connects with these young people on an intimate level, and the candor with which they reveal themselves to her is truly astonishing. This is the first in-depth front-line exploration of the country's new moral majority - dressed up in punk-rock garb - and what its influence could mean for the future of America."," Religion , Christian Education , Children & Youth",Viking Adult,5.29,September,2006,17800
The Foundation Center's Guide to Proposal Writing,"By Geever, Jane C., McNeill, Patricia, and Foundation Center (COR)","Walks the novice and experienced through the steps of writing a grant proposal, from the proposal planning, through the writing itself, to the post-grant follow up. Gives a lot of attention to researching, contacting, and cultivating potential sources of funds; and what grantors look for in a proposal. Includes many examples. No index. Annotation copyright Book News, Inc. Portland, Or.",,Foundation Center,4.99,July,1993,17957
A Time for Anger: The Myth of Neutrality,"By Schaeffer, Franky","Argues that American society is dominated by an anti-Christian, pagan culture and suggests that the government should not take neutral stands on moral issues"," Social Science , General",Crossway Books,4.99,September,1982,17993
"Boy Genius: Karl Rove, the Brains Behind the Remarkable Political Triumph of George W. Bush","By Dubose, Lou, Reid, Jan, and Cannon, Carl M.","Karl Rove has remade American politics. Even though few Americans know his name, he has been the guiding force behind George W. Bush's march to the White House and the stunning Republican victory in the 2002 midterm elections. In Boy Genius, three veteran political reporters introduce us to the man and his methods. From a rowdy past as a young Republican in Richard Nixon's Washington; to masterminding the defeat of Ann Richards, the popular governor of Texas; to his triumphs on the national stage, Karl Rove has taken no prisoners in his quest to elect his candidates and destroy his rivals. Lou Dubose, Jan Reid, and Carl M. Cannon have written a fascinating, entertaining look at the political life of the Man Who Would Be Kingmaker - and a vivid portrait of how politics is played today."," Biography & Autobiography , Literary",PublicAffairs,5.29,January,2003,18002
Islands in the Street: Gangs and American Urban Society,"By Sánchez-jankowski, Martín","""Vivid, lively, and yet theoretically informed, a triumph of patient and sustained fieldwork. . . . Jankowski presents the gang and its members not as pathological departures from social norms, but as shrewd and resourceful operators.""--Michael Lipsky, Massachusetts Institute of Technology""Islands in the Street fills a wide gap in the literature on gangs. Jankowski's innovative model of gang participation and organization is important and elegant, guaranteeing that this will be the book on gangs for the next ten years, if not longer.""--Ruth Horowitz, University of Delaware"," History , United States , General",University of California Press,4.99,January,1991,18350
The Classical Greeks,"By Grant, Michael","The Golden Age of ancient Greek city-state civilization lasted from 490 to 336 B.C., the period between the first wars against Persia and Carthage and the ascension of Alexander the Great. Never has there been such a multiplication of talents and genius within so limited a period. An astonishing period caught at the height of its powers by an eminent historian. ""Michael Grant never fails to be lively and well informed and he has done more, single-handedly, to blow the dust of the classical world than any comparable populariser.""--Sunday Times. ""Grant is a unique figure among the classical scholars of our time.""--Spectator."," History , Ancient , Greece",Phoenix,5.29,December,2001,18358
Guests of the Ayatollah,"By Bowden, Mark","On November 4, 1979, a group of radical Islamist students, inspired by revolutionary Iranian leader Ayatollah Khomeini, stormed the U.S. embassy in Tehran. They took fifty-two Americans hostage and kept nearly all of them captive 444 days.The Iran hostage crisis was a watershed moment in American history. It was America's first showdown with Islamic fundamentalism, a confrontation at the forefront of American policy to this day. It was also a powerful dramatic story that captivated the American people, launched yellow-ribbon campaigns, made celebrities of the hostage's families, and crippled the reelection campaign of President Jimmy Carter.Mark Bowden tells this sweeping story through the eyes of the hostages, their radical, naïve captors, the soldiers sent on the impossible mission to free them, and the diplomats working to end the crisis. Taking listeners from the Oval Office to the hostages' cells, Guests of the Ayatollah is a remarkably detailed, brilliantly re-created, and suspenseful account of a crisis that gripped and ultimately changed the world. On November 4, 1979, a group of radical Islamist students, inspired by revolutionary Iranian leader Ayatollah Khomeini, stormed the U.S. embassy in Tehran. They took fifty-two Americans hostage and kept nearly all of them captive 444 days.The Iran hostage crisis was a watershed moment in American history. It was America's first showdown with Islamic fundamentalism, a confrontation at the forefront of American policy to this day. It was also a powerful dramatic story that captivated the American people, launched yellow-ribbon campaigns, made celebrities of the hostage's families, and crippled the reelection campaign of President Jimmy Carter.Mark Bowden tells this sweeping story through the eyes of the hostages, their radical, naïve captors, the soldiers sent on the impossible mission to free them, and the diplomats working to end the crisis. Taking listeners from the Oval Office to the hostages' cells, Guests of the Ayatollah is a remarkably detailed, brilliantly re-created, and suspenseful account of a crisis that gripped and ultimately changed the world."," Political Science , Civil Rights",Simon & Schuster Audio,5.19,April,2006,18424
18 Seconds,"By Crouse, Lindsay (NRT) and Shuman, George D.","Investigative consultant Sherry Moore is blind and stunningly beautiful, with the extraordinary ability to ""see"" the deceased's last eighteen seconds of memory by touching the corpse. A head injury at age five left her without sight and prevented her from remembering her past. When Sherry discovers she has the sight, she learns to use her gift to help others solve mysteries that only she can tap into. Serial killer Earl Sykes was never caught for his vicious murders. Instead, a deadly traffic accident landed him in prison. Now almost thirty years later, he returns to the seaside town of Wildwood, New Jersey -- and to abducting young female victims for his gruesome games.Wildwood police lieutenant Kelly O'Shaughnessy is stymied over the disappearance of young women. When an old man's untimely death leads Sherry Moore to Wildwood, O'Shaughnessy's desperation forces her to accept Sherry's help, but not without consequence. As the two women join forces to discover the killer's identity, they unwittingly become the hunted, marching deeper with every step into the monster's lair.A law enforcement veteran himself, George Shuman packs a realistic style and authentic investigative detail into this taunt tale filled with pulse pounding tension that will send listeners right to the edge."," Fiction , Thrillers , Suspense",Simon & Schuster Audio,5.59,March,2006,18446
"Little Women or Meg, Jo, Beth and Amy","By Alcott, Louisa May and Quindlen, Anna","The beautiful 150th anniversary edition of Louisa May Alcott's classic tale of the four March sisters, featuring new illustrations and an introduction by New York Times bestselling author J. Courtney SullivanFor generations, children around the world have come of age with Louisa May Alcott's March girls: hardworking eldest sister Meg, headstrong, impulsive Jo, timid Beth, and precocious Amy. With their father away at war, and their loving mother Marmee working to support the family, the four sisters have to rely on one another for support as they endure the hardships of wartime and poverty. We witness the sisters growing up and figuring out what role each wants to play in the world, and, along the way, join them on countless unforgettable adventures.Readers young and old will fall in love with this beloved classic, at once a lively portrait of nineteenth-century family life and a feminist novel about young women defying society's expectations."," Juvenile Fiction , Classics","Little, Brown Books for Young Readers",5.29,November,1994,18663
CHAUCER AND HIS POETRY: LECTURES DELIVERED IN 1914 ON THE PERCY TURNBULL MEMORIAL FOUNDATION IN THE JOHNS HOPKINS UNIVERSITY,By George Lyman Kittredge,,,Harvard University Press,15.4,January,1915,18960
Prior Convictions,"By Matera, Lia","The betrayals and radicalism of the 1970s come back to haunt Bay Area attorney Willa Jansson when she becomes involved in the machine-gun slaying of Christine Rugieri, a woman who twenty years before had testified against her husband and his extremist cohorts"," Fiction , General",Simon & Schuster,18.3,March,1991,18964
"The Touchstone of Life: Molecular Information, Cell Communication, and the Foundations of Life","By Loewenstein, Werner R.","No one can escape a sense of wonder when looking at an organism from within. From the humblest amoeba to man, from the smallest cell organelle to the amazing human brain, life presents us with example after example of highly ordered cellular matter, precisely organized and shaped to perform coordinated functions. But where does this order spring from? How does a living organism manage to do what nonliving things cannot do--bring forth and maintain all that order against the unrelenting, disordering pressures of the universe?In The Touchstone of Life, world-renowned biophysicist Werner Loewenstein seeks answers to these ancient riddles by applying information theory to recent discoveries in molecular biology. Taking us into a fascinating microscopic world, he lays bare an all-pervading communication network inside and between our cells--a web of extraordinary beauty, where molecular information flows in gracefully interlaced circles. Loewenstein then takes us on an exhilarating journey along that web and we meet its leading actors, the macromolecules, and see how they extract order out of the erratic quantum world; and through the powerful lens of information theory, we are let in on their trick, the most dazzling of magician's acts, whereby they steal form out of formlessness.The Touchstone of Life flashes with fresh insights into the mystery of life. Boldly straddling the line between biology and physics, the book offers a breathtaking view of that hidden world where molecular information turns the wheels of life. Loewenstein makes these complex scientific subjects lucid and fascinating, as he sheds light on the most fundamental aspects of our existence."," Science , Life Sciences , Molecular Biology",Oxford University Press,5.29,December,2000,19019
Working Under Different Rules (A National Bureau of Economic Research project report),"By Freeman, Richard B. (EDT)","For much of the 20th century, American workers were the world's leaders in productivity, wages, and positive workplace conditions. American unions championed free enterprise and high labor standards, and American businesses dominated the world market. But, as editor Richard B. Freeman cautions in Working Under Different Rules, despite our relatively high standard of living we have fallen behind our major trading partners and competitors in providing good jobs at good pay—what was once considered ""the American dream."" Working Under Different Rules assesses the decline in the well-being of American workers—evidenced by spiraling income inequality and stagnant real earnings—and compares our employment and labor conditions with those of Western Europe, Canada, Japan, and Australia. As these original essays demonstrate, the modern U.S. labor market is characterized by a high degree of flexibility, with rapid employee turnover, ongoing creation of new jobs, and decentralized wage setting practices. But closer inspection reveals a troubling flip side to this adaptability in the form of inadequate job training, more frequent layoffs, and increased numbers of workers pushed to the very bottom of the income scale, into the low wage occupations where much of the recent job growth has occurred. While the variety of works councils prevalent throughout the developed world have done much to foster democratic rights and economic protection for employees, the virtually union-free environment emerging in many areas of the private U.S. economy has stripped workers of a strong collective voice. German apprenticeship programs and the Japanese system of ""job rotation"" represent more effective approaches to preparing workers for the changing demands of lifetime employment. In addition, workers in European advanced economies and in Canada have greater social protection than Americans. But while this has some cost in unemployment and higher taxes, carefully designed social safety nets do not seriously jeopardize economic efficiency. Working Under Different Rules is an illuminating analysis of the often complex interaction of market institutions, social policy, and economic results. The authors' up-to-date international assessment of unions, wage setting, apprenticeship programs, welfare support, and works councils suggests alternate ways of training, paying, and empowering workers that, if effectively adapted, could facilitate the growth of a healthier American economy and better prospects for American workers."," Business & Economics , Labor",Russell Sage Foundation,4.99,May,1994,19022
Rudy Giuliani: Emperor of the City,"By Kirtzman, Andrew","For three surreal weeks in the spring of 2000, Rudy Giuliani held the nation in suspense as he agonized over whether to continue in the race for the U.S. Senate against Hillary Clinton.  He'd been diagnosed with cancer; his marriage was crumbling amid reports of an extramarital affair; his wife tearfully lashed out at him in public.  It was an excruciating private crisis played out before a national audience, and by the time Giuliani finally announced his decision in an extraordinary public performance, the world was again captivated by the drama centering around this unusual man.This is the story of Rudy Giuliani's rise to power, from the moment he and a small squad of ex-prosecutors set out to capture New York City's mayoralty in 1989 to the dramatic turning point in his race against the First Lady of the United States.When Giuliani took over as mayor in 1994, New York was slowly sinking into an abyss of deteriorating living conditions:  It was the crime capital of the country, described by Time magazine as ""The Rotting Apple""; it was filthy and dangerous, its streets and terminals overtaken by armies of homeless people.  The city was teetering on the edge of bankruptcy again.  Polls showed most New Yorkers wanted out.The public would soon get a taste of Giuliani's style.  Each week brought a new brawl, with the new mayor egging his adversaries on.  He threw Yasir Arafat out of Lincoln Center and sparked an international incident; he tried to evict the Brooklyn Museum after its directors staged an exhibition he deemed sacrilegious; he battled the Mafia, liberals, and leaders of his own party.  The mayor snarled at the very mention of his critics -- and their numbers seemed to grow by the hour.Some viewed him as a savior; others called him a tyrant.  But by the force of his will and little more, this man with no experience in municipal government ended up changing the face of his city.In this riveting portrait of his mayoralty, Andrew Kirtzman tells the story of Giuliani's zealous crusade to clean up, control, and shape New York City.  Based on interviews with more than two hundred of the mayor's closest aides and fiercest adversaries -- and the author's own experience covering him for eight years -- Rudy Giuliani:  Emperor of the City tells the behind-the-scenes story of his reign.Is Rudy Giuliani a hero, a danger, or both?  What's it worth to be led by a strong man?  How much power are we willing to give one person?  Rudy Giuliani: Emperor of the City offers some answers as it tells the tale of one man's historic rise -- in all its dramatic, outrageous, and ultimately poignant detail."," Biography & Autobiography , Political",WilliamMr,10.99,July,2000,19249
Answering the 8 Cries of the Spirited Child: Strong Children Need Confident Parents,"By Arp, Dave and Arp, Claudia","Besides feeling ready to pull their hair out, parents of spirited children are often convinced that their spirited child would behave better if only Mom or Dad were smarter, wiser or more patient! In their new book on""difficult"" children, child development experts Claudia and David Arp remind readers that there's no such thing as a Super Parent.   Having a spirited child can make parenting more intense and sometimes overwhelming, but you can begin to recognize the eight most common cries for help and what they really mean: ""Look at me!"" ""Did I do good?"" ""You're not listening!"" ""Let me do it my way!"" ""You can't make me anymore!"" ""I hate you!"" ""I can do it myself!"" and ""I am a big kid already!"" The Arps -- with humor, compassion, insights from Scripture, and the latest in research -- show you ways to develop win-win strategies for nurturing your not-so-compliant child. Help just arrived."," Religion , Inspirational",Howard Books,5.29,January,2003,19477
The Piano: A Novel,"By Campion, Jane and Pullinger, Kate","Ada, who has not spoken since she was six-years-old, travels to New Zealand for an arranged marriage, which is immediately strained when her new husband refuses to transport her piano to their home"," Performing Arts , General",Miramax Books,10.99,July,1995,19568
Geography For Fun Projects,"By Kenyon, Tony (ILT) and Robson, Pam","Provides instructions for experiments, projects, puzzles, and other hands-on activities that explore maps, the moving surface of the Earth, rivers and seas, ecosystems, human geography, agriculture, and other geographical topics."," Juvenile Nonfiction , Science & Nature , General",Copper Beech,5.29,February,2001,20244
Somewhere in Ireland A Village is Missing an Idiot,"By Feherty, David","Golf’s multitalented combination of Dave Barry, P.J. O’Rourke, and Rick Reilly, David Feherty is the nation’s funniest and most popular on-screen golf personality. His ""Sidespin"" column is the most popular feature in Golf Magazine, and his first novel, A Nasty Bit of Rough, cracked the New York Times bestseller list. Now, at long last, an omnibus of Feherty’s best nonfiction hilarity. Somewhere in Ireland, A Village is Missing an Idiot is a collection of Feherty’s most popular Golf Magazine columns, intermingled with his most outrageous work from Golfonline.com. As an added bonus, readers will be treated to some notorious pieces from his work at the British publication Golf Monthly. Edited by and with a running commentary by Feherty, and accompanied by some of the priceless letters to the editor from readers across the country and around the globe complaining about Feherty’s perversity, Somewhere in Ireland is the perfect Father’s Day gift for the crankiest duffer in every family."," Sports & Recreation , Golf",Rugged Land,4.99,May,2003,20507
The Arthritis Foundation's Tips for Good Living With Arthritis,By Arthritis Foundation (EDT),," Health & Fitness , Healthy Living",UNKNO,5.29,May,2001,20553
Picasso: Creator and Destroyer,"By Huffington, Arianna","Through numerous interviews with Picasso's intimates, the author penetrates the barriers of the Picasso myth to reveal the struggle between his power to create and his passion to destroy"," Biography & Autobiography , General",Simon & Schuster,8.79,June,1988,20583
How to Stop Heartburn: Simple Ways to Heal Heartburn and Acid Reflux,"By Adamec, Christine A. and Minocha, Anil","Relief at Last for the Millions of Chronic Heartburn SufferersWritten by an internationally recognized expert on digestive diseases, this much-needed book brings relief to the tens of millions who suffer from the pain of severe heartburn almost daily. If you find yourself dependent on antacids, losing sleep, missing work, or canceling plans because of heartburn discomfort, you may be among those who struggle with gastroesophageal reflux disorder, or GERD. The good news is that your condition is treatable----especially in its early stages. Drawing from his extensive experience diagnosing and treating patients, as well as the latest research from around the globe, Dr. Anil Minocha explains the causes of heartburn----and the potentially serious consequences of leaving it untreated. In addition to providing an overview of the problem, Dr. Minocha offers invaluable information on:* The latest treatment options-from nutrition and simple lifestyle changes to drugs, surgery, and alternative remedies* How your diet and weight may be affecting your GERD* The relationship between stress and heartburn* Dealing with GERD during pregnancy, and in infants, children, and the elderly""""An in-depth analysis of how to heal heartburn and acid reflux, a problem that afflicts humans across the lifespan, from infancy to old age. . . . A valuable home reference.""""-Elizabeth D. Tate, F.N.P., M.N., coauthor of Unforgettable Faces: Through the Eyes of a Nurse Practitioner""""Priceless and practical. . . . Easy to read. . . . A must-buy book for all heartburn sufferers.""""-Joel E. Richter, M.D., F.A.C.P., F.A.C.G., Chairman, Department of Gastroenterology, The Cleveland Clinic Foundation"," Medical , Gastroenterology",Wiley,5.29,June,2001,20593
Pride and Prejudice (The World's Classics),"By Austen, Jane",Human foibles and early-nineteenth-century manners are satirized in this romantic tale of country English family life," Fiction , Literary",Oxford University Press,5.29,December,1990,20674
Garfield Takes Up Space: His 20th Book,"By Davis, Jim","Garfield knows what matters in life --- whether he's stealing Jon's dinner, performing for his favorite audience, or simply pondering the vastness of space. And he must be doing sometjing right, because this is his 20th book and he's still going strong. Live it up, Garfield, and take your millions of fans along for the ride!"," Humor , Form , Comic Strips & Cartoons",Ballantine Books,4.99,February,1991,20735
Giving Up the Ghost,"By Sinykin, Sheri","“That’s the first step, you know. Admitting you’re afraid. But when there’s love, there can be no fear.”Davia is afraid of many things, and everything about her elderly great-aunt Mari and her spooky-looking plantation home terrifies her. And when she encounters Emilie, the tortured ghost of a well-to-do adolescent girl from the nineteenth century, she is even more frightened. Davia gradually begins to learn from Aunt Mari secrets about Emilie and about her own family’s past—stories of premature endings and regrets. As Aunt Mari’s health deteriorates, she and Davia become closer. Together, they hope to release Emilie’s spirit from the mansion and the world of the living.Author Sheri Sinykin has written a provocative tale of a young girl who learns to accept uncertainty and to come to terms with her fears. Readers will be mesmerized by the intriguing supernatural mystery that lies at the heart of the story."," Juvenile Fiction , Social Themes , Death, Grief, Bereavement",Peachtree Publishing Company,5.0,October,2007,20738
Jewish Mothers,"By Wolf, Lloyd (EDT), Wolfson, Paula (EDT), and Roiphe, Anne Richardson (FRW)","In this celebration of Jewish women and motherhood, stunning black and white duotones are paired with intimate profiles that evoke the lives of fifty Jewish mothers. Each extraordinary woman featured in this collection shares her powerful insights into the meaning of family, Judaism, love, and community with recollections and observations of Jewish life in America. From rabbis and scholars to activists and artists, these frank and powerful women discuss their views on how to raise a Jewish child in today's world and how they have come to understand their own mothers. A beautiful and inspiring commemoration of Jewish motherhood, Jewish Mothers is the perfect gift for any mother, grandmother, or mother-to-be."," Religion , Judaism , Rituals & Practice",Chronicle Books,8.79,May,2000,20808
"Hard Science, Hard Choices: Facts, Ethics, and Policies Guiding Brain Science Today (Dana Press - Dana Foundation Series on Neuroethics)","By Ackerman, Sandra J.","Advances in neuroscience research are rapidly bringing new and complex issues to the forefront of medical and social ethics, and scholars from diverse fields have been coming together to debate the issues at stake. Acclaimed science writer Sandra Ackerman witnessed one such gathering, and here she skillfully synthesizes those proceedings into a concise presentation of the challenges that neuroscience and neuroethics currently face. Top scholars and scientists in neuroscience and ethics convened at the Library of Congress in Washington, D.C., in May 2005. They included Michael Gazzaniga, director of the Center for Cognitive Neuroscience at Dartmouth College; Marcus Raichle of the Washington University School of Medicine in St. Louis; Harvard University provost Steven Hyman; Judy Illes, cofounder of the Stanford Brain Research Center; University of Virginia bioethicist Jonathan Moreno; Stacey Tovino of the Health Law and Policy Institute at the University of Houston Law Center; and Stanford law professor Hank Greely.  Ackerman weaves the invigorating arguments and discussions among these and other prominent scholars into a seamless and dynamic narrative. She reveals the wide array of issues that have emerged from recent research, including brain imaging, free will and personal responsibility, disease diagnosis and prediction, brain enhancement, and the potential social, political, and legal ramifications of new discoveries. Translating these complex arguments into an engrossing account of neuroethics, she offers a rare view of science—and ethics—in the making."," Science , Philosophy & Social Aspects",Dana Press,5.65,May,2006,20899
A Simple Path,"By Teresa, Mother and Vardey, Lucinda (COM)","Known around the globe for her indefatigable work on behalf of the poor, the sick, and the dying, Mother Teresa has devoted her life to giving hope to the hopeless in more than one hundred and twenty countries. She inspires us all to find a way to translate our spiritual beliefs into action in the world. How has one woman accomplished so much? And what are the guiding principles that have enabled this humble nun to so profoundly effect the lives of millions?Now, in her own words, Mother Teresa shares the thoughts and experiences that have led her to do her extraordinary charitable work. A candid look at her everyday life--at the very simplicity and self-sacrifice that give her the strength to move mountains--A Simple Path gives voice to the remarkable spirit who has dedicated her life to the poorest among us.Just as important as her beliefs are how they are put into action in the world, and A Simple Path also tells the story of the founding of the Missionaries of Charity, their purpose and practice, and the results of their tireless work. Through faith, surrender, and prayer, the missionaries live to serve others; they have improved the lives of countless souls and given dignity to the dying. Their mission has also produced a ripple effect, spreading human compassion to communities where there is need.Through these examples, as well as the uplifting words and guiding prayers of Mother Teresa and those who work with her, everyone can learn how to walk the simple path that Mother Teresa has laid out for us, to help create a truly kinder world for the future.A Simple Path is a unique spiritual guide for Catholics and non-Catholics alike: full of wisdom and hope from the one person who has given us the greatest model of love in action in our time."," Religion , Christian Living , General",Ballantine Books,4.99,October,1995,20954
"Self-Therapy for the Stutterer (Speech Foundation of America, Publication No. 12)",By Malcolm Fraser,,,Speech Foundation of America,4.99,January,1984,20955
Object-Oriented Analysis and Design With Applications,"By Booch, Grady","Intended for anyone who implements or manages object technologies, distinguishes between good and bad object-oriented analysis and design and shows how to evaluate architectural tradeoffs to manage complexity. Presents a new, unified notation that incorporates the best ideas from Booch's notation (of the first edition) and other widely-used methods.  Includes numerous examples of real-world projects, all of which are now implemented in C++. Annotation copyright Book News, Inc. Portland, Or."," Computers , Programming , Object Oriented",Addison-Wesley Professional,10.99,October,1993,21143
"If Life Is a Game, These Are the Rules: Ten Rules for Being Human as Introduced in Chicken Soup for the Soul","By Carter-Scott, Cherie","Learn the rules of life to conquer any challenge, manage unpredictable ups and downs, and become a satisfied and well-adjusted person.We all know the feeling: In the game of life, why am I the only one who doesn't know how to play? But now, help is at hand, because this wonderful little book will teach you the rules so that you can conquer life's challenges and manage its unpredictable ups and downs.For one of her workshops several years ago, Chérie Carter-Scott, a corporate trainer and consultant, composed a list of basic truths about life, which she named ""The Ten Rules for Being Human."" Right away, the Rules resonated with her clients, who photocopied and passed the list to friends and relatives. Within months, Chérie's Rules were in thousands of homes all over the country, and eventually, they were published in Chicken Soup for the Soul and have also appeared in Ann Landers' column. Although there's no formula to help you win the game of life, Chérie's Rules convey a universal wisdom that, once understood and embraced, can contribute to meaningful relationships with ourselves and others, at work and in the home.In If Life Is a Game, These Are the Rules, Chérie shares that there are no mistakes in life, only lessons that are repeated. In thoughtful, inspirational essays illustrated with encouraging personal anecdotes, she includes the lessons that can be learned from each of the Rules and offers insights on self-esteem, respect, acceptance, forgiveness, ethics, compassion, humility, gratitude, and courage. Best of all, Chérie shows that wisdom lies inside each one of us and that by putting the Ten Rules for Being Human into action we can create a more fulfilling life."," Self-help , Personal Growth , General",Harmony,4.99,December,1998,21668
Chicken Soup for Every Mom's Soul: 101 New Stories of Love and Inspiration for Moms of all Ages (Chicken Soup for the Soul),"By Canfield, Jack (COM), Hansen, Mark Victor (COM), Shimoff, Marci (COM), and McNamara, Heather (COM)","An inspiration for moms everywhere!""These stories made my heart smile.""  -Catherine Oxenberg, actressIt will change your life forever.Although you undoubtedly heard those six words many times after announcing that you were expecting, you couldn't have imagined what they really meant. And then the moment came. You held your baby in your arms and felt an outpouring of emotion like you had never known before. And just like they said, nothing was ever the same.Motherhood is a lifelong journey that's as unique as every woman who embarks on it. No other role defines us as deeply and fills us with as much compassion, or tests our strength and patience more extremely! No other relationship fills our hearts with as much love, wonder and awe for another human being.Although motherhood is a timeless calling, today's moms have unique challenges and rewards. In this book you'll learn from other mothers and seasoned grandmothers who share the universal worries, the tears and the laughs that come with the job, as well as the wisdom to help you be the very best mom you can be.These stories are for every mom, whether you're an expectant or an adoptive mom, a stay-at-home or working mom, or a grandmother watching your grandchildren grow. Share this book with any mom to remind her of the profound role she will forever play in her child's life."," Self-help , Spiritual",Hci,5.29,April,2005,22293
The End of Harry Potter?,"By Langford, David","The publication of Harry Potter and the Deathly Hallows, the seventh and final Harry Potter novel, is probably the most eagerly anticipated event in the history of publishing.  Even the smallest hints from author J. K. Rowling about what may happen to Harry and his friends have been major news stories.In The End of Harry Potter?, David Langford—Potter fan and award-winning writer—delves into the many mysteries which remain unsolved.  Is Albus Dumbledore really dead? Whose side is Severus Snape really on? What are the remaining horcruxes, where He Who Shall Not Be Named has stashed his soul? Does Harry bear a part of the Dark Lord's soul in his scar, and is this why he understands Parseltongue?J. K. Rowling is the only person who knows the answers to these questions. But in this highly entertaining book, Langford uses his deep knowledge of the six published Harry Potter novels to explore these and other mysteries, and to present a selection of possible outcomes.Only the publication of Harry Potter and the Deathly Hallows will lay these questions to rest, but in the meantime, fans of the series will find David Langford's book entertaining and thought-provoking, and a perfect way to refresh their memory of the first six books in readiness for the last."," Young Adult Nonfiction , Literary Criticism & Collections",Tor Books,5.29,March,2007,22308
Eyewitness Travel Guide to Rome (Revised),"By Ercoli, Olivia","A plethora of color photographs and other visuals and detailed directions and descriptions walk tourists through The Eternal City. Among the features are architecture, shopping, restaurants, piazzas, art, walks, maps, hotels, and churches. New editions come out every year or two. Annotation c. Book News, Inc., Portland, OR (booknews.com)"," Travel , Europe , Italy",DK Eyewitness Travel,5.35,October,1999,22461
The Seville Communion,"By Soto, Sonia (TRN) and Perez-Reverte, Arturo","A hacker cracks Vatican security and sends an urgent plea directly to the Pope: Save Our Lady of the Tears. The crumbling Baroque church, located in the heart of Seville, is slated for demolition, and two of its defenders have recently died. Accidents - or murders? The Vatican promptly dispatches Father Lorenzo Quart, their worldly and enormously attractive emissary, to investigate the situation and track down the hacker, known to the Vatican only as Vespers.Father Quart's search for Vespers leads him to Father Priamo Ferro, the coarse and zealous parish priest, who has the full devotion of his small flock; Sister Gris Marsala, a former nun from California who is determined to restore the church; Pencho Gavira, the ambitious young vice-chairman of the Cartujano Bank; his estranged wife, Macarena, a perfect Andalusian beauty whose aristocratic family is closely linked to the church's history; Macarena's mother, the Duchess of El Nuevo Extremo, an elegant insomniac with a taste for Coca-Cola; and Honorato Bonafe, a tabloid reporter bent on getting the dirt on everyone.Father Quart is slowly seduced by the splendor of Seville - and the beauty of Macarena. As time runs out on the church, he is caught between powerful developers who have a stake in Our Lady of the Tears and his loyalty to the Vatican and his own vows."," Fiction , Mystery & Detective , General",Harcourt,14.62,April,1998,22696
"Energize Your Life: A three week plan to change the way you look, feel & live","By Bennett, Peter and Barrie, Stephen","Conscious that our overwhelming lifestyles leave little spare time, best-selling authors Dr. Peter Bennett and Dr. Stephen Barrie have written a simple-to-follow and visually vibrant guide on how we can effortlessly practice the three keys to a healthier and longer life: eating, moving, and relaxing. Developed in coordination with Hot Studios, one of the world's leading “information architecture” designers, Energize Your Life uses information friendly design integrating pictures, colors, and text, making it very accessible.  Easy to digest, it does not need to be read cover to cover.  Each section is clearly delineated and is helpful on its own.  Physicians and consumers alike have commented on its very approachable and hands on style."," Health & Fitness , Exercise",Bindu Health,4.99,April,2006,22929
Doctor Morrison's Miracle Guide to Pain-Free Health and Longevity,"By Morrison, Marsh","A doctor of chiropractic sets forth a natural approach to the treatment of common disorders and gives advice on eating, drinking, sleeping, and sunbathing habits"," Medical , General",Prentice Hall Direct,5.29,September,1977,22933
Flavors,"By McLaughlin, Michael and Morgan, Pamela","The owner of a popular gourmet catering shop in New York City and the co-author of The Silver Palate Cookbook present seasonal recipes for simple, hearty cuisine from Texas to Tuscany, with shopping tips and more. 30,000 first printing."," Cooking , General",Viking Adult,6.54,May,1998,23103
One Year Book of Josh McDowell's Youth Devotions 2 (Beyond Belief Campaign),"By McDowell, Josh","Josh McDowell’s Beyond Belief message is the foundation to launch a spiritual revolution among youth. This is a revolution to equip churches and families to raise up a generation of the cross—young people who have been transformed by Christ and the cross, who are empowered to live crossgrain to the culture and are committed to share Christ across all cultures. Sixteen stand-alone products make up an entire family of resources that churches need to launch a church-wide revolution. These products are directed to every age group from 5 to 105, and help equip church groups and families with the tools to lead their children and youth to become transformed, passionate followers of Christ. In this second installment of Josh’s best-selling youth devotions, Josh provides 365 daily encounters with the one true God who is beyond our belief in love and grace."," Religion , Christian Living , General",Tyndale Kids,4.99,September,2003,23112
In Patagonia,"By Chatwin, Bruce","An exhilarating look at a place that still retains the exotic mystery of a far-off, unseen land, Bruce Chatwin's exquisite account of his journey through Patagonia teems with evocative descriptions, remarkable bits of history, and unforgettable anecdotes. Fueled by an unmistakable lust for life and adventure and a singular gift for storytelling, Chatwin treks through ""the uttermost part of the earth"" - that stretch of land at the southern tip of South America, where bandits were once made welcome - in search of almost-forgotten legends, the descendants of Welsh immigrants, and the log cabin built by Butch Cassidy."," Travel , General",Penguin USA (P),5.29,June,1988,23526
Love for Lydia,"By Bates, H. E.","Lydia Aspen, a lonely English teenager of the 1930s, learns that men are intrigued by her and seeks to hide her vulnerability by bending them to her frivolous will"," Fiction , General",Penguin Books,4.99,January,1974,23634
Dune: The Machine Crusade,"By Herbert, Frank, Herbert, Brian, and Anderson, Kevin J.","The breathtaking vision and incomparable storytelling of Brian Herbert and Kevin Anderson's Dune: The Butlerian Jihad, a prequel to Frank Herbert's classic Dune, propelled it to the ranks of  speculative fiction's classics in its own right. Now, with all the color, scope, and fascination of the prior novel, comes Dune: The Machine Crusade.   More than two decades have passed since the events chronicled in The Butlerian Jihad. The crusade against thinking robots has ground on for years, but the forces led by Serena Butler and Irbis Ginjo have made only slight gains; the human worlds grow weary of war, of the bloody, inconclusive swing from victory to defeat. The fearsome cymeks, led by Agamemnon, hatch new plots to regain their lost power from Omnius--as their numbers dwindle and time begins to run out. The fighters of Ginaz, led by Jool Noret, forge themselves into an elite warrior class, a weapon against the machine-dominated worlds. Aurelius Venport and Norma Cenva are on the verge of the most important discovery in human history-a way to ""fold"" space and travel instantaneously to any place in the galaxy. And on the faraway, nearly worthless planet of Arrakis, Selim Wormrider and his band of outlaws take the first steps to making themselves the feared fighters who will change the course of history: the Fremen.Here is the unrivaled imaginative power that has put Brian Herbert and Kevin Anderson on  bestseller lists everywhere and earned them the high regard of readers around the globe. The fantastic saga of Dune continues in Dune: The Machine Crusade."," Fiction , Science Fiction , Space Opera",Tor Books,10.99,September,2003,23807
Esther's Gift: A Mitford Christmas Story,"By Karon, Jan","Readers flocked home to Mitford last Christmas, making The Mitford Snowmen a New York Times bestseller.  In Esther's Gift, Esther Bolick is filled with the holiday spirit as she prepares to bake the annual batch of her famous-and utterly scrumptious-orange marmalade cakes. Right after Christmas Eve service at Lord's Chapel, she and Gene will deliver a two-layer marmalade to each of seven friends and neighbors, all of them favorite Mitford characters. Then Gene calculates what it costs to bake this legendary cake, and Esther is stunned. Is it worth it to spend so much money on people who haven't always measured up to her expectations? The answer is clear. She'll cut her list back-way back.  This decision makes perfect sense until the lyrics of a Christmas carol steal into her heart, and help remind her what a gift really means."," Fiction , Religious",Viking,4.99,October,2002,23905
Death du Jour,"By Reichs, Kathy","Rarely has a first-time novelist made such a spectacular international publishing debut as Kathy Reichs did with her acclaimed forensic thriller Déjà Dead. A New York Times bestseller, a number one bestseller in both Canada and Britain, and winner of the prestigious Ellis Award for Best First Novel of 1997, it was also a Main Selection of the Book-of-the-Month Club, with foreign rights sold to nineteen countries.  Now, in Death du Jour, the author who lives the life she writes about extends her reach while still building on the rich ensemble cast, page-turning suspense, and cutting-edge forensic detail that made Déjà Dead an international sensation.  Assaulted by the bitter cold of a Montreal winter, the American-born Dr. Temperance Brennan, Forensic Anthropologist for the Province of Quebec, digs for a corpse where Sister Élisabeth Nicolet, dead for over a century and now a candidate for sainthood, should be lying in her grave. A strange, small coffin, buried in the recesses of a decaying church, holds the first clue to the cloistered nun's fate.  The puzzle surrounding Sister Élisabeth Nicolet's life and death provides a welcome contrast to discoveries at a burning chalet, where scorched and twisted bodies await Tempe's professional expertise. Who were these people? What brought them to this gruesome fate? And where are the children?  Homicide Detective Andrew Ryan, with whom Tempe has a combustive history, joins her in the arson investigation. From the fire scene they are drawn into the worlds of an enigmatic and controversial sociologist, a mysterious commune, and a primate colony on a Carolina island. Tempe is overwhelmed by the case, confused by her mounting attraction to Ryan, and plagued by worries about her sister Harry's search for spiritual awakening.  Featuring the kind of forensic detail that only Kathy Reichs can provide -- from skeletal reconstruction to insect analysis -- Death du Jour takes the reader on a riveting journey from the morgue to the lab to the crime scene, from the warmth of a barrier island to the frigid cold of a deadly ice storm. With this poignant and powerful work, Kathy Reichs confirms her status as a brilliant new crime-writing star."," Fiction , Mystery & Detective , Women Sleuths",Scribner,5.58,May,1999,23968
The Foundations of U.S. Air Doctrine: The Problem of Friction in War,"By Watts, Barry D., Lt. Col., USAF",,,Air University Press,17.96,January,1984,24026
The Bravest Cat! The True Story of Scarlett (All Aboard Reading),"By Driscoll, Laura and Disalvo-Ryan, Dyanne (ILT)","Here's the heartwarming, true story of the cat who risked her life to save her five kittens from a burning building.  Written for very young readers, The Bravest Cat! follows the feline family's recovery and their eventual adoptions into loving homes."," Juvenile Nonfiction , Animals , Cats",Penguin Young Readers,5.29,September,1997,24180
Miracle at Midway,"By Goldstein, Donald M. and Dillon, Katherine V.","A close-up look at the battle of Midway Island analyzes this crucial naval victory, which marked the turning point for the American fleet in the Pacific theater of World War II"," History , General",McGraw-Hill,5.72,September,1982,24374
The Making of a Drug-Free America: Programs That Work,"By Falco, Mathea","There are few problems as persistent in American life today as drugs. Despite the ""solutions"" put forth by our country's leaders - seize more ships, impose harsher jail sentences, pursue foreign drug lords - the government's policies have failed to reduce drug abuse and drug crime. Today, as illegal drugs continue to disrupt our schools, our workplaces, and our communities, we face once again this crucial question: Does anything work?It is easy to get discouraged by the magnitude of America's drug habit and by the failures of the multibillion-dollar ""war on drugs,"" but Mathea Falco argues that we need not give in to such despair. One of our nation's leading experts on drug abuse, Falco showcases effective prevention, treatment, and law enforcement strategies from across the country to reveal what really works in the fight against drugs. Success stories include a school program in Kansas City that cuts youngsters' drug use by half; a neighborhood group in Washington, D.C., that is driving drug dealers off the streets; an anti-drug coalition in Miami that is creating new political priorities; and a treatment program in Los Angeles that keeps people off cocaine.For concerned citizens, parents, and government officials alike, The Making of a Drug-Free America offers workable courses of action that are already changing lives and transforming communities."," Social Science , General",Crown,4.99,October,1992,24415
Murder in Havana (Capital Crimes),"By Truman, Margaret","Max Pauling, ex-CIA, ex-State Department, has taken early retirement to become a flight instructor in New Mexico. A colleague, also ""retired,"" shows up, offering a contract to fly medical supplies into Havana. This revs up Pauling's engines in several senses. Despite the misgivings of Jessica, his live-in lover, he takes the deal. After flying a roundabout route that takes him through Mexico, Miami, and Colombia, he lands in Havana, waiting for a contact who will ""help him with his Spanish.""The first sight of her is both breathtaking - she is a beauty - and frustrating: She wants to move at her own pace. Max is a man of action, and waiting for the action to begin does nothing for his mood or blood pressure. The covert reason for their collaboration is to uncover the truth about an intense competition between rival U.S. pharmaceutical companies for access to Cuba's surprisingly high-quality anti-cancer research.Meanwhile, a former U.S. senator is leading a mission to Cuba to discuss the possibility of lessening tensions between the two countries, looking to ease America's controversial commercial embargo. And perhaps he has another mission, as well...."," Fiction , Mystery & Detective , General",Random House,4.89,July,2001,24433
The Organization of the Future (The Drucker Foundation),"By Hesselbein, Frances (EDT), Goldsmith, Marshall (EDT), and Beckhard, Rachard F. (EDT)","""This is a treasure-trove of some of the best thinking today on leadership, management, and strategy."" --Journal of Management Consulting  ""The Organization of the Future is required reading.... If you don't use this book to help guide your organization through the changes, you may well be left behind.""--Nonprofit World  What do employees expect from the organizations they support? How can organizations maintain stability in times of massive change? These are the questions modern organizations face as they struggle to grow and evolve. The Organization of the Future offers timeless responses from such leading authorities as Peter F. Drucker, C.K. Prahalad, Nathaniel Branden, Lewis E. Platt, Rosabeth Moss Kanter, Jay R. Galbraith, and Deepak Sethi. Their incisive essays reveal: * How to build ""know-how"" and ""know-who"" to develop successful teams * How to prepare for ""breakdowns"" and create the nimble, change-adept company * How to attract, motivate, and retain the best employees * How seven basic policies can lead to high performance and high self-esteem * How to support work-life balance and provide flexibility for knowledge workers Each essay provides observations that will help leaders in business, nonprofits, and government keep their organizations healthy, competitive, and poised for the future."," Business & Economics , Organizational Behavior",Jossey-Bass Publishers,5.63,February,2000,24701
Mary Gilliatt's New Guide to Decorating,"By Gilliatt, Mary","Offers up-to-date guidance in the materials, styles, techniques, and applications of home decorating, covering every phase of the decorating process"," Art , General",Little Brown & Co,10.99,November,1988,24974
Mr. Darcy Takes a Wife: Pride and Prejudice Continues,"By Berdoll, Linda","Every woman wants to be Elizabeth Bennet Darcy—beautiful, gracious, universally admired, strong, daring and outspoken—a thoroughly modern woman in crinolines. And every woman will fall madly in love with Mr. Darcy—tall, dark and handsome, a nobleman and a heartthrob whose virility is matched only by his utter devotion to his wife.Their passion is consuming and idyllic—essentially, they can't keep their hands off each other—through a sweeping tale of adventure and misadventure, human folly and numerous mysteries of parentage.Hold on to your bonnets! This sexy, epic, hilarious, poignant and romantic sequel to Pride and Prejudice goes far beyond Jane Austen."," Fiction , Classics",Sourcebooks Landmark,4.99,May,2004,25351
Independence Avenue,"By Sherman, Eileen Bluestone","Elias, a fourteen-year-old Russian immigrant, arrives alone in Kansas City in 1907, finding new employment and friends but also receiving bad news about his family back in Russia."," Juvenile Fiction , People & Places , United States , General",The Jewish Publication Society,4.99,November,1990,25414
Inside the I. B. M. Personal Computer: Access to Advanced Features and Programming (The Peter Norton Foundation series),"By Norton, Peter","Revision of  Inside the IBM PC  (1986). Covers every generation, from the original PC to the latest PS/2 models. No bibliography. Annotation copyright Book News, Inc. Portland, Or.",,Brady Publishing,5.61,February,1990,25429
The State of the Nation: Government and the Quest for a Better Society,"By Bok, Derek Curtis","Never before have Americans been so anxious about the future of their society. But rarely has anyone offered a clear statement about why, in a nation so prosperous, free, and stable, we tend to assume that the country is in dire straits and that the government can do little to help. This book is just such a statement, an eloquent assessment of where America stands, how our society has changed in the past half-century, and who or what is responsible for our current frustrations.Derek Bok examines the nation's progress in five areas that Americans generally consider to be of paramount importance: economic prosperity, quality of life, opportunity, personal security, and societal values. He shows that although we are better off today in most areas than we were in 1960, we have performed poorly overall compared with other leading industrial nations. And when it comes to providing adequate health care at a reasonable cost, educating our young people for high-skilled jobs, alleviating poverty and urban blight, and reducing crime, our record has been dismal. Comparing the United States with other leading industrial nations on more than sixty key indicators, Bok shows that we rank below average in more than two-thirds of the cases and at the bottom in more than half.What has caused this decline, and what can be done about it? In virtually all important areas of American life, Bok concludes, government policies have played a significant, often decisive role in accounting for our successes as well as our failures. But whereas others call for downsizing the federal government, Bok argues that government is essential to achieving America's goals. In short, Ronald Reagan was only half right. Government is the problem. But it is also the most important part of the solution. By assessing the state of the nation and identifying the reasons for its current condition, this book helps set the agenda for improving America's performance in the future."," Political Science , American Government , State",Harvard University Press,5.99,January,1997,25763
Defiance County,"By Brandon, Jay","Galilee is only an hour and a half south of metropolitan Houston, but it might as well be in another world. The slow pace of life there is entirely controlled by an aging matriarch, Alice Beaumont, owner of the town's only significant enterprise - a successful apparel factory. But a hideous double murder has rocked Galilee's ruling family, tearing the town apart. Alice's younger daughter, Lorrie, and her husband, Ronnie, have been shot to death in Alice's parlor, and their infant daughter has been snatched from her crib. The local district attorney, Morgan Fletcher, is closely tied to the Beaumont family ... but he is also the brother of the chief suspect, and must remove himself from investigating the crime.Thrust into this awful scenario is Kelsey Thatch, a young assistant DA sent from Austin as special prosecutor by the attorney general. At once, she feels the heavy hand of Alice Beaumont, pushing for the indictment and speedy trial of Billy Fletcher, who is Morgan's brother and her factory manager. Kelsey soon discovers that the townspeople's loyalties are fiercely divided between the accuser and the accused - and the entire population of Galilee is fixed in a grid of interlocking relationships that govern each one's actions."," Fiction , Mystery & Detective , Police Procedural",Pocket Books,5.58,May,1996,25840
Mrs. Pollifax and the Second Thief,"By Gilman, Dorothy","Dorothy Gilman has charmed and delighted millions of readers worldwide with her portrayal of the witty and unpredictable Emily Pollifax - part-time CIA operative, full-time garden-clubbing grandmother from New Jersey. In this tenth mystery in the popular Mrs. Pollifax series, the inimitable and irrepressible Mrs. Pollifax finds herself in Sicily, dodging assassins' bullets in another fast-paced and suspenseful adventureWhen wealthy art collector Ambrose Vica invites CIA-spook-turned-art-dealer John Sebastian Farrell to Sicily, it's to find and authenticate a document bearing Julius Caesar's signature, presumably owned by a mysterious Mr. Raphael. Farrell doesn't hesitate to break into the Sicilian villa of Mr. Raphael - a man known for his exquisite taste in art, as well as his shady underground connections - to open his safe. But instead of finding Caesar's signature, Farrell discovers a mysterious list of names - and ends up taking a bullet to the ankle. Narrowly escaping capture, he hides out in a mountain village, where he sends an SOS to CIA headquarters requesting Mrs. Pollifax's help.With the aid of Kate Rossiter, a feisty young CIA agent who happens to be vacationing in the Sicilian countryside, Mrs. Pollifax and Farrell uncover the truth about the Caesar document. And in the process they become targets for a deadly cartel of professional killers.With Mrs. Pollifax and the Second Thief Dorothy Gilman has written another page-turning mystery filled with the intrigue, colorful characters, humor, and exotic locales that have made the Mrs. Pollifax series both a critical and commercial success."," Fiction , Mystery & Detective , General",Doubleday,5.29,September,1993,26147
The Complete Guide to Rubber Stamping: Design and Decorate Gifts and Keepsakes (Watson-Guptill Crafts),"By Taormina, Grace","Covers materials and supplies, techniques, and projects for paper, home decor, gifts, stitchery, holidays, and special occasions"," Crafts & Hobbies , General",Watson-Guptill,4.99,April,1996,26268
Flesh in the Age of Reason: The Modern Foundations of Body and Soul,"By Porter, Roy","Starting with the grim Britain of the Civil War era, with its punishing sense of the body as a corrupt vessel for the soul, Roy Porter charts how, through figures as diverse as Locke, Swift, Johnson, and Gibbon, ideas about medicine, politics, and religion fundamentally changed notions of self. He shows how the Enlightenment (with its explosion or rational thinking and scientific invention of the eighteenth and nineteenth centuries) provided a lens through which we can best see the profound shift from the theocentric, otherwordly, Dark Ages to the modern, earthly, body-centered world we live in today. As man made in God's image gave way to the Enlightenment's notion of the Self-made man, the body moved center stage. Porter writes brilliantly on the ways in which men and women flaunted, decorated, tanned, and dieted themselves: activities that we find familiar but that a Puritan divine would have considered satanic. And he explores how, at the end of the century, the human soul took on a new significance in the works of Godwin, Blake, and Byron."," History , Essays",W W Norton & Co Inc,10.99,February,2004,26551
Death of a Perfect Mother,"By Barnard, Robert","Lill Hodsden was a monster. She rode roughshod over her daughter, wiped her feet on her husband, blackmailed her lovers, and smothered her sons with a mother’s love that left them screaming out for freedom. Lill set the hackles rising all over Todmarsh, the little South Coast town she queened over. She was just asking to be done in. When Lill was found garrotted on Thursday, on the way home from one of her boyfriends’, the case was wide open, and half Todmarsh would have regarded the murderer as a civic benefactor. Inspector McHale, on his first murder case, is a man who values intelligence, particularly his own. He is convinced he is going to discover the killer. But is he going to discover the right one?"," Fiction , General",Scribner,39.56,September,1981,26868
Love and Justice: A Novel,"By Johnson, Rique","In this searing debut thriller, a detective on the edge must stop a vicious killer, even as he mends the emotional scars in his own life.  Jason Jerrard didn't become Virginia City's finest detective by building stable romantic relationships. And it's beginning to show -- he's got a new girlfriend who doesn't know what she's in for, and an ex-wife determined to do whatever it takes to get him back. But the real nightmare in Jerrard's life is the murderer-rapist who's turning Virginia City into a living hell. Brutal and elusive, this is a killer whose taunting has made it personal with Jerrard. And taking him down might just require more than Jerrard has to give.  Passion, jealousy, courage and violence come to a head in Love & Justice, a thrilling new novel from a promising young literary voice."," Fiction , Thrillers , General",Strebor Books,5.29,August,2003,27096
The Guardian,"By Eidson, Bill","In The Guardian, Bill Eidson has crafted a thriller that shows the chilling consequences of random violence hitting home in a quiet suburb. Set in the Boston area, this book takes off like a rocket in the first chapter.Eleven-year-old Janine Stearns and her parents stop into a convenience store to buy ice cream. Moments later a masked gunman walks in, robs the store, shoots the clerk, and, seeing her father's BMW, kidnaps Janine. What begins as a coincidence coalesces into a whole world of dark interconnections and horrifying possibilities. Nothing is as it appears. It is left to Ross Sterns, Janine's uncle and guardian, to rescue Janine and end the nightmare of senseless violence."," Fiction , General",Tor Books,5.29,November,1996,27205
Writ of Execution,"By O'Shaughnessy, Perri","In the mountain resort town of South Lake Tahoe, Nina Reilly is known for taking on the underdog cases, the kind that can make - or break - her one-woman law practice. Her latest case begins in the middle of a summer night when she is called away from a very personal visit to her investigator Paul van Wagoner's hotel room to meet with a desperate new client at her office who gives her name as Jessie Potter. The frightened young woman has just hit a huge slot machine jackpot, and the men in suits are waiting to hand her the check just as soon as she tells them her real identity.With time running out, Nina helps her client devise a brilliant plan to collect the money while keeping her true identity a secret. Unfortunately, powerful interests have lined up to grab the money. The gaming commission thinks the jackpot was rigged. The man sitting on the seat just before the jackpot hit says it's his, and he doesn't mind going outside the law to get it. And the wealthy man stalking Nina's client has retained an unscrupulous local lawyer, Jeff Riesner, to attack the jackpot winnings using a legal maneuver called a Writ of Execution. The odds of Jessie ever collecting are starting to look hopeless.For Nina, what began as a fight for an underdog in federal court soon escalates into something very different and far more dangerous. Jessie has a secret, and she needs that money for a very good reason. By the time Nina discovers that Jessie is withholding vital information, it might be too late for her client and even for Nina herself. Because somewhere in the darkening Tahoe night, people are dying. A cold-blooded, obsessed killer will stop at nothing - including execution-style murder - to get that jackpot in a case where the Writ of Execution has become more than a legal maneuver; it's death warrant."," Fiction , Thrillers , Suspense",Delacorte Press,5.29,July,2001,27364
Individualism in Idaho: The Territorial Foundations,"By Blank, Robert H.",,,Washington State Univ Pr,4.99,October,1988,27638
Inside the Real Estate Deal,"By Miller, Peter G","A real estate expert takes readers inside the real estate industry, discussing how the industry works today, the treatment buyers can expect in the current market, how brokers and agents work, and the future of the industry"," Business & Economics , General",Harpercollins Publisher,4.99,August,1991,27652
Moral Foundation of Democracy (Walgreen Foundation Lecture),"By Hallowell, John H.",," Political Science , Political Ideologies , Democracy",Univ of Chicago Pr,4.99,June,1973,28594
The Terrible Hours: The Greatest Submarine Rescue in History,"By Maas, Peter","On the eve of World War II, the Squalus, America's newest submarine, plunged into the North Atlantic.  Miraculously, thirty-three crew members still survived.  While their loved ones waited in unbearable tension on shore, their ultimate fate would depend upon one man, U.S. Navy officer Charles ""Swede"" Momsen -- an extraordinary combination of visionary, scientist, and man of action.  In this thrilling true narrative, prize-winning author Peter Maas brings us in the vivid detail a moment-by-moment account of the disaster and the man at its center.  Could he actually pluck those men from a watery grave?  Or had all his pioneering work been in vain?"," History , Military , Naval",Perennial,10.98,March,2001,29206
"The Constitutional Foundations of World Peace (Suny Series in Global Conflict and Peace Education) (SUNY series, Global Conflict and Peace Education)","By Falk, Richard A., Kim, Samuel S. (EDT), and Johansen, Robert C.",," Political Science , Peace",State University of New York Press,4.99,July,1993,29219
If I Ran the Rain Forest: All About Tropical Rain Forests (Cat in the Hat's Learning Library),"By Ruiz, Aristides (ILT) and Worth, Bonnie","The Cat in the Hat takes Sally and Dick for an “umbrella-vator” ride through the understory, canopy, and emergent layers of a tropical rain forest, encountering a host of plants, animals, and native peoples along the way."," Juvenile Nonfiction , Science & Nature , Trees & Forests",Random House Books for Young Readers,4.99,April,2003,29375
"Excuse Me, Your Life Is Waiting: The Astonishing Power of Feelings","By Grabhorn, Lynn","Upbeat, humorous, and iconoclastic, Lynn Grabhorn introduced readers to the Law of Attraction in 2000 withExcuse Me, Your Life Is Waiting. The hardcover edition was an immediate hit, sold more than 151,000 copies, and appeared on theNew York Times bestseller list.Grabhorn was the first to reveal that the power of feelings is what unconsciously shapes and molds every moment of every day. In this ground-breaking book, she reveals how paying attention to feelings--rather than positive thinking, or sweat and strain, or good or bad luck, or even smarts--is the way to change your life, make dreams come true, and create the kind of life you really want to live.Excuse Me, Your Life Is Waiting is filled with logical explanations, simple steps, and true-life examples that empower readers to access their feelings and turn their lives around."," Self-help , Personal Growth , General",Hampton Roads Publishing,4.99,March,2003,29412
Fly Now!: The Poster Collection of the Smithsonian National Air and Space Museum,"By London, Joanne Gernstein","The Smithsonian National Air and Space Museum draws more visitors than any other museum in the world&#151;90,000 a day in the summertime&#151;and the highlight of summer 2007 at the NASM will be ""Fly Now,"" the exhibit of air travel posters featured in this unique companion volume which combines arresting, colorful art, rare archival material, and a unique approach to aeronautical history.The posters&#151;most of them never before published&#151;feature barnstormers, gliders, and flying boats; the earliest passenger flights, the first luxury-liners, mail carriers, jets, and much more. Spanning a century and a half, they combine the popular art and the commerce of their eras, with both explored in the entertaining, informative text by a longstanding National Air and Space Museum curator. From 19th-century circus impresarios offering rides in gaudy hot-air balloons to the sleek 21st-century airliners, they offer a fascinating illustrated history of flight as it evolved from an exotic realm inhabited only by visionaries and daredevils into our modern world of speedy jets and frequent flyers&#151;no longer extraordinary, perhaps, but still echoing with the exhilarating thrill and glamorous excitement captured here.Countless visitors to the museumÕs traveling poster exhibition and the permanent exhibition ""America by Air"" will delight in the gorgeous and wonderful graphics collected in this appealing, affordable book&#151;and so will aviation buffs, armchair travelers, and poster connoisseurs everywhere."," Transportation , Aviation , History",National Geographic,13.98,May,2007,29603
The Runaway,"By Kay, Terry","The Runaway is the novel Terry Kay has wanted to write his entire career: the story of the earliest beginnings of desegregation in the South. Set in the 1940s and using as a springboard the relationship of two boys - one black and the other white - who have been mysteriously ordained at birth to spark the flames of change, The Runaway examines the joys, sorrows, conflicts, and racial disharmony of their historically biased environment.Tom and Son Jesus spend their days daydreaming, fishing, and trying to escape work. But their fun abruptly comes to a halt when they discover a bone during a fanciful runaway. The bone turns out to be part of the skeletal remains of Son Jesus' long-missing father, and leads to an investigation by Sheriff Frank Rucker, a World War II hero, that unmasks the racially motivated killer known only as Pegleg. The sheriff's findings divide the people of Overton County, forcing a surprising conclusion - or beginning - of justice."," Fiction , African American , Historical",William Morrow & Co,5.7,October,1997,29687
The Hallo-Wiener,"By Pilkey, Dav","As a little dachshund, Oscar received a lot of teasing from the other dogs in the neighborhood, especially when dressed as a hot dog on Halloween, yet on one special night, Oscar did something extraordinary, which caused everyone to see him in an entirely new way. Reprint."," Juvenile Fiction , Holidays & Celebrations , Halloween",Scholastic Paperbacks,5.49,September,1999,29839
Earthquake in Metropolis! (Superman Returns),"By Sky, David E.","Begin your reading adventures with your favorite super hero. This exciting book format is ideal for early readers with 32 pages of easy to understand words, short sentences, and colorful artwork straight from the movie! Your child will enjoy the story line, illustrations and the adventures of reading about the world’s most popular super hero."," Juvenile Fiction , Media Tie-In",Superman Returns,4.99,May,2006,30060
Let Us Pray: A Plea for Prayer in Our Schools,"By Murray, William J.","On June 17, 1963, the Supreme Court of the United States outlawed voluntary prayer in public schools. One of the most significant rulings of this century, its impact continues to be felt thirty-two years later. Speaker of the House Newt Gingrich is expected to introduce a constitutional amendment reinstituting prayer in public schools. Among his most important allies will be William J. Murray, who, in 1963, was the original plaintiff when his mother, Madalyn Murray O'Hair, took her antiprayer campaign all the way to the Supreme Court. And, in an ironic twist of history, William J. Murray has become a passionate advocate for the restoration of prayer in public schools. As the school prayer argument heats up, he will once again be at its center and a figure of national prominence.With Let Us Pray, William J. Murray anchors the debate and reveals the substance behind conservative opinion on this vitally important topic. The book looks at the historical roots of the controversy from the Enlightenment to America's Founding Fathers, from religious tolerance in the colonies to the Bill of Rights. Murray examines the growing secularization of society in the twentieth century from the Supreme Court's decision in Murray v. Curlett to the decline of morality in public schools. Looking for consensus in the midst of controversy, Murray explores what American citizens are thinking and what our national leaders are saying. Finally, he considers what the proposed amendment will accomplish and what the restoration of voluntary prayer in schools would mean for America."," Law , General",William Morrow & Co,17.96,September,1995,30113
Courting Trouble,"By Scottoline, Lisa","In Courting Trouble, New York Times bestselling author Lisa Scottoline is back with another fast-paced thriller, which sends a young woman lawyer racing to find out who's trying to kill her -- after she's wrongly been reported murdered.Anne Murphy is smart, gorgeous, and young, the redheaded rookie at the Philadelphia law firm of Rosato & Associates. She leaves town for the Fourth of July weekend to prepare for a high-profile trial, but when she buys her morning newspaper, her own photo is plastered all over the front page. And the headline-  -- LAWYER MURDERED -- supposedly refers to her. Anne sets out to find her killer, playing dead in order to stay alive.She tries to go it alone but quickly realizes that she'll have to trust people she barely knows -- colleagues who hate her guts, a homicide squad that wants her out of the crime-fighting business, and a new love who inconveniently happens to be opposing counsel. The investigation takes all of Anne's boldness and ingenuity -- plus a pair of red satin hot pants. But her knack for courting trouble makes it almost impossible for Anne to play well with others, defend the lawsuit, and fight her urge to sleep with the enemy. Then an unexpected event places her in lethal jeopardy and leaves her with everything to lose -- including her life."," Fiction , Literary",Harper,5.35,May,2002,30167
Oedipus at Colonus (Dover Thrift Editions),"By Sophocles and Young, George","This outstanding drama of classical antiquity, part of the Cadmean trilogy that includes Oedipus Rex and Antigone, was first presented in 405 B.C. Thought to be among Sophocles' last works, it represents the great playwright's crowning achievement in depicting the painful quest for truth and self-knowledge that leads to spiritual triumph.Blinded and disgraced, Oedipus dwells quietly in Thebes until the kingdom is roiled by discord attributed to his presence and the curse put upon him by the gods. The citizens banish their erstwhile sovereign to years of lonely exile. Finally, the aging king finds refuge in a sacred olive grove at Colonus, near Athens. In the meantime, Oedipus' two sons wage a struggle for control of Thebes. Secure in the protection of Theseus, ruler of Athens, and faithfully attended by his daughters Antigone and Ismene, Oedipus is a towering tragic figure whose final years comprise a moving portrayal of the perseverance of human dignity in the face of an incomprehensible and impersonal universe.Students, teachers, and lovers of classical drama will welcome this inexpensive edition of an enduring literary and theatrical landmark."," Drama , European , General",Dover Publications,10.99,February,1999,30178
Robin Hood (Dover Children's Thrift Classics),"By Kliros, Thea (ILT) and Blaisdell, Robert","Generations of young readers have thrilled to the legend of the noble outlaw of Sherwood Forest. Now Robin Hood and his Band of Merry Men come to life again in this imaginative new retelling of the age-old tale. Youngsters will delight in the feats of valor and thrilling exploits of Robin, Little John, Friar Tuck, Allan a Dale, Maid Marian, and the other members of the band as they struggle for freedom and justice against the evil Sheriff of Nottingham. Six charming new illustrations enhance this edition."," Juvenile Fiction , Legends, Myths, Fables , General",Dover Publications,5.29,May,1994,30217
The Confederate Reader: How the South Saw the War (Civil War),"By Harwell, Richard (EDT)","""An excellent anthology, worthy of the imitations it will engender . . . it will go a long way toward illuminating Confederate history."" — The New York TimesFor any student of the War Between the States, this treasury of contemporary documents—all but a few written by Southerners — offers a wealth of insight and perspectives on life in the South during the conflict, how newspapers and periodicals covered events, and how Southerners reacted to the disastrous struggle that disrupted their lives and ravaged their homes, farms, and cities. Selections have been arranged in an order that demonstrates the progress of the war, beginning with a South Carolina ordinance to secede from the Union and ending with a final message in 1865 from the last Confederate general to surrender. Relive the day-to-day reality of the War as captured in a rich legacy of written records: official battle reports, general orders, letters, sermons, songs, published articles, novels, and accounts of travel, prison, and conditions of army life. Included are contemporary newspaper accounts of the Battle of Fort Sumter, a stirring address to his soldiers by Jefferson Davis in 1864, a Confederate prisoner's account of life in a Yankee prison, a newspaper report of the sack and destruction of Columbia, South Carolina, a poignant last-ditch attempt by General E. Kirby Smith in 1865 to rally the Trans-Mississippi Army, and many more. A selection of authentic cartoons, sketches, and broadsides from various periods of the War adds a special ""you-are-there"" flavor to the book. Carefully chosen and annotated by a distinguished authority on the Confederacy, these selections paint a broad and moving picture of the attitudes, emotions, and ideas that motivated and sustained the South during the War. Assembled in this inexpensive paperback edition of The Confederate Reader, they will bring new insight and enlightenment to any Civil War buff or student of American history."," History , United States , Civil War Period (1850-1877)",Dover,5.29,May,1989,30247
Owl at Home (I Can Read Level 2),"By Lobel, Arnold","Welcome to Owl's Cozy home!Owl lives by himself in a warm little house. But whether Owl is inviting Winter in on a snowy night or welcoming a new friend he meets while on a stroll, Owl always has room for visitors!Arnold Lobel's beloved Level 2 I Can Read classic was created for kids who read on their own but still need a little help.The classic Frog and Toad stories by Arnold Lobel have won numerous awards and honors, including a Newbery Honor, a Caldecott Honor, ALA Notable Children’s Book, Fanfare Honor List (Horn Book), School Library Journal Best Children’s Book, and Library of Congress Children’s Book."," Juvenile Fiction , Readers , Beginner",HarperCollins,4.99,October,1982,30451
Are You My Mother ?,"By Eastman, P. D.","This must-have classic about a baby bird in search of his   mother is the perfect for every day! A baby bird goes in search of his mother in this hilarious Beginner Book   edited by Dr. Seuss. When a mother bird's egg starts to jump, she hurries off   to make sure she has something for her little one to eat. But as soon as   she's gone, out pops the baby bird. He immediately sets off to find his   mother, but not knowing what she looks like makes it a challenge. The little   hatchling is determined to find his mother, even after meeting a kitten, a   hen, a dog, and a Snort. The timeless message of the bond between mother and   child make P. D. Eastman's Are You My Mother? a must for baby showers, beginning readers, and Mother's   Day. Originally created by Dr. Seuss, Beginner Books encourage children to read   all by themselves, with simple words and illustrationsthat give clues to   their meaning."," Juvenile Fiction , Family , Parents",Random House Books for Young Readers,4.99,June,1960,30457
Joy to the World: A Victorian Christmas,"By Hart, Cynthia, Grossman, John, and Dunhill, Priscilla","Text by Priscilla Dunhill. The Christmas we love today sprang from the festive parlors and bedecked halls of a century ago, where it lives still in the lush pages of Joy to the World. A specially embossed and die-cut jacket wraps the book like a precious gift. Selection of the Literary Guild and the Better Homes & Gardens Family Book Service. 199,000 copies in print."," Religion , Holidays , Christmas & Advent",Workman Publishing Company,10.99,January,1990,30459
New Clues to Harry Potter Book 5: Hints from the Ultimate Unofficial Guide to the Mysteries of Harry Potter,"By Waters, Galadriel, Mithrandir, Astre, and Fossa, E. L.",A guide to J.K. Rowling's fifth Harry Potter book provides hints about the novel and suggests secret subplots for future volumes.," Juvenile Fiction , Fantasy & Magic",Wizarding World Press,5.29,November,2003,30792
Renascence and Other Poems (Dover Thrift Editions),"By Millay, Edna St. Vincent","The poems of Edna St. Vincent Millay (1892–1950) have been long admired for the lyric beauty that is especially characteristic of her early works. ""Renascence,"" the first of her poems to bring her public acclaim, was written when she was nineteen. Now one of the best-known American poems, it is a fervent and moving account of spiritual rebirth.In 1917, ""Renascence"" was incorporated into her first volume of poetry, which is reprinted here, complete and unabridged, from the original edition. The 23 works in this first volume are fired with the romantic and independent spirit of youth that Edna St. Vincent Millay came to personify. In addition to ""Renascence,"" this volume includes 16 other early lyric poems — ""Interim,"" ""Sorrow,"" ""Ashes of Life,"" ""Three Songs of Shattering,"" ""The Dream,"" ""When the Year Grows Old,"" and others, including six sonnets, to which Millay brought great distinction throughout her career."," Poetry , American , General",Dover,5.29,November,2011,30822
What Life was Like on the Banks of the Nile: Egypt 3050 - 30 BC,By Time-Life Books (EDT),"Like many of his predecessors, Ramses III enjoyed the luxury of a large harem, filled with beautiful Egyptian women and foreign princesses. But harems, while pleasurable, could also pose a risk to a king and his chosen successor. In the 32nd year of Ramses' reign, one of his secondary wives plotted to assassinate him and set her own son, rather than Ramses' designated heir, upon the throne. With great cunning, she convinced other women of the harem, their guards, and some of the pharaoh's closest advisers to join forces with her. Although they would be punished with death if they failed, the conspirators set their plans in motion, determined to bring Ramses down by any means necessary, including witchcraft.What Life Was Like On the Banks of the Nile recounts Ramses' chilling tale and many other intriguing, true accounts of the lives of the ancient Egyptians. Their dazzling civilization, which was born by the river Nile and flourished by 3,000 years, captures our imagination as no other culture before or since. Their magnificent pyramids, colossal temples, and brooding Sphinx never fail to awe and astound us. But even more amazing are other artifacts, ones that the Egyptians never meant for us to see - rolls of papyrus, pottery chips, and tombs - that tell us about the people who built the grand structures that grace the Egyptian landscape."," History , Ancient , Egypt",Time Life Education,8.79,September,1997,30900
Selling To VITO (The Very Important Top Officer),"By Parinello, Anthony","Selling to Vito contains all the tactics you need to get appointments with impossible-to-reach top decision-makers. They in fact are the Very Important Top Officers (VITOs), the people with the ultimate veto power who hold the key to bigger commission checks, every sales award you could possibly win, and VITO to VITO referrals that you can take to the bank!You'll quickly learn how to:Get into new accounts at the topKeep out of time-consuming log-jams-and into VITO's officePromote loyalty at the top with existing customers and capture add-on businessIncrease the size of every saleSelling To VITO offers innovative new ideas and street-smart tactics for reaching the very top person in any organization. It's based on the seminars that have helped thousands of sales professionals from top corporations like Canon, 3M, Hewlett-Packard, and MCI bust quotas and increase commissions. It can help you, too, by getting you to the right person so you can do what you do best: SELL!Anthony Parinello is without question the country's foremost expert on getting appointments with, and selling to, top decision makers. This book is the product of his twenty-three years of award-winning sales performance."," Business & Economics , Sales & Selling , General",Adams Media,5.29,January,1999,31202
A Farm Country Christmas,"By Rost-Holtz, Amy (EDT)","Capturing just what makes Christmas in farm country so special, ""A Farm Country Christmas"" is a unique compilation that epitomizes the essence of this wonderful time of the year, celebrating not only the holiday, but the natural, wholesome, hard-working lifestyle that is farm living. Its blend of heartwarming stories about Christmas in the country and spectacular artwork and photos truly set ""A Farm Country Christmas"" apart from the competition. Stories include coming home to the farm, children’s Christmas pageants, decorating country-style, and of course, the farm country Christmas Day feast. Contributors include Ben Logan, Patricia Penton Leimbach, Paul Engle, L. M. Montgomery, Bob Artley, and others."," Antiques & Collectibles , Americana",Voyageur Press,6.53,November,2003,31453
The Song of the Swallows,"By Politi, Leo","Every summer, the swallows leave San Juan Capistrano and fly far away, to a peaceful green island -- but they always come back in the spring, on St. Joseph's Day. Juan loves las golondrinas, and so does his friend, Julian, the gardener at the mission. This year, Juan plants a garden in his own yard. There's nothing he wants more than for the swallows to nest there. And on St. Joseph's Day, his dream comes true. Leo Politi is the beloved author and illustrator of Pedro, The Angel of Olvera Street, among many other books for children. Song of the Swallows won the Caldecott Medal in 1950."," Juvenile Fiction , Social Themes , Friendship",Aladdin,5.29,April,1987,31496
The Vision of Frank Lloyd Wright,"By Wright, Frank Lloyd and Heinz, Thomas A.","Frank Lloyd Wright's career, sometimes tragic, sometimes tempestuous - at all times creative - has been examined and reexamined in numerous studies and articles both during his lifetime and since his death in 1959, which occurred shortly before the completion of his most famous project, New York's Guggenheim Museum.Virtually every structure that Wright built is represented in this extensive survey of his life's work. His genius at architectural design enable him to work out extremely complex buildings in his head and translate them on to paper in a matter of hours, as the famous story of his design presentation of Falling Water illustrates. His work continues to draw great admiration and interest to this day. His often tempestuous and sometimes tragic life and career are given full coverage in this book. Hundreds of photos, both archival and recent chart his amazing work and influence on all who followed.This concise consideration of Wright's life and work not only offers new insights into the character of this complex, powerful and at all times confident personality, but also the architectural legacy he left behind and which exists to this day in the vast number of homes and public buildings photographed mainly by the author himself."," Architecture , Individual Architects & Firms , General",Chartwell Books,7.07,September,2000,32021
Bombs and Bandwidth: The Emerging Relationship Between Information Technology and Security,"By Latham, Robert (EDT)","A multidisciplinary view of Information Technology as it is used by governments and criminal organizations alike. Why buy a multi-billion-dollar satellite and go to extreme lengths to try to avoid governmental detection when you can just buy a bit of airtime and send one of several million messages going out at any given time?from Bombs and Bandwidth Information Technology (IT) has become central to the way governments, businesses, social movements and even terrorist and criminal organizations pursue their increasingly globalized objectives. With the emergence of the Internet and new digital technologies, traditional boundaries are increasingly irrelevant, and traditional conceptsfrom privacy to surveillance, vulnerability, and above all, securityneed to be reconsidered. In the post-9/11 era of ""homeland security,"" the relationship between IT and security has acquired a new and pressing relevance. Bombs and Bandwidth, a project of the Social Science Research Council, assembles leading scholars in a range of disciplines to explore the new nature of IT-related threats, the new power structures emerging around IT, and the ethical and political implications arising from this complex and important field. Contributors include: Ralf Bendrath, Michael Dartnell, Robert J. Deibert, Dorothy Denning, Chris Hables Gray, Rose Kadende-Kaiser, Susan Landau, Robert Latham, Timothy Lenoir, Martin Libicki, Carolyn Nordstrom, Rafal Rohozinski, Marc Rotenberg, Janice Gross Stein, Rachel Yould."," Political Science , Security (National & International)","New Press, The",5.29,September,2003,32296
Dune: House Harkonnen,"By Herbert, Frank, Herbert, Brian, and Anderson, Kevin J.","A second prequel to the best-selling Dune continues the trilogy beginning with Dune: House Atreides and follows the journeys of Leto Atreides, Bardon Harkonnen, Jessica, Gurney Halleck, and Duncan Idaho. 165,000 first printing."," Fiction , Science Fiction , General",Bantam Books,8.79,October,2000,32340
Early Thunder,"By Fritz, Jean and Ward, Lynd (ILT)","From Newbery Honor-winning author Jean Fritz comes, ""The most alive story of the American Revolution that has appeared in many years."" —The Horn BookIn pre-revolutionary Salem, fourteen-year-old Daniel begins to re-examine his loyalty to the King as the conflict between Tories and patriots increasingly divides the townspeople."," Young Adult Fiction , Historical , General",Puffin,4.99,October,1987,32436
Jane Eyre (Puffin Classics),"By Bronte, Charlotte","Jane Eyre is one of the most loved English Classics of all time! Mystery, hardship--and love.   Jane comes from nothing but she desires everything life can offer her. And when she finds work as a governess in a mysterious mansion, it seems she has finally met her match with the darkly fascinating Mr Rochester. But Thornfield Hall contains a shameful secret--one that could keep Jane and Rochester apart forever. Can she choose between what is right, and her one chance of happiness?"," Young Adult Fiction , Girls & Women",Puffin Books,5.29,March,1995,32589
The Great Gatsby (Scribner Classic),By F. Scott Fitzgerald,,,Charles Scribner's Sons,4.99,January,1953,32680
50 Days for a Firm Foundation (50 Day Devotional),By Rick Joyner,,,Morningstar Publications (NC),4.99,August,2003,32976
The Easy-to-Read Little Engine that Could (The Little Engine That Could),"By Piper, Watty, Retan, Walter, and Mateu, Francese (ILT)","""I think I can!  I think I can!"" The classic tale of the little engine who wasn't afraid to try.  Here is a delightful adaptation of one of the best-selling children's books of all time with a vocabulary specially geared for beginning readers."," Juvenile Fiction , Transportation , General",Grosset & Dunlap,4.99,September,1986,33021
The Tale of Mrs. Tittlemouse (Peter Rabbit),"By Potter, Beatrix","Mrs. Tittlemouse makes a smaller door to keep Mr. Jackson, a frog, away from her clean house"," Juvenile Fiction , General",Frederick Warne Publishers,5.29,August,1987,33050
Decade of Disillusionment: The Kennedy Johnson Years (America Since World War II),"By Heath, Jim F.","The sixties began optimistically, with Americans full of hope and expectation, voting to support a new, young, charismatic leader who promised to ""move America forward."" Tragically, something went wrong. Instead of finding its Utopia, America became a country struggling desperately to escape its Armageddon. President Kennedy's New Frontier fell far short of its promise in tangible domestic legislation and his foreign policy decisions pushed the world to the brink of a nuclear holocaust, while President Johnson's dream of a Great Society foundered in the quicksand of the Vietnam war. This revealing history of the Kennedy-Johnson years begins with the presidential primaries of 1960 and concludes with Johnson's final weeks as a lame duck President. An expert and objective history of an exciting period—its social, cultural, and economic facets as well as its political developments."," History , United States , 20th Century",Indiana University Press,4.99,September,1976,33078
Food & Wine Magazine's Best of the Best,By,"The author provides 50 recipes along with a culinary journey through the traditional and fusion cuisines of Southeast Asia, from the wet markets in Singapore to elegant Hong Kong restaurants"," Cooking , General",St Martins Pr,10.99,October,1999,33099
Color in the American Home,"By Wills, Margaret Sabo","Color in the American Home shows how to establish a room's character with the decorator's most personal, versatile, and evocative tool-color. The book makes the case for the ""power of the palette"" with colors that are the essence of American style. America's many-layered history, diverse ethnic traditions, and lively regional differences offer a rich array of color choices for today's homeowner.Color in the American Home's clear, non-technical text will give homeowners the confidence to design with color in their own homes. It will also inspire them with beautiful color photographs of interiors from across the country."," House & Home , Decorating",Creative Homeowner Pr,5.82,July,1998,33459
Bringing up Kids Without Tearing Them Down,"By Leman, Kevin","A guide to imparting self-esteem in developing children explores why self-image is so important, how to build self-esteem by encouragement, the four key causes of misbehavior, and how to discipline. 40,000 first printing. $40,000 ad/promo."," Family & Relationships , General",Delacorte Press,5.29,April,1993,33656
Rogue Planet (Star Wars),"By Bear, Greg","You've seen the blockbuster The Phantom Menace™. You've read the #1 New York Times bestselling book based on George Lucas's masterpiece. Now, before the eagerly awaited release of Episode II, comes a stunning new Star Wars novel from one of science fiction's greatest talents, a writer universally acclaimed for his keen grasp of cutting-edge science and the brilliance of his page-turning plots: multiple Hugo- and Nebula-Award winning author Greg Bear. The result is pure adrenaline--an unforgettable journey stretching from the farthest reaches of known space to the battlefield of a young boy's heart, where a secret struggle is being waged that will decide the fate of billions.That boy is twelve-year-old Anakin Skywalker. The Force is strong in Anakin . . . so strong that the Jedi Council, despite misgivings, entrusted the young Jedi master Obi-Wan Kenobi with the mission of training him to become a Jedi Knight. Obi-Wan--like his murdered master Qui-Gon-- believes Anakin may be the Chosen One, the Jedi destined to bring balance to the Force. But first Obi-Wan must help his undisciplined, idealistic apprentice, who still bears the scars of slavery, find his own balance.Dispatched to the mysterious planet of Zonama Sekot, source of the fastest ships in the galaxy, Obi-Wan and Anakin are swept up in a swirl of deadly intrigue and betrayal. For the Trade Federation is interested in Zonama Sekot as well. Raith Sienar, a brilliant but unscrupulous weapons and ship designer, seizes the opportunity to make a killing by stealing the secret of the superfast ships. As Sienar strikes with all the brutal power of the Trade Federation, Obi-Wan and Anakin sense a disturbance in the Force unlike any they have encountered before. It seems there are more secrets on Zonama Sekot than meet the eye.The search for those secrets will threaten the bond between Obi-Wan and Anakin . . . and bring the troubled young apprentice face-to-face with his deepest fears--and his darkest destiny."," Fiction , Science Fiction , Space Opera",LucasBooks,5.47,May,2000,33857
Dewey Doo-It Helps Little Owlie Fly Again: A Children's Story About Christopher Reeve and the Christopher Reeve Paralysis Foundation,"By Gillmore, Jean (ILT), Green, Alan, Wenger, Brahm, and Rosenberg, John M.","Dewey Doo-it, an energetic little guy with a heart of gold, discovers that his friend Little Owlie has had an accident and can no longer fly, in a story about paralysis with a portion of the proceeds going to the Christopher Reeve Paralysis Foundation."," Juvenile Fiction , Social Issues , Values & Virtues",UNKNO,5.29,April,2005,34508
Pride and Prejudice (Bantam Classics),"By Austen, Jane","For over 150 years, Pride And Prejudice has remained one of the most popular novels in the English language. Jane Austen herself called this brilliant work her 'own darling child.' Pride And Prejudice , the story of Mrs. Bennet's attempts to marry off her five daughters is one of the best-loved and most enduring classics in English literature. Excitement fizzes through the Bennet household at Longbourn in Hertfordshire when young, eligible Mr. Charles Bingley rents the fine house nearby. He may have sisters, but he also has male friends, and one of these -- the haughty, and even wealthier, Mr. Fitzwilliam Darcy -- irks the vivacious Elizabeth Bennet, the second of the Bennet girls. She annoys him. Which is how we know they must one day marry. The romantic clash between the opinionated Elizabeth and Darcy is a splendid rendition of civilized sparring. As the characters dance a delicate quadrille of flirtation and intrigue, Jane Austen's radiantly caustic wit and keen observation sparkle."," Fiction , Classics",Bantam Classics,7.29,December,1983,34684
So You're Thinking About Homeschooling: Fifteen Families Show How You Can Do It,"By Whelchel, Lisa","Confused and intimidated by the complexities of homeschooling, many sincere  parents never get past the ""thinking about it"" stage. Now Lisa Whelchel - herself a homeschooling mother of three - introduces fifteen real families and shows how they overcome the challenges of their unique homeschooling situations. This nuts-and-bolts approach deals with common questions of time management, teaching weaknesses, and outside responsibilities, as well as children's age variations, social and sports involvement, learning  disabilities, and boredom. Seeing a wide variety of successfully homeschooling families in action will give  parents the confidence to make their own dream of home-based education a reality."," Religion , Christian Life , General",Multnomah,5.29,March,2003,34724
"The Foundation Center's Guide to Proposal Writing (Foundation Center's Guide to Proposal Writing, 3rd ed)","By Geever, Jane C.","The chairman of a development consulting firm and long-time fundraising expert provides thorough instructions on the basics and more esoteric aspects of writing proposals for nonprofits.  Includes some 40 recent interviews with the people who review proposals, along with sample proposals and pre-proposal research and planning tips. Annotation c. Book News, Inc., Portland, OR (booknews.com)"," Business & Economics , Business Writing",Foundation Center,5.29,December,2002,35101
Foundation and Earth,"By Asimov, Isaac","The fifth novel in Asimov's popular Foundation series opens with second thoughts. Councilman Golan Trevize is wondering if he was right to choose a collective mind as the best possible future for humanity over the anarchy of contentious individuals, nations and planets. To test his conclusion, he decides he must know the past and goes in search of legendary Earth, all references to which have been erased from galactic libraries. The societies encountered along the way become arguing points in a book-long colloquy about man's fate, conducted by Trevize and traveling companion Bliss, who is part of the first world/mind, Gaia."," Fiction , Science Fiction , General",Del Rey,27.83,September,1987,35169
Fitzgerald's The Great Gatsby (Cliffs Notes),"By Northman, Phillip (EDT)",," Study Aids , Study Guides","Cliff Notes, Inc.",5.29,November,1964,35231
Bronte's Jane Eyre (Cliffs Notes),"By Jacobson, Karin","The original CliffsNotes study guides offer expert commentary on major themes, plots, characters, literary devices, and historical background. The latest generation of titles in this series also feature glossaries and visual elements that complement the classic, familiar format.Question Victorian — and present-day — society as you study Charlotte Bronte's popular novel with CliffsNotes on Jane Eyre. What is women's position in society? What is the relationship of dreams and fantasy to reality? What is the basis of an effective marriage? Bronte tackles all these questions and more through the story of her heroine Jane Eyre.CliffsNotes provides detailed plot summaries, critical commentaries, and a helpful character map to help you uncover all the insight this novel has to offer. Make your study of this timeless novel a success with CliffsNotes on Jane Eyre. Other features that help you study includeCharacter analyses of major playersCritical essaysA review section that tests your knowledgeBackground on the author, including career highlightsClassic literature or modern modern-day treasure — you'll understand it all with expert information and insight from CliffsNotes study guides."," Study Aids , Study Guides",Cliffs Notes,5.29,January,1982,35235
Stillwatch,"By Clark, Mary Higgins","A young woman, on the threshold of a career that leads her to Washington, discovers that her questions about her childhood have unlocked a dangerous secret"," Fiction , Thrillers , Suspense",Simon & Schuster,5.29,October,1984,35285
The Last Days of Dogtown: A Novel,"By Diamant, Anita","A magnificent storyteller with vast imaginative range, Anita Diamant gave voice to the silent women of the Old Testament in The Red Tent. Now, in her third novel, she brings to vivid life an early New England world that history has forgotten.Set on Cape Ann in the early 1800s, The Last Days of Dogtown is peopled by widows, orphans, spinsters, scoundrels, whores, free Africans, and ""witches."" Nearly a decade ago, Diamant found an account of an abandoned rural backwater near the Massachusetts coastline at the turn of the nineteenth century. That pamphlet inspired a stunning novel about a small group of eccentrics and misfits, struggling in a harsh, isolated landscape only fifty miles north of Boston, yet a world away.Among the inhabitants of Dogtown are Black Ruth, an African woman who dresses as a man and works as a stone mason; Mrs. Stanley, an imperious madam whose grandson, Sammy, comes of age in her rural brothel; Oliver Younger, who survives a miserable childhood at the hands of a very strange aunt; and Cornelius Finson, a freed slave whose race denies him everything. At the center of it all is Judy Rhines, a fiercely independent soul, deeply lonely, who nonetheless builds a life for herself and inspires those around her to become more generous and tolerant themselves.This is a story of hardship and resilience -- and an extraordinary re-creation of an untold chapter of early American life. With a keen ear for language and profound compassion for her characters, Diamant has written her most moving and powerful novel."," Fiction , Historical",Scribner,4.99,August,2005,35308
Strong Motion: A Novel,"By Franzen, Jonathan","Louis Holland arrives in Boston in a spring of ecological upheaval (a rash of earthquakes on the North Shore) and odd luck: the first one kills his grandmother. Louis tries to maintain his independence, but falls in love with a Harvard seismologist whose discoveries about the earthquakes' cause complicate everything."," Fiction , Literary",Picador,4.99,September,2001,35784
Tickly Under There,"By Gliori, Debi","A large-format, 9 x 9, very appealing board book featuring a furry family of bears that introduces young readers to the parts of the body.This board book with it's simple rhyming text offers a breezyintroduction to body parts and the joys and wonder they entail.See ""Can I Have a Hug"" for Debi Gliori reviews."," Juvenile Fiction , Nature & the Natural World , General",Orchard,5.29,February,2002,36137
"The Last Shot: City Streets, Basketball Dreams","By Frey, Darcy","For the average American boy, a basketball scholarship to college is not a necessity. But for many young athletes at Lincoln High School in Coney Island, New York, it is the only escape from the crime and poverty of the inner city.  In The Last Shot, author Darcy Frey chronicles the hopes and aspirations of four of Lincoln High's most promising players. What Frey finds is an environment that, by stressing the game above all else, has left its young athletes with nowhere to turn but to the glamorous coaches, slick recruiters, and million-dollar athletic companies who offer everything but guarantee nothing.  Gracefully and compassionately written, The Last Shot is a startling and disillusioning exposé of inner-city life and the big business of college basketball."," Sports & Recreation , Basketball",Touchstone,5.29,January,1996,36223
Where the Grass Is Always Greener: Insight and Inspiration from the Fairway,"By Finley, Donny (ILT), Glaspey, Terry, and Finley, Donny","Such golf enthusiasts as Bob Welch, Steve Overman, and Max Lucado contribute stories, quotes, historical facts, and insight into the love of the sport."," Sports & Recreation , Golf",Harvest House Pub,4.99,August,2000,36289
Marriage is for Keeps: Foundations for Christian Marriage,"By Kippley, John F.",,,Family Publishing Company,5.29,April,1995,36398
"Illuminations: Visions for Change, Growth, and Self-Acceptance","By Paul, Stephen C.","Drawing from his experience as a therapist, counselor, and teacher, Stephen Paul has composed this collection of inspirational aphorisms for mediation and renewal. These practical yet lyrical statements offer challenging insights for people embarking on a path of personal growth and change. Each page provides a powerful source of mediation for self-realization and liberation. Beautiful abstract paintings by the internationally acclaimed artist Gary Max Collins accompany each thoughtful maxim, serving as a focus for individual contemplation."," Self-help , Personal Growth , Self-Esteem",HarperSanFrancisco,5.29,December,1990,36568
Tickle's Tale (Serendipity Series),"By Cosgrove, Stephen and James, Robin (ILT)","Tickle, the cat, finds out what being too curious can lead to when he meddles in his wizard master's spell book"," Juvenile Fiction , General",Price Stern Sloan,5.29,May,1989,36616
"A Dog's Life (Sabrina the Teenage Witch, Book 9)","By Dubowski, Cathy East","When Harvey stops by Sabrina's house with Macdougal, the dog he's pet-sitting, he finds Sabrina elbow-deep in brownie batter. She's trying to bake like a normal teenager -- without using her powers. But with some of her ingredients missing and her electric mixer on the blink, Sabrina decides to conjure up a little magical help.  Suddenly, Sabrina's mixing spell goes horribly haywire, bouncing into the dining room and zapping Harvey and Macdougal. Now Harvey's in canine chaos and his voice is coming out of the golden retriever's drooling jaws!  With the Quizmaster on her case and her best friend chasing cats, Sabrina's in the doghouse -- unless she can find the trick that will get rid of Harvey's dog days for good!"," Young Adult Fiction , Fantasy , General",Simon Spotlight Entertainment,5.29,April,1998,36669
What Happens When We Die (Childrens Bible Basics),"By Nystrom, Carolyn and Reeves, Eira (ILT)","The thought of dying can make any child sad and scared. ""Will it hurt?  Does God want me to die? Where is heaven? Will Mom and Dad be there? How do I get  there if I'm buried in the ground?"" In this simple yet profound book, your  children will see for themselves the reasons people die...and what God has in store  for them in heaven."," Juvenile Nonfiction , Religious , Christian , General",Moody Publishers,5.29,September,1992,36719
Dinosaur Days (Step into Reading),"By Milton, Joyce",Brief and simple descriptions of the various kinds of dinosaurs that roamed the earth millions of years ago.," Juvenile Nonfiction , Readers , Beginner",Random House Books for Young Readers,5.29,April,1985,36838
The Committed Marriage (Biblical Perspectives on Current Issues),"By Achtemeier, Elizabeth","From a biblical point of view, the author examines the contemporary state of marriage and family life, identifies sources of conflict within marriage, and clarifies the nature of Christian marriage"," Religion , Christian Life , Family",Westminster John Knox Press,4.99,January,1976,36861
Pride and Prejudice (Puffin Classics),"By Austen, Jane","Now young readers can enjoy this beloved classic.Mr and Mrs Bennet live with their five daughters. Jane, the eldest daughter, falls in love with Charles Bingley, a rich bachelor who moves into a house nearby with his two sisters and friend, Fitzwilliam Darcy. Darcy is attracted to the second daugher, Elizabeth, but Elizabeth finds him arrogant and self-centered. When Darcy proposes to Elizabeth, she refuses. But perhaps there is more to Darcy than meets the eye. For over 150 years, Jane Austen's warm, witty account of love, family, and the folly of first impressions has been praised as a must-read book for readers of all ages."," Young Adult Fiction , Classics",Puffin Books,8.29,October,1995,37006
The Bunny Hop (Hello Reader! Level 1),"By Slater, Teddy and Di Fiori, Larry (ILT)","Buddy Rabbit is ignored by the girls because of his incompetent dancing, until he masters the bunny hop"," Juvenile Fiction , Animals , Rabbits",Cartwheel,5.29,March,1992,37088
Real Kids Real Adventures: Over the Edge,"By Morris, Deborah","Collects stories of heroic young people who were forced to save their own lives and the lives of others when they encountered such dangers as a rock-climbing accident, a kidnapper, a shark attack, and an underground flood"," Biography & Autobiography , General",Berkley,5.29,September,1997,37092
Foundation's Edge,"By Asimov, Isaac","Now, 498 years after its founding, the Foundation seemed to be following the Seldon Plan perfectly. Too perfectly. Now an impossible planet -- with impossible powers -- threatens to upset the Seldon Plan for good unless two men, sworn enemies, can work together to save it!",,Del Rey,6.29,October,1983,37162
"More Spaghetti, I Say! (Scholastic Reader Level 2)","By Gelman, Rita Golden and Gerberg, Mort (ILT)","Minnie the monkey is too busy eating spaghetti--all day, in all ways--to play with her friend Freddie."," Juvenile Fiction , Cooking & Food",Cartwheel,4.99,January,1993,37229
An Anteater Named Arthur,"By Waber, Bernard","In a story told through his mother's eyes, Arthur is seen as a sometimes annoying, but always lovable, anteater."," Juvenile Fiction , Animals , General",HMH Books for Young Readers,4.99,October,1977,37698
Power Parenting for Children with ADD/ADHD: A Practical Parent's Guide for Managing Difficult Behaviors,"By Flick, Grad L.","As a professional working with all types of children on a daily basis, you know what a positive influence parents can have on a child's success in school and beyond. You also know how essential parental involvement is for children with attention deficit disorders, especially when the child's difficult behaviors controlsituations with his or her peers, siblings, and adults. Now you can give parents guidance and hope in dealing with their children through Power Parenting for Children with ADD/ADHD: A Practical Parent's Guide for Managing Difficult Behaviors. Written in clear, nontechnical language, this much-needed guide provides practical, real-life techniques and activities to help parents."," Family & Relationships , Attention Deficit Disorder (ADD-ADHD)",Jossey-Bass,5.29,May,1996,38506
Invisible Lives,"By Banerjee, Anjali","From the acclaimed author of Imaginary Men comes an enchanting new novel about a young woman with an uncanny ability to see deep into every heart but her own.   Lakshmi Sen was born with a magical ability to perceive the secret longings in others. Putting aside her own dreams to help run her widowed mother's struggling Seattle sari shop, Mystic Elegance, Lakshmi knows exactly how to bring happiness to customers -- from lonely immigrants to starry-eyed young brides. And to honor her father's dying wish, she has agreed to marry a respectable Indian doctor who will uphold her family's traditions.   But when a famous Indian actress chooses Mystic Elegance to provide her wedding trousseau, Lakshmi finds herself falling for the actress's sexy chauffeur -- all-American Nick Dunbar -- and her powers seem to desert her just as she needs them most. As Nick draws Lakshmi into his world, however, new dreams awaken in her, and she begins to uncover deeper, startling longings in her mother, her friends, her fiancé, and even herself. But choosing between Nick and her fiancé seems an impossible task, like intuiting the very nature of true love. Is it instantly recognizable or does it need time to grow? And how can she possibly know for sure?"," Fiction , Romance , General",Gallery Books,5.29,September,2006,38743
Restoration (Rai Kirah),"By Berg, Carol","Seyonne, the slave-turned-savior of the acclaimed Revelation and Transformation, returns to fight evil and tame the demons within him—in the third novel in this ""thoroughly original"" (Starburst) epic saga."," Fiction , Fantasy , General",Ace,4.99,August,2002,39120
Quality Is Personal: A Foundation For Total Quality Management,"By Roberts, Harry V. and Sergesketter, Bernard F.",," Business & Economics , General",Free Press,5.29,June,1993,39229
Christmas Dreams (Portraits of Little Women),"By Pfeffer, Susan Beth, Ramsey, Marcy Dunn (ILT), and Maestro, Laura (ILT)","Each of the girls has a choice to make about the beautiful brooch.Meg's Christmas Dream: Meg would gladly exchange it for a gift for her father....Jo's Christmas Dream: Jo behaves like a total scrooge and must learn the true spirit of Christmas.Beth's Christmas Dream: Beth discovers what her sisters' and parents' lives would have been like without her.Amy's Christmas Dream: Always happy to receive presents, Amy surprises everyone when she bestows a gift to a poor little girl.This quartet of Christmas stories captures the joyful spirit of the holiday season."," Juvenile Fiction , Holidays & Celebrations , Christmas & Advent",Delacorte Books for Young Readers,5.29,October,1998,39285
Mary Queen of Scotland and the Isles,"By George, Margaret","She became Queen of Scots when she was only six days old. Life among the warring factions in Scotland was dangerous for the infant Queen, however, and at age five Mary was sent to France to be raised alongside her betrothed, the Dauphin Francois. Surrounded by all the sensual comforts of the French court, Mary's youth was peaceful, charmed, and when she became Queen of France at the age of sixteen, she seemed to have all she could wish for. But by her eighteenth birthday, Mary was a widow who had lost one throne and had been named by the Pope for another. And her extraordinary adventure had only begun."," Fiction , Romance , Historical , General",St Martins Pr,8.79,September,1992,39476
The Silicon Boys: And Their Valley of Dreams,"By Kaplan, David A.","In ""the best book to date on the subject"" (San Francisco Chronicle), prize-winning journalist David A. Kaplan brings to life the culture and history of Silicon Valley. The symbol of high-tech genius and ineffable wealth, a place that competes with Hollywood and Washington in the zeitgeist of success and excess, the Valley is the epicenter of the New Economy. Depending on yesterday's stock market close, roughly a quartermillion Siliconillionaires live in the Valley. And they're building megalo-mansions and buying Lamborghinis as fast as they can. Combining reportorial insight and biting wit, The Silicon Boys tells the unforgettable story of dreams and greed, ambition and luck, that has become the Valley of the Dollars."," Business & Economics , Industries , Computers & Information Technology",Harper Collins,4.99,May,2000,39951
Broken Music: A Memoir,By Sting,"Having been a songwriter most of my life, condensing my ideas and emotions into short rhyming couplets and setting them to music, I had never really considered writing a book. But upon arriving at the reflective age of fifty, I found myself drawn, for the first time, to write long passages that were as stimulating and intriguing to me as any songwriting I had ever done.And so Broken Music began to take shape. It is a book about the early part of my life, from childhood through adolescence, right up to the eve of my success with the Police. It is a story very few people know.I had no interest in writing a traditional autobiographical recitation of everything that’s ever happened to me. Instead I found myself drawn to exploring specific moments, certain people and relationships, and particular events which still resonate powerfully for me as I try to understand the child I was, and the man I became.From the Hardcover edition."," Biography & Autobiography , Music",Dial Press Trade Paperback,5.29,January,2005,40088
Understanding Alzheimer's Disease: What It Is How to Cope With It Future Directions,"By Aronson, Miriam K. (EDT) and Alzheimer's Disease and Related Disorders Association (Chicago, Ill.)","This comprehensive guide includes a checklist of early warning signs, the latest data pertaining to diagnosis, treatment, possible causes, and promising research, and information on the legal rights of patients and their families"," Health & Fitness , General",Scribners,9.89,March,1988,40138
Dancing at the Rascal Fair: A Novel,"By Doig, Ivan",Traces thirty years in the lives of Angus McCaskill and Rob Barclay who emigrate from Scotland to Montana in 1889," Fiction , General",HarperCollins,5.29,September,1988,40177
Little Women (Little Apple Classics),"By Alcott, Louisa May, Magagna, Ann M., and Jambour, Louis (ILT)","Little Women has remained enduringly popular since its publication in 1868, becoming the inspiration for a whole genre of family stories. Set in a small New England community, it tells of the March family: Marmee looks after her four daughters in the absence of her husband, who is serving as an army chaplain in the Civil War, and Meg, Jo, Beth, and Amy experience domestic trials and triumphs as they attempt to supplement the family's small income. In the second part of the novel (sometimes known as Good Wives) the girls grow up and fall in love.",,Apple,5.29,March,1992,40242
The Thousand Recipe Chinese Cookbook,"By Miller, Gloria Bley","An essential resource in the American kitchen and a classic for nearly four decades, this is the definitive Chinese cookbook, perfect for cooks at every level.Here is the largest, most comprehensive Chinese cookbook ever published for the Western world. A Tastemaker Award winner, Gloria Bley Miller distills centuries of Chinese recipes and techniques into concise and easy-to-follow directions that will enable any cook to produce dishes that please the eye, delight the palate, and suit the budget. With verve and wit, Miller tells you how to prepare everything from egg drop soup and drunken pork to sizzling rice and delicate wontons. There are 150 recipes for chicken alone, plus dozens of variations on pork dishes, vegetables, and noodles, as well as other Chinese favorites. Using Miller's recipes, ordinary meat and seafood become delicacies, while vegetables retain their color and texture. And Miller's delicious recipes are splendidly high in nutrients and low in calories. The Thousand Recipe Chinese Cookbook contains everything the cook needs to know about Chinese cooking, including how to: -Use special Chinese cooking techniques such as steaming and stir-frying -Create unique seasonings and sauces -Substitute hard-to-find ingredients with those available in any supermarket -Plan menus suited to every time constraint, budget, and occasion The classic Chinese cookbook, this is the only book you'll ever need to master one of the world's greatest and most versatile cuisines."," Cooking , Regional & Ethnic , Chinese",Atria Books,5.63,November,1984,40420
The Sorcerer's Companion: A Guide to the Magical World of Harry Potter,"By Kronzek, Allan Zola and Kronzek, Elizabeth","Who was the real Nicholas Flamel? How did the Sorcerer’s Stone get its power? Did J. K. Rowling dream up the terrifying basilisk, the seductive veela, or the vicious grindylow? And if she didn’t, who did?Millions of readers around the world have been enchanted by the magical world of wizardry, spells, and mythical beasts inhabited by Harry Potter and his friends. But what most readers don’t know is that there is a centuries-old trove of true history, folklore, and mythology behind Harry’s fantastic universe. Now, with The Sorcerer’s Companion, those without access to the Hogwarts library can school themselves in the fascinating reality behind J.K. Rowling’s world of magic. The Sorcerer’s Companion allows curious readers to look up anything magical from the Harry Potter books and discover a wealth of entertaining, unexpected information.  Wands and wizards, boggarts and broomsticks, hippogriffs and herbology, all have astonishing histories rooted in legend, literature, or real-life events dating back hundreds or even thousands of years. Magic wands, like those sold in Rowling’s Diagon Alley, were once fashioned by Druid sorcerers out of their sacred yew trees.  Love potions were first concocted in ancient Greece and Egypt. And books of spells and curses were highly popular during the Middle Ages. From Amulets to Zombies, you’ll also learn:•  how to read tea leaves •  where to find a basilisk today •  how King Frederick II of Denmark financed a war with a unicorn horn •  who the real Merlin was •  how to safely harvest mandrake root •  who wore the first invisibility cloak•  how to get rid of a goblin •  why owls were feared in the ancient world•  the origins of our modern-day “bogeyman,” and more.  A spellbinding tour of Harry’s captivating world, The Sorcerer’s Companion is a must for every Potter aficionado’s bookshelf.The Sorcerer's Companion has not been prepared, approved, or licensed by any person or entity that created, published, or produced the Harry Potter books or related properties."," Social Science , Folklore & Mythology",Broadway,4.99,January,2001,40503
Just a Bully (Look-Look),"By Mayer, Gina and Mayer, Mercer","When a vicious bully targets Little Sister, Little Critter sets out to defend her, making him the focus of the bully's nasty pranks, until Little Sister and Little Critter join forces to stand up for themselves. Original."," Juvenile Fiction , General",Golden Books,5.29,October,1999,40754
Pemberley: Or Pride and Prejudice Continued,"By Tennant, Emma","As Jane Austen's beloved novel Pride and Prejudice comes to a close, Elizabeth Bennet proudly announces her engagement to Mr. Darcy, boasting, ""We are to be the happiest couple in the world."" But after the nuptials, can a marriage between two people as strong-willed as Elizabeth and Darcy survive? With all the wit and style of Jane Austen, Emma Tennant brilliantly imagines both the perils and pleasure of such a marriage.It's now a year after the wedding, and the time has come for Elizabeth and Darcy to invite their families to visit Pemberley—but not without trepidation, for any gathering that includes both Mrs. Bennet and Lady Catherine de Bourgh must occasion gaffes and hurt feelings. And when Darcy becomes increasingly distant and Elizabeth falls prey to vicious gossip, the forces of pride and prejudice are at work once again in this ""eminently enjoyable"" continuation of Pride and Prejudice (Los Angeles Times)."," Fiction , Historical , General",St. Martin's Griffin,5.29,August,2006,41486
Pillar of Sand: Can the Irrigation Miracle Last? (Environmental Alert Series),"By Postel, Sandra","For 6,000 years, irrigation has ranked among the most powerful tools of human advancement. The story of settled agriculture, the growth of cities, and the rise of early empires is, to no small degree, a story of controlling water to make the land more prosperous and habitable. Pillar of Sand examines the history, challenges, and pitfalls of irrigated agriculture — from ancient Egypt and Mesopotamia to twentieth-century India and the United States. By unmasking the risks faced by irrigation-based societies — including water scarcity, soil salinization, and conflicts over rivers — water specialist Sandra Postel connects the lessons of the past with the challenge of making irrigation thrive into the twenty-first century and beyond. Protecting rivers and vital ecosystems as the world aims to feed 8 billion people will require a doubling of water productivity — getting twice as much benefit from each gallon removed from rivers, lakes, and aquifers. Pillar of Sand points the way toward managing the growing competition for scarce water. And it lays out a strategy for correcting a startling flaw of the modern irrigation age — its failure to better the lives of the majority of the world's poorest farmers."," Science , Environmental Science",W. W. Norton & Company,5.29,July,1999,41573
Spoiled Rotten: Today's Children and How to Change Them,"By Gosman, Fred G.","It starts with designer diapers. It extends to extravagant birthday parties, leads to boorish behavior and plummeting grades. What is the problem here? It's what we are doing to our children by not having the smarts to set boundaries, impose rules, and give them the firm, unwavering guidance they really need.Finally, someone has written a book to help beleaguered parents take back their homes and their children. With specific tactics, unforgettable one-liners, and dead-on-target advice, Fred Gosman shows you how to: quit your job as your child's servantinstitute discipline and appropriate punishments for your misbehaving childrendeal with tantrums and threats from your childreneliminate the excesses and bad influences that make our children think life is a beachput a lid on the TV help your child do better in school."," Family & Relationships , Parenting , General",Warner Books,4.99,September,1993,42165
Harry Potter and Philosophy: If Aristotle Ran Hogwarts,"By Irwin, William, Baggett, David (EDT), and Klein, Shawn (EDT)","Harry Potter has put a spell on millions of readers, and they all want to find out more about the deeper meaning of his adventures. In Harry Potter and Philosophy, 17 experts in the field of philosophy unlock some of Hogwarts' secret panels, uncovering surprising insights that are enlightening both for wizards and for the most discerning muggles. Individual chapters look at such topics as life revealed in the Mirror of Erised; the ethics of magic; Moaning Myrtle, Nearly Headless Nick, and the relation of the mind to the brain; and the character of Hermione as a case of ""sublimated feminism."" Also examined in this witty collection are how Aristotle would have run a school for wizards; whether the Potter stories undermine religion and morality; how to tell good people from evil ones through the characters in these novels; and what dementors and boggarts can teach readers about happiness, fear, and the soul."," Fiction , Fantasy , General",Open Court,10.98,September,2004,42293
The Filmmaker's Handbook: A Comprehensive Guide for the Digital Age,"By Pincus, Edward, Ascher, Steven, Keller, Carol (ILT), Brun, Robert (ILT), Spagna, Ted (PHT), and McCarthy, Stephen (PHT)","A comprehensive guide for commercial and independent filmmakers, students, and teachers of film and video, updated from the 1984 edition to include recent technology, methods, and examples. Explains such aspects as shooting with film and video cameras, editing with computer-based nonlinear systems, digital and analog recording, and business aspects of producing and distributing movies. Annotation c. by Book News, Inc., Portland, Or."," Performing Arts , Film , Direction & Production",Plume,6.0,March,1999,42384
Invisible Prey,"By Sandford, John","In the richest neighborhood of Minneapolis, two elderly women lie murdered in their home, killed with a pipe, the rooms tossed, only small items stolen. It is clearly the random work of someone looking for money to buy drugs. But as Davenport looks more closely, he begins to wonder whether the items are actually so small and the victims so random-if there might not be some invisible agenda at work here. Gradually, a pattern begins to emerge, and it leads him to . . . certainly nothing he ever expected. Which is too bad, because the killers-and, yes, there is more than one of them-the killers are expecting him. Brilliantly suspenseful, filled with rich characterization and exciting drama, Invisible Prey is further proof that Sandford is in a class of his own."," Fiction , Thrillers , Suspense",Putnam Adult,8.29,May,2007,42536
"House Corrino (Dune: House Trilogy, Book 3)","By Herbert, Frank, Herbert, Brian, and Anderson, Kevin J.","The triumphant conclusion to the blockbuster trilogy that made science fiction history!In Dune: House Corrino Brian Herbert and Kevin J. Anderson bring us the magnificent final chapter in the unforgettable saga begun in Dune: House Atreides and continued in Dune: House Harkonnen. Here nobles and commoners, soldiers and slaves, wives and courtesans shape the amazing destiny of a tumultuous universe. An epic saga of love and war, crime and politics, religion and revolution, this magnificent novel is a fitting conclusion to a great science fiction trilogy ... and an invaluable addition to the thrilling world of Frank Herbert’s immortal Dune.Dune: House CorrinoFearful of losing his precarious hold on the Golden Lion Throne, Shaddam IV, Emperor of a Million Worlds, has devised a radical scheme to develop an alternative to melange, the addictive spice that binds the Imperium together and that can be found only on the desert world of Dune. In subterranean labs on the machine planet Ix, cruel Tleilaxu overlords use slaves and prisoners as part of a horrific plan to manufacture a synthetic form of melange known as amal. If amal can supplant the spice from Dune, it will give Shaddam what he seeks: absolute power.But Duke Leto Atreides, grief-stricken yet unbowed by the tragic death of his son Victor, determined to restore the honor and prestige of his House, has his own plans for Ix. He will free the Ixians from their oppressive conquerors and restore his friend Prince Rhombur, injured scion of the disgraced House Vernius, to his rightful place as Ixian ruler. It is a bold and risky venture, for House Atreides has limited military resources and many ruthless enemies, including the sadistic Baron Harkonnen, despotic master of Dune. Meanwhile, Duke Leto’s consort, the beautiful Lady Jessica, obeying the orders of her superiors in the Bene Gesserit Sisterhood, has conceived a child that the Sisterhood intends to be the penultimate step in the creation of an all-powerful being. Yet what the Sisterhood doesn’t know is that the child Jessica is carrying is not the girl they are expecting, but a boy. Jessica’s act of disobedience is an act of love — her attempt to provide her Duke with a male heir to House Atreides — but an act that, when discovered, could kill both mother and baby. Like the Bene Gesserit, Shaddam Corrino is also concerned with making a plan for the future — securing his legacy. Blinded by his need for power, the Emperor will launch a plot against Dune, the only natural source of true spice. If he succeeds, his madness will result in a cataclysmic tragedy not even he foresees: the end of space travel, the Imperium, and civilization itself.With Duke Leto and other renegades and revolutionaries fighting to stem the tide of darkness that threatens to engulf their universe, the stage is set for a showdown unlike any seen before."," Fiction , Science Fiction , General",Spectra,18.3,October,2001,42540
"Closed Chambers: The Rise, Fall, and Future of the Modern Supreme Court","By Lazarus, Edward","Operating within a Network of Byzantine Secrecy, The United States Supreme Court is the most powerful judicial institution in the world. Nine unelected justices are charged with protecting our most cherished rights and shaping our fundamental laws.In this account, Edward Lazarus, who served as a clerk to Justice Harry Blackmun, provides an insider's guided tour of a court at war with itself and often in neglect of its constitutional duties. Combining memoir, history, and legal analysis, Lazarus weaves together past and present to reveal how law, politics, and personality collide in the Court's inner sanctum."," Law , Legal History",Penguin Books,5.29,June,1999,42685
A Is for Alibi (A Kinsey Millhone Mystery),"By Grafton, Sue","Laurence Fife was a slick divorce lawyer and  slippery ladies' man. Until someone killed him. The  jury believed that it was his pretty young wife  Nikki, so they sent her to prison for eight years.  Now, Nikki's out on parole and Kinsey Miihone's in  for trouble. Nikki hires Kinsey to discover who  really killed her husband. But the trail is eight  years cold, and at the end is a chilling twist even  Kinsey doesn't suspect -- a second eight-year-old  murder and a brand new corpse."," Fiction , Mystery & Detective , General",Crimeline,5.29,July,1987,42692
The Butlerian Jihad (Legends of Dune #1),"By Herbert, Brian and Anderson, Kevin J.","Frank Herbert's Dune series is one of the grandest epics in the annals of imaginative literature. Selling millions of copies worldwide, it is science fiction's answer to The Lord of the Rings, a brilliantly imaginative epic of high adventure, unforgettable characters, and immense scope. Decades after Herbert's original novels, the Dune saga was continued by Frank Herbert's son, Brian Herbert, an acclaimed SF novelist in his own right, in collaboration with Kevin J. Anderson. Their New York Times bestselling trilogy, Dune: House Atreides, Dune: House Harkonnen, and Dune: House Corrino, formed a prequel to the classic Herbert series that was acclaimed by reviewers and readers alike. Now Herbert and Anderson, working from Frank Herbert's own notes, reveal a pivotal epoch in the history of the Dune universe, the chapter of the saga most eagerly anticipated by readers: The Butlerian Jihad.Throughout the Dune novels, Frank Herbert frequently referred to the long-ago war in which humans wrested their freedom from ""thinking machines."" Now, in Dune: Butlerian Jihad, Brian Herbert and Kevin J. Anderson bring to life the story of that war, a tale previously seen only in tantalizing hints and clues. Finally, we see how Serena Butler's passionate grief ignites the war that will liberate humans from their machine masters. We learn the circumstances of the betrayal that made mortal enemies of House Atreides and House Harkonnen; and we experience the Battle of Corrin that created a galactic empire that lasted until the reign of Emperor Shaddam IV.Herein are the foundations of the Bene Gesserit Sisterhood, the Suk Doctors, the Order of Mentats, and the mysteriously altered Navigators of the Spacing Guild. Here is the amazing tale of the Zensunni Wanderers, who escape bondage to flee to the desert world where they will declare themselves the Free Men of Dune. And here is the backward, nearly forgotten planet of Arrakis, where traders have discovered the remarkable properties of the spice melange . . . . Ten thousand years before the events of Dune, humans have managed to battle the remorseless Machines to a standstill . . . but victory may be short-lived. Yet amid shortsighted squabbling between nobles, new leaders have begun to emerge. Among them are Xavier Harkonnen, military leader of the Planet of Salusa Secundus; Xavier's fiancée, Serena Butler, an activist who will become the unwilling leader of millions; and Tio Holtzman, the scientist struggling to devise a weapon that will help the human cause. Against the brute efficiency of their adversaries, these leaders and the human race have only imagination, compassion, and the capacity for love. It will have to be enough."," Fiction , Science Fiction , Action & Adventure",Tor Books,10.99,October,2002,42756
The NFL Super Bowl Companion: Personal Memories of America's Biggest Game,"By Wiebusch, John (EDT)","Each of the 36 Super Bowl programs has featured at least one story from a writer or celebrity of worldwide renown, and for the first time ever, the best of those stories are now bound in one collection. The list of entries ranges from Jimmy Carter to Dave Barry to David Letterman with each looking at different aspect of football. These stories and dozens more pack the The NFL Super Bowl Companion, a collection of the best writing about football by some of the biggest names in literature, politics, entertainment and sports. The entire library of writings from the past 14 Super Bowl programs has been distilled to this prime collection of 38 essays, observations and stories that chronicle the pain and pleasure in being a football fan. Among the authors included in The NFL Super Bowl Companion are, Carl Hiaasen, Tony Hillerman, Pete Rozelle, Pete Hamill, August Wilson, Jack Kemp, and Jay Leno. Published in conjunction with the NFL, The NFL Super Bowl Companion is a truly unique collection of stories available for the first time in one epic volume."," Sports & Recreation , Football",Triumph Books,5.29,September,2002,42777
Foundations of financial management,"By Block, Stanley B.",,,R. D. Irwin,10.99,January,1978,42970
Killer Dreams: A Novel (Eve Duncan),"By Johansen, Iris","The #1 New York Times bestselling author of Countdown returns with a knock-out suspense thriller that pits a mother and son against a killer who's the stuff of nightmares.If you close your eyes, he’ll get you. Sophie Dunston knows all too well how dreams can kill. As one of the nation’s top sleep therapists, she specializes in the life-threatening night terrors that her ten-year-old son, Michael, suffers from. But she is also an expert in another kind of terror–the kind that can turn a dream life into a living nightmare in the blink of an eye.Someone is watching. He’s a shadowy figure from out of her darkest fears and he hasn’t forgotten her. In one shocking moment of violence, he’d shattered Sophie’s world forever and left her with only one thing to live for: her son. But the nightmare isn’t over for Sophie Dunston. It’s just begun. He’s been waiting. Sophie was supposed to die the first time around, but fate intervened. This time he’ll make sure that not even a miracle will save her.It wasn’t a miracle that saved Jock Gavin, but it was pretty close. A semiretired hit man, commando, and jack-of-all-deadly-trades, he knows what Sophie is up against–and that she’ll need help. But the man he’s chosen for the job is as unpredictable as he is dangerous. Matt Royd is a wild card–hard, cool, merciless–and putting him into play changes the game completely. But to whose advantage?Sophie will soon find out. She will have to trust Royd because she has no choices left. Because the bogeyman haunting her dreams is all too real and he’s on the hunt again. Because the nightmare he’s got planned for Sophie won’t end when she wakes up screaming. It won’t end. Ever."," Fiction , Thrillers , Suspense",Bantam,5.29,August,2007,43129
"Volcanoes! Mountains of Fire (Step-Into-Reading, Step 4)","By Arnold, Eric and Knutson, Doug (ILT)","A volcano could be called a sleeping mountain--that is, until it wakes up! What is it like to witness the eruption of one of nature's majestic time bombs? Young readers can learn what makes volcanoes ""tick,"" and read about some of the most famous eruptions in history."," Juvenile Nonfiction , Science & Nature , Earth Sciences , Earthquakes & Volcanoes",Random House Books for Young Readers,5.29,June,1997,43143
A Taste for Death,"By James, P. D.","Inspector Adam Dalgliesh investigates the throat-slashing murders, in a London church, of Sir Paul Berowne, former Minister of State, and a tramp named Harry Mack, killings that lead Dalgliesh along a most unusual trail"," Fiction , Mystery & Detective , General",Grand Central Pub,5.29,November,1996,43277
Were You There?: Find Yourself With Jesus,"By Dicianni, Ron and Wilson, Neil S.",DiCianni and Wilson combine paintbrush and pen to creatively transport the reader to new depths of understanding about the world Jesus lived in and the one we live in now.," Religion , Inspirational",Integrity Publishers/Integrity Media,4.99,September,2004,43291
Down the Great Unknown: John Wesley Powell's 1869 Journey of Discovery and Tragedy Through the Grand Canyon,"By Dolnick, Edward","Drawing on rarely examined diaries and journals, Down the Great Unknown is the first book to tell the full, dramatic story of the Powell expedition. On May 24, 1869 a one-armed Civil War veteran, John Wesley Powell and a ragtag band of nine mountain men embarked on the last great quest in the American West. The Grand Canyon, not explored before, was as mysterious as Atlantis—and as perilous. The ten men set out from Green River Station, Wyoming Territory down the Colorado in four wooden rowboats. Ninety-nine days later, six half-starved wretches came ashore near Callville, Arizona.Lewis and Clark opened the West in 1803, six decades later Powell and his scruffy band aimed to resolve the West’s last mystery. A brilliant narrative, a thrilling journey, a cast of memorable heroes—all these mark Down the Great Unknown, the true story of the last epic adventure on American soil."," Travel , United States , General",HarperCollins Publishing,10.99,October,2001,44124
Williams' Glass Menagerie and Streetcar Named Desire (Cliffs Notes,"By Roberts, James L.","The original CliffsNotes study guides offer a look into key elements and ideas within classic works of literature.CliffsNotes on Glass Menagerie & Streetcar Named Desire explores two popular plays, both of which take place in the South and borrow heavily from author Tennessee Williams’s own life experiences.Following stories marked by struggle among loved ones, this study guide provides summaries and critical commentaries for each scene within the works. Other features that help you figure out this important work includePersonal background on the playwrightIntroduction to and synopsis of the playsIn-depth analyses of the cast of charactersReview section that features interactive quizzes and suggested essay topicsSelected bibliographies for both playsClassic literature or modern-day treasure — you'll understand it all with expert information and insight from CliffsNotes study guides."," Study Aids , Study Guides",CliffsNotes,5.29,January,1965,44326
The Lord of the Rings and The Hobbit (Cliffs Notes),"By Hardy, Gene B.","Join the journey through Middle-earth in the study guide of these two epic fantasies suggestive of life in medieval days, a classical battle between good and evil and the quest for a magical ring. This guide covers all four volumes of this unforgettable fantasy."," Study Aids , Study Guides",CliffsNotes,5.29,August,1977,44472
The Winter's Tale (Cliffs Notes),"By McLellan, Evelyn","What happens when a king is dominated by jealousy? After ruining the lives of those close to him, he finally learns about life and is offered a second chance. A subplot of lovers torn by class differences ends with a measure of happiness, and the final scene of the drama is upbeat."," Study Aids , Study Guides",John Wiley & Sons,5.29,June,1984,44474
Curious George Visits the Zoo,"By Rey, H. A., Rey, Margret, and Shalleck, Alan J. (EDT)","Curious George and the man with the yellow hat visit the zoo. A hungry Curious George snatches a pail of bananas from the zoo keeper. Though he shouldn't have taken the bananas, George soon changes the zookeeper's shouts to praise with his clever, helpful ways."," Juvenile Fiction , Animals , Apes, Monkeys, etc.",Houghton Mifflin Harcourt,4.99,October,1985,44483
I Love Being a Woman ( Focus On The Family),"By Clairmont, Patsy","“What is it about us women and our rubber-band emotions? Truth be known, ladies, we are in this emotional flurry together. We are capable of going from fearful, to flaunting, to frenzied and everything in-between. And I think it's time to talk.”Best-selling author Patsy Clairmont reveals how women can unwrap God's wonderful gift to them: the gift of emotions. Through biblical role models and personal experiences, Patsy explores the variety of emotional, spiritual, and character qualities that daily challenge us and that make us uniquely women. Through this journey from emotionally wealthy to emotionally healthy, you will discover whyI Love Being a Woman is something to celebrate."," Religion , Christian Life , General",Tyndale House Publishers,5.29,August,1999,45212
Earl Mindell's Soy Miracle Cookbook,"By Mindell, Earl","Now you can make your favorite foods and take advantage of the miracle of soy protein. Taken from the groundbreaking Earl Mindell's Soy Miracle, Earl Mindell's Soy Miracle Cookbook takes you beyond tofuburgers to discover easy, delicious ways to cook with soy protein - from salads and soups to hearty traditional dishes, including: Busy Day Chili, Meat Loaf, Tofu Stuffed Peppers, Apple Pancakes, Eastern Omelet, Tofu Pumpkin Pie, Chocolate Chip Cookies, and more!"," Cooking , Health & Healing , General",Fireside,4.99,October,1995,45224
"Management Information Systems: Conceptual Foundations, Structure, and Development (McGraw Hill Series in Management Information Systems Series)","By Davis, Gordon Bitter",," Computers , Management Information Systems",McGraw-Hill College,6.69,February,1985,45269
Frommer's Greece (1st ed),"By Bowman, John S. (EDT), Bowman, John S., Marker, Sherry, Bozman, John, Goldstein, Michael C., and Stone, Tom","Provides information on shopping, accommodations, restaurants, sights, events, and sports activities"," Travel , Europe , Greece",Frommer,17.99,December,1996,45408
Churchill: A Biography,"By Jenkins, Roy","“Far and away Churchill’s best one-volume biography.”—Arthur Schlesinger, Jr.  From acclaimed historian Roy Jenkins, a comprehensive portrait of Winston Churchill, an icon of modern history, from his childhood to the critical World War II period and beyond, in this definitive volume. A member of the House of Lords, Jenkins combines unparalleled command of British political history and his own high-level government experience in a narrative account of Churchill's astounding career that is unmatched in its shrewd insights, its unforgettable anecdotes, the clarity of its overarching themes, and the author's nuanced appreciation of his extraordinary subject.Exceptional in its breadth of knowledge and distinguished in its stylish wit and penetrating intelligence, Churchill is one of the finest political biographies of our time.“Wryly astute… shrewd.”—The Washington Post “Jenkins catches Churchill’s studied self-inspection with the sure-shot sharpness of an expert portraitist.”—Simon Schama, The New York Review of Books “Churchill stands forth with Shakespearean bravura as the necessary hero for the most testing moment of national (and world) crisis. A satisfying summation of an unsurpassed life.”—The San Diego Union-Tribune"," Biography & Autobiography , Political",Plume,8.79,November,2002,45482
Chapters into Verse: A Selection of Poetry in English Inspired by the Bible from Genesis through Revelation,"By Atwan, Robert (EDT) and Wieder, Laurance (EDT)","Drawing a unique map of the history of English poetry, Chapters Into Verse surveys and defines the literary legacy of the Scriptures from the fourteenth century to the present. Arranged in scriptural order from Genesis to Revelation, the book presents each poem alongside the biblical passage that inspired it. Thus readers can conveniently witness the various ways sacred text has sparked the imagination of poets throughout the ages. The editors have included poems by virtually all the prominent religious poets--among them John Donne, George Herbert, Henry Vaughan, Edward Taylor, and Gerard Manley Hopkins. Included, too, are devotional and visionary works from a wide range of vintage poets--Robert Burns, William Blake, Walt Whitman, Emily Dickinson, Christina Rossetti, Alfred Tennyson, and Robert Browning. Proving that the Bible is just as powerful a source of inspiration today as it was in the past, the collection also assembles a mixed congregation of modern and contemporary poets, such as Dylan Thomas, Robert Frost, William Carlos Williams, Countee Cullen, e.e. cummings, William Butler Yeats, Laura (Riding) Jackson, A.D. Hope, Denise Levertov, and Philip Levine.Of enduring interest to readers of both scripture and literature, this anthology illuminates key passages of the Old and New Testament. In selection after selection, readers will encounter an astonishing variety of religious experiences, as a host of poets from many eras and many backgrounds respond to Holy Scripture profoundly and imaginatively."," Poetry , Subjects & Themes , Inspirational & Religious",Oxford University Press,6.11,September,2000,45530
Edward in Deep Water (Edward the Unready),"By Wells, Rosemary","Lively watercolors mark the tale of little Edward, a bear who sometimes does not feel quite ready for what he has to do, as he goes to Georgina's pool party and is ridiculed for using his water wings."," Juvenile Fiction , General",Dial,5.29,October,1995,45745
The Path to Love: Spiritual Strategies for Healing,"By Chopra, Deepak","Join Deepak Chopra on a wondrous journey. . . ""The Path to Love."" Philosophical, inspiring, and ultimately very practical, The Path to Love is a book that can change lives as it invites the spirit to work its wonders on the most complex and richly rewarding terrain of all: the human heart."," Religion , Spirituality",Harmony,4.99,January,1998,45971
Tests and measurements (Foundations of modern psychology series),By Leona Elizabeth Tyler,,,Prentice Hall,5.31,January,1971,46056
Horse Fever (Saddle Club #85),"By Bryant, Bonnie","Since the Saddle Club cannot ride in the miserable, muddy January weather, each girl finds a different hobby to combat their cabin fever--but none of these hobbies have anything to do with horses! Original."," Juvenile Fiction , Animals , Horses",Skylark,5.29,December,1998,46354
"Zapp! In Education: How Empowerment Can Improve the Quality of Instruction, and Student and Teacher Satisfaction","By Cox, Jeff, Byham, William C., and Shomo, Kathy Harper","In this dynamic, helpful, guide William C. Byham takes his Zapp! empowerment principles and adapts it for the classroom with workable, hands-on advice for how educators can get their students (and themselves) excited about education again. He shows how to get students to take responsibility for their own progress by involving them in decision-making; encouraging them to think for themselves; and fostering trust, creativity, and hunger for new challenges. Innovative, accessible, and fun to read, ZAPP! IN EDUCATION offers essential guidance for teachers, school administrators, school board members, and support staff."," Education , Leadership",Ballantine Books,5.29,July,1992,46651
Through Grandpa's Eyes (Reading Rainbow Books),"By MacLachlan, Patricia and Ray, Deborah","From Patricia MacLachlan, beloved author of the Newbery Medal–winning Sarah, Plain and Tall, comes a touching story that teaches children how to look at the world in different ways. John’s favorite house is his grandfather’s—not because it is fancy or new but because he sees it through his Grandpa’s eyes. Grandpa is blind, and so when John visits him he gets to see things from a new perspective. If he closes his eyes, everything comes alive through sound and touch. This house is the place where John gets to experience the special way Grandpa sees and moves in the world."," Juvenile Fiction , Social Themes , New Experience",HarperCollins,4.99,June,1983,46814
"Happy Alphabet! A Phonics Reader (Step-Into-Reading, Step 1)","By Mathieu, Joseph (ILT) and Hays, Anna Jane","A string of wacky people, animals, and objects, each beginning with a different letter of the alphabet, gather to celebrate a birthday! Each page presents a letter of the alphabet, and every phrase rhymes with the next to help beginning readers anticipate words!"," Juvenile Fiction , Readers , Beginner",Random House Books for Young Readers,4.99,January,2002,47302
"Elmo Says Achoo! (Step-Into-Reading, Step 1)","By Albee, Sarah and Brannon, Tom (ILT)","Elmo's bringing a present to Oscar. But the mysterious wrapped gift has a curious effect--it's making Elmo sneeze! And every time Elmo sneezes, something funny happens. Toddlers will love following along when Elmo's sneezes cause laundry to fall off its line and much more in this Early Step into Reading™ story."," Juvenile Fiction , Health & Daily Living , General",Random House Books for Young Readers,5.29,May,2000,47305
Little Women: The Children's Picture Book,"By Alcott, Louisa May, Lawlor, Laurie, and Swicord, Robin","This lavishly illustrated book recasts for a whole new generation of children, from ages three and up, the touching drama of the March family--spirited Jo, beautiful Meg, sensitive Beth, and romantic Amy--as they make their transition from girlhood to womanhood. Children's Picture Book. Ages 3 up. 42 color photographs throughout from the hit film starring Winona Ryder."," Juvenile Fiction , Media Tie-In",Newmarket Press,5.29,September,2012,47767
Brand Warfare: 10 Rules for Building the Killer Brand,"By D'Alessandro, David F. and Owens, Michele","Powerful lessons on how to build and sustain your own ""killer brand""Creating and sustaining a good brand is the most complex and perilous task any business will ever face, yet nothing is as misunderstood. Under the direction of marketing wizard David D’Alessandro, John Hancock transformed itself from a sleepy old life insurer into a leading financial services giant, with a sustained 20% annual rate of growth. In Brand Warfare, D'Alessandro draws on his personal experience as a brand-builder and examples from America's smartest and most foolish corporations, developing principles that you can use in any market. At the same time, he creates an entertaining picture of the marketing business with anecdotes that convey a keen sense of the absurdities of corporate life, balanced by a tremendous respect for the consumer.This tough-minded, funny, and refreshingly candid book gives you a proven roadmap for marketing success as you learn:*Why every business needs a good brand to compete*Why consumers need good brands as much as good brands need them*Why sycophancy from the agency and meddling from inside the company will sink your campaign every time*About sponsorship: how to avoid being taken, and how to make the investment pay for your brand*Why it's as important to market your brand to your employees as it is to your customers*Why every business decision should be filtered through the prism of the brand"," Business & Economics , Marketing , General",McGraw Hill,5.29,March,2001,48048
The Living Pond: Water Gardens with Fish & Other Creatures,"By Nash, Helen and Girot, M. J.","“Warm and wonderful advice.”—Ponds Magazine. “A pond’s tranquil surface of lily pads and lotus blossoms can conceal a surprisingly fecund realm teeming with fish, frogs, turtles, and other aquatic creatures—if you know what to do. Nash’s encyclopedic guide is geared to maximizing your success.”—Booklist."," Gardening , Garden Design",Sterling,10.99,November,2000,48124
Street Boys: A Novel,"By Carcaterra, Lorenzo","Naples, Italy, during four fateful days in the fall of 1943. The only people left in the shattered, bombed-out city are the lost, abandoned children whose only goal is to survive another day. None could imagine that they would become fearless fighters and the unlikeliest heroes of World War II. They are the warriors immortalized in Street Boys, Lorenzo Carcaterra’s exhilarating new novel, a book that exceeds even his bestselling Sleepers as a riveting reading experience.It’s late September. The war in Europe is almost won. Italy is leaderless, Mussolini already arrested by anti-Fascists. The German army has evacuated the city of Naples. Adults, even entire families, have been marched off to work camps or simply sent off to their deaths. Now, the German army is moving toward Naples to finish the job. Their chilling instructions are: If the city can’t belong to Hitler, it will belong to no one.No one but children. Children who have been orphaned or hidden by parents in a last, defiant gesture against the Nazis. Children, some as young as ten years old, armed with just a handful of guns, unexploded bombs, and their own ingenuity. Children who are determined to take on the advancing enemy and save the city—or die trying.There is Vincenzo Soldari, a sixteen-year-old history buff who is determined to make history by leading others with courage and self-confidence; Carlo Maldini, a middle-aged drunkard desperate to redeem himself by adding his experience to the raw exuberance of the young fighters; Nunzia Maldini, his nineteen-year-old daughter, who helps her father regain his self-respect— and loses her heart to an American G.I.; Corporal Steve Connors, a soldier sent out on reconnaissance, then cut off from his comrades—with no choice but to aid the street boys; Colonel Rudolph Van Klaus, the proud Nazi commander shamed by his own sadistic mission; and, of course, the dozens of young boys who use their few skills and great heart to try to save their city, their country, and themselves.In its compassionate portrait of the rootless young, and its pitiless portrayal of the violence that is at once their world and their way out, Street Boys continues and deepens Lorenzo Carcaterra’s trademark themes. In its awesome scope and pure page-turning excitement, it stands as a stirring tribute to the underdog in us all—and as a singular addition to the novels about World War II."," Fiction , Thrillers , Suspense",Fawcett,5.29,July,2003,48262
The Wild Blue: The Men and Boys Who Flew the B-24s Over Germany 1944-45,"By Ambrose, Stephen E.","Stephen E. Ambrose, acclaimed author of Band of Brothers and Undaunted Courage, carries us along in the crowded and dangerous B-24s as their crews fought to destroy the German war machine during World War II.The young men who flew the B-24s over Germany in World War II fought against horrific odds, and, in The Wild Blue, Ambrose recounts their extraordinary heroism, skill, daring, and comradeship with vivid detail and affection. Ambrose describes how the Army Air Forces recruited, trained, and selected the elite few who would undertake the most demanding and dangerous jobs in the war. These are the boys—turned pilots, bombardiers, navigators, and gunners of the B-24s—who suffered over fifty percent casualties. With his remarkable gift for bringing alive the action and tension of combat, Ambrose carries us along in the crowded, uncomfortable, and dangerous B-24s as their crews fought to the death through thick black smoke and deadly flak to reach their targets and destroy the German war machine. Twenty-two-year-old George McGovern, who was to become a United States senator and a presidential candidate, flew thirty-five combat missions (all the Army would allow) and won the Distinguished Flying Cross. We meet him and his mates, his co-pilot killed in action, and crews of other planes. Many went down in flames. As Band of Brothers and Citizen Soldiers portrayed the bravery and ultimate victory of the American soldiers from Normandy on to Germany, The Wild Blue illustrates the enormous contribution that these young men of the Army Air Forces made to the Allied victory."," Biography & Autobiography , Military",Simon & Schuster,4.99,May,2002,48407
God Is No Laughing Matter: Observations and Objections on the Spiritual Path,"By Cameron, Julia","The author of The Artist's Way offers readers straightfoward advice on how to unblock obstacles to creativity and the spiritual life. 60,000 first printing."," Religion , Spirituality",Tarcher,6.02,September,2000,48804
Virginia Women: The First 200 Years (The Foundations of America Series),"By Scott, Anne Firor",," History , General",Colonial Williamsburg Foundation,22.98,June,1988,48977
"The Case of the Rock Star's Secret (New Adventures of Mary-Kate & Ashley, No. 16)","By Metz, Melinda, Olsen, Mary-Kate, and Olson, Ashley",Crank it up! Ashley and I were in a rock band! We were practicing for our first concert--and we were jammin'! We couldn't wait to blow the crowd away! But then weird stuff started happening.  Someone replaced our singer's shampoo with black hair dye. A huge explosion went off outside our dress rehearsal. And all our instruments disappeared--right before the concert! Who was trying to stop the music? We had to find out--fast!," Juvenile Fiction , Readers , Chapter Books",HarperEntertainment,5.29,March,2000,49044
Firestorm (Anna Pigeon),"By Barr, Nevada","An insatiable, unstoppable beast, the wildfire called Jackknife has already devoured 17,000 acres of California's Lassen Volcanic National Park. A devastating force of nature, it has brought out the very best -- and worst -- in those sworn to defeat it. Ranger Anna Pigeon is among the exhausted firefighters, serving as medic and spike camp security, when an abrupt weather shift sends Jackknife racing relentlessly in their direction. And when the monstrous blaze has passed, Anna emerges from her protective shelter to discover two men are dead: one a victim of the hungry flames, the other stabbed through the heart. Now, trapped in a nightmarish landscape of snow and ash, cut off from rescue by a rampaging winter storm, Anna must investigate an inexplicable homicide -- as she and nine others struggle to survive the terrible rage if nature. . . and the murderer in their midst."," Fiction , Mystery & Detective , General",Avon Books,5.29,May,1997,49152
The Everyday Low-Carb Slow Cooker Cookbook: Over 120 Delicious Low-Carb Recipes That Cook Themselves,"By Broihier, Kitty and Mayone, Kimberly","Get all the health benefits of low-carb cooking and all the convenience of the slow cooker with these deliciously simple recipes Low-carb cooking has never been this easy, or tasted this delicious! The Everyday Low Carb Slow Cooker Cookbook shares how to make nutritious low-carb meals that the whole family will enjoy, with very little effort or attention. Nutritionist Kitty Broihier and chef Kimberly Mayone offer over 120 delectable low-carb recipes that cover everything from breakfast to dessert, family meals to potlucks, comfort food favorites to international cuisine. You'll also find:Easy-prep entrees using five ingredients or lessInstructions to convert your favorite low-carb recipes for the slow cookerDelicious side dishes to round out slow-cooked mealsCooking tips, serving suggestions, and tasty substitutions Whether you have diabetes, are trying to lose weight, or are just looking to eat healthier, The Everyday Low-Carb Slow Cooker Cookbook is guaranteed to put the fun back into cooking and make life a whole lot easier."," Cooking , Methods , General",Da Capo Lifelong Books,4.99,February,2004,49225
"Management Information Systems: Conceptual Foundations, Structure and Development (McGraw-Hill series in management information systems)","By Davis, Gordon Bitter",,,McGraw-Hill,4.99,January,1974,49443
Emilie's Voice: A Novel,"By Dunlap, Susanne Emily","Set against the backdrop of Paris and the court of Versailles, émilie's Voice introduces a young heroine of modest upbringing who possesses a special gift: the voice of an angel. When distinguished composer Marc-Antoine Charpentier hears émilie's voice, he offers to instruct her in the art of singing with the ultimate goal of presenting her at the court of Louis XIV. Her head filled with dreams of elegant gowns, opulent jewels, and the thrill of someday performing in the great houses of Paris, she begins her training -- until a scheming noblewoman looking to unseat the king's official mistress interferes by preemptively bringing émilie to Versailles.  There, amid royal pomp and splendor, she is swept up in dangerous palatial intrigues, becoming a pawn in aristocratic power games. But it is the passionate battle for control over her life and career waged between Charpentier and Louis XIV's official court composer, Jean-Baptiste Lully, that has far-reaching consequences for a girl on the verge of becoming a woman and a singer on the verge of becoming extraordinary."," Fiction , Literary",Washington Square Press,5.29,April,2005,49719
"Buddha, His Life and Teachings by Osho; Osho International Foundation (2004-05-03)",By Osho and Osho International Foundation,,,Birdgewater Book Co.,10.99,January,2004,49943
101 Best Resumes: Endorsed by the Professional Association of Resume Writers,"By Block, Jay A. and Betrus, Michael","Top resume writers share their secrets to help you land the job you want! Members of the Professional Association of Resume Writers have pooled their expertise to create 101 of the very best resumes available anywhere. Find out how you can create cover letters and resumes that get jobs, target your resume for specific positions, use different formats to get noticed, and much more. Throughout the book are more than 175 street-smart tips on everything from interviewing, to salary negotiating, networking, and working with executive recruiters. Get the best of the best resumes to help you compete in today's tough job market."," Business & Economics , Careers , Resumes",McGraw-Hill Education,5.29,March,1997,49948
White Light,"By Armstrong, Campbell","Uncovering an international conspiracy aimed at destroying Soviet glasnost, Scotland Yard investigator Frank Pagan risks his life to prevent an air strike on Moscow and uprisings throughout Eastern Europe"," Fiction , General",William Morrow & Co,5.64,September,1988,50245
"Mugglenet.Com's What Will Happen in Harry Potter 7: Who Lives, Who Dies, Who Falls in Love and How Will the Adventure Finally End","By Schoen, Ben (EDT), Spartz, Emerson, Gordon, Andy, Stull, Gretchen, and Lawrence, Jamie","As anticipation of the final Harry Potter book intensifies, a debate is raging among fans about what’s in store for Harry and the rest of the gang at Hogwart's. In this book, the experts at MuggleNet.com present a wide range of hard facts and bold predictions about the most popular storylines, favorite characters, and final outcome of the Harry Potter saga. Drawing on their intimate knowledge of the previous six books, as well as tips and suggestions made by millions of MuggleNet.com fans (not to mention a personal interview with J.K. Rowling), the authors offer answers to the burning questions of Harry Potter readers everywhere: Will Hogwart's School be open for Harry’s final year and will Harry even be in attendance? Will Harry’s quest for the remaining Horcruxes be rewarded? Where do Severus Snape’s true loyalties lie? And, most importantly, will Harry survive the final battle with Lord Voldemort?"," Juvenile Nonfiction , Literary Criticism & Collections",Ulysses Press,5.29,November,2006,50254
Pride and Prejudice (Penguin Classics),"By Austen, Jane and Jones, Vivien",Human foibles and early nineteenth-century manners are satirized in this romantic tale of English country family life," Fiction , Classics",Penguin Classics,5.29,January,1997,50327
"A Visitor's Guide to Colonial & Revolutionary New England: Interesting Sites to Visit, Lodging, Dining, Things to Do","By Foulke, Patricia","Walk in the footsteps of the founders of our countrythe early immigrants, who carved homes out of the wilderness, fought for freedom, and forged our political landscape.This absorbing guidebook spans the geographical bounds of New England statesincluding Maine, New Hampshire, Vermont, Massachusetts, Rhode Island, and Connecticutand traverses the formative years of the United States, reaching from the 1600s, through the colonial era, up to 1812. A wealth of historical detail, timelines, photographs, background stories, and nearby lodging and restaurants with links to the past makes this one of the finest resources for travelers who enjoy exploring the living roots of our history. 10 maps, 60 black & white photographs, index."," Travel , Museums, Tours, Points of Interest",Countryman,4.99,October,2006,50367
The Prayer of Jabez for Kids,"By Wilkinson, Bruce, Brawner, Dan (ILT), and Carlson, Melody","Bringing the #1 bestseller alive for kids ages 8 - 12 years old,  The Prayer of Jabez for Kids follows the same size, format and, most importantly, the same message of The Prayer of Jabez.  However, it adds terrific features that will appeal to kids such as line art cartoons, friendly designs and snapshots of key biblical characters who lived big for God. These are all encompassed in kid-friendly applications."," Juvenile Nonfiction , Religion , Christianity",Thomas Nelson Inc,5.29,June,2001,50520
"Maryland and Delaware Off the Beaten Path®, 8th (Off the Beaten Path Series)","By Colbert, Judy","This guide to Maryland and Delaware reveals the unique and quirky attractions the states have to offer:  touch authentic fossils at the Deep Creek Lake Discovery Center in Maryland, take Ed Kane's Water Taxi around the Baltimore City Harbor, and tour the historical Delaware Toy and Miniature Museum."," Travel , United States , South , South Atlantic (DC, DE, FL, GA, MD, NC, SC, VA, WV)",GPP Travel,5.29,July,2007,50662
Golf Quotations,"By Exley, Helen",Inspirational quotations," Sports & Recreation , Golf",UNKNO,5.29,September,1997,50744
The Horse Illustrated Guide to English Riding,"By Ward, Lesley","Written by a longtime equestrienne. Highlighted with color photos, with step-by-step instructions and countless tips."," Sports & Recreation , Equestrian",Lumina Media,4.99,April,2004,50939
Moja Means One: Swahili Counting Book (Picture Puffin Books),"By Feelings, Muriel L. and Feelings, Tom (ILT)","A Caldecott Honor BookMoja Means One introduces children to counting in Swahili with helpful pronunciation keys, while presenting East African culture and lifestyles through an easy-to-understand narrative and vivid illustrations.   “Magnificient, full-page drawings throb with the feeling of East African life.”—Child Study AssociationLook for the Caldecott Honor Book and companion title: Jambo Means Hello: Swahili Alphabet Book"," Juvenile Nonfiction , Concepts , General",Puffin Books,5.29,August,1992,51285
Confronting the Controversies: Biblical Perspectives on Tough Issues,"By Hamilton, Adam","Confronting the Controversies is a 7-session group study of “tough issues” based on Adam Hamilton’s sermons on these topics.  The seven sessions are:    The Separation of Church and State    Creation and Evolution in the Public Schools    The Death Penalty    Euthanasia    Prayer in Public Schools    Abortion    HomosexualityThe study is designed as a “fishing expedition,” with tools and helps that will enable congregations to make the study a church and community-wide outreach event, including sermon starters and promotion aids."," Religion , Christian Education , Adult",Abingdon Press,4.99,May,2005,51414
Little Women,"By Rowe, Gavin (ILT) and Atcott, Louisa M.",,,Brimax Books Ltd,8.79,February,1995,51433
Jane Eyre (Signet Classics),"By Bronte, Charlotte","Featuring a new introduction written by Erica Jong, the classic 1847 novel traces the doomed love affair between an orphaned, independent-minded governess and her brooding employer, Mr. Rochester. Reprint."," Fiction , Classics",Signet Classics,5.29,July,1997,52006
"Grave Sight (Harper Connelly Mysteries, Book 1)","By Harris, Charlaine","The first Harper Connelly mystery from #1 New York Times bestselling author Charlaine Harris! Harper Connelly has what you might call a strange job: she finds dead people. She can sense the final location of a person who’s passed, and share their very last moment. Harper and her stepbrother Tolliver are experts at getting in, getting paid, and then getting out of town fast—because the people who hire Harper have a funny habit of not really wanting to know what she has to tell them.At first, the little Ozarks town of Sarne seems like no exception.  A teenage girl has gone missing, but the secrets of her death—and the secrets of the town—are deep enough that even Harper’s special ability can’t uncover them.  With hostility welling up all around them, she and Tolliver would like nothing better than to be on their way.  But then another woman is murdered.  And the killer’s not finished yet..."," Fiction , Mystery & Detective , General",Berkley,4.99,September,2006,52078
The Price Waterhouse Personal Financial Adviser,By Price Waterhouse,"Provides practical suggestions for balancing spending, saving, and investing to support a comfortable lifestyle and realistic retirement"," Business & Economics , General",Irwin Professional Pub,5.35,August,1995,52139
Book of Wine,"By Bezzant, Norman",A study of the techniques of wine making and the world's wine and spirit industries is accompanied by a country-by-country survey of the myriad wines of the world," Cooking , Beverages , Alcoholic , General",Book Sales,10.76,May,1991,52305
"Philosophy of Religion (Foundations of Philosophy Series), Second Edition",By John H. Hick,,,Prentice Hall,5.29,January,1973,52945
"Charmed & Ready (Bronwyn the Witch, Book 2)","By Havens, Candace","After spending most of her life single-practically an occupational hazard for a witch-Bronwyn's finally found a sexy warlock to love. But it's going to take more than a few love spells to keep him from getting jealous about her latest gig-protecting a rock star named Zane from the creepy Goth guys in cloaks who keep showing up at his concerts and zapping his mojo. Bronwyn would like nothing better than to blow them up in an inferno of Love That Red smoke, but they're proving elusive. And in the meantime-what girl wouldn't want to hang with the hottest man in music?"," Fiction , Romance , Paranormal",Berkley Trade,5.29,September,2006,53187
The Clinton Crack-up: The Boy President's Life After the White House,"By Tyrrell, R. Emmett, Jr.","With his characteristic investigative eye and Menckenesque prose, R. Emmett Tyrrell Jr. sheds new light on Bill Clinton's post-presidential emotional depression, globe trotting and international deal-making, financial ties to China and the United Arab Emirates, ongoing womanizing, vital support role in Hillary Clinton's anticipated run for the White House, and possible role as America's first ""First Man."""," Political Science , General",Nelson Current,5.3,March,2007,54035
The Little Mermaid (Disney Princess) (Little Golden Book),"By Teitelbaum, Michael and Dicicco, Sue (ILT)","Ariel is a curious young mermaid. She likes to explore sunken ships, swim up to the surface, and learn all she can about the world above the sea. Children ages 2-5 will love finding out what happens when this Disney Princess falls in love with a human in the full-color Little Golden Book retelling of Disney The Little Mermaid!"," Juvenile Fiction , Media Tie-In",Golden/Disney,4.99,September,2003,54147
Fresh Ways With Picnics and Barbeques (Healthy Home Cooking),By,"Provides outdoor recipes for soups, appetizers, sandwiches, meat, poultry, fish, salads, barbecues, quiche, and desserts"," Cooking , General",Time Life Education,10.99,October,1989,54187
Chinese Cook Book,By Sunset,"Regional recipes from Peking, Cantonese, Hunan, Szechwan and Shanghai cuisines are collected with tips on the selection, preparation and serving of foods from appetizers to desserts"," Cooking , Regional & Ethnic , Chinese",Sunset Pub Co,5.29,October,1979,54550
Electronics Made Simple,"By Jacobowitz, Henry","A practical handbook on the basic electronic principles governing radio, radar, high fidelity, and television"," Technology & Engineering , General","Doubleday & Company, Inc.",4.99,May,1965,54779
Making a Living Without a Job: Winning Ways For Creating Work That You Love,"By Winter, Barbara J.","A guide to making money sans job offers insight-provoking interactive tests, self-evaluations, charts, and checklists, as well as numerous anecdotes about people who are successfully self-employed. Original."," Business & Economics , Careers , General",Bantam,5.29,July,1993,54831
Time Traps: Proven Strategies For Swamped Salespeople,"By Duncan, Todd M.","Productivity. It has been a buzz word in the business world for years. But despite our best attempts and countless self-help books, we still fall behind, work late, juggle our schedules, and become swamped. Time Traps addresses the most common misconceptions we have about time and our use of that time in the marketplace. Duncan has proven remedies for universal time troubles, and he shows readers how to set a schedule that works-not just some days but every day. With the principles in Time Traps, salespeople will see a rise in their sales as they experience a drop in their working hours."," Business & Economics , Sales & Selling , General",Thomas Nelson Publishers,4.99,January,2004,54843
What They Didn't Teach You About the Civil War,"By Wright, Mike","Instant coffee was invented during the Civil War for use by Union troops, who hated it; holding races between lice was a popular pastime for both Johnny Reb and Billy Yank; 13% of the Confederate Army deserted during the conflict. These are three of the hundreds of bits of knowledge that Mike Wright makes available in his informative and entertaining What They Didn't Teach You About the Civil War, which focuses on the lives and ways of ordinary soldiers and of those they left behind."," History , United States , Civil War Period (1850-1877)",Presidio Press,4.99,January,1998,55089
Revolt in the Boardroom: The New Rules of Power in Corporate America,"By Murray, Alan","Throughout the 20th century, American corporations were governed by autocratic, almost unaccountable chief executives. Their word was law and the only check on their power was a board of directors composed of their friends and allies.Then, in a stunning reversal, a momentous series of firings deposed the heads of some of the world's best-known companies: AIG, Morgan Stanley, Boeing, Hewlett-Packard and Pfizer, just to name a few. Formerly unchallenged CEOs found themselves under fire, often from their own handpicked boards. The number of deposed executives is astonishing. In 2004, the leaders of 600 companies were asked to leave. That number more than doubled in 2005 and reached 1,400 companies in 2006.Flexing new muscles, directors are assuming new and unfamiliar responsibilities. In Revolt in the Boardroom, Alan Murray reveals the inner workings of the new seat of power. Using the access afforded to him by his influential Wall Street Journal column, Murray tells the story of three seminal board revolts—the now-famous Hewlett-Packard drama, the ousting of Boeing's Harry Stonecipher and the end of the reign one of the world's most autocratic executives, Hank Greenberg at AIG.Murray goes further to chart the history of the corporation, the rise of governance and the effects of the new power gained by outside institutions like hedge funds and interest groups. Through it all, Murray shows how the job of chief executive has rapidly and permanently changed. Leaders like A. G. Lafley and Jeff Immelt govern instead of rule, build alliances and support instead of dictating direction and pay careful attention to a broader range of stakeholders than ever before.Revolt in the Boardroom is the first look at the new world of corporate power and the last word on the transformational events of the last two years."," Business & Economics , Corporate & Business History",Harper Business,5.29,May,2007,55288
Keepsakes for a Mother's Heart: Creating Cherished Moments for a Lifetime,"By Gray, Alice and Wales, Susan","Families-especially mothers-are longing for more connectedness, deeper family purpose and meaning, and unforgettable treasured times. There is a natural hunger for finding and preserving the pure and innocent moments with their children-where first prayers and teddy bear picnics are woven together with a golden thread of keepsake moments. On ordinary days as well as special ones, Keepsakes for a Mother&apos;s Heart celebrates motherhood at its best by helping to create and preserve occasions to reminisce and enjoy long after the children have grown. From toddler to preteen years, the authors provide a menagerie of creative ideas, fun activities, stories, and special ways for treasuring the keepsakes of a mother&apos;s heart."," Family & Relationships , Parenting , Motherhood",Thomas Nelson,4.99,March,2006,55350
"Dining Out: Secrets from America's Leading Critics, Chefs, and Restaurateurs","By Dornenburg, Andrew and Page, Karen","This book is the first of its kind to examine what defines fine food in America and it introduces us to many individuals who shape our views about food. Using other successful Dornenburg/Page books as a model, the authors once again base their analysis on interviews with chefs, restaurateurs and critics. This insider's guide to the process of restaurant reviewing will excite anyone with a serious interest in food. It also features top sites on the Internet that provide restaurant reviews. 'If I were a restaurateur, I would expect all my staff to read this book. As a restaurant critic, I found it a fascinating insight into the minds of other critics and more especially the minds of some of the people who are serious about running a restaurant.'"," Cooking , Courses & Dishes , Appetizers",HOUGHTON MIFFLIN HARCOURT,5.7,September,1998,55468
The Love Between Grandmothers & Grandchildren,"By Exley, Helen (EDT)",Inspirational quotations," Family & Relationships , Parenting , Grandparenting",Helen Exley Gift Books,5.29,April,1997,55526
The Illustrated Dictionary and Concordance of the Bible,By,"A single-volume Bible desk reference, based on the King James edition, features an alphabetical listing of important words with cross-referencing, illustrations, definitions of 3,500 biblical names, and more."," Religion , General",Reader's Digest,11.55,April,1992,55623
Right From Birth: Building Your Child's Foundation For Life,"By Ramey, Craig T.",,,"Goddard Press, Inc.",5.48,January,1999,55709
"Ultimate Sacrifice: John and Robert Kennedy, the Plan for a Coup in Cuba, and the Murder of JFK","By Waldron, Lamar and Hartmann, Thom","Cuba's number 2 official today ? Commander Juan Almeida ? was secretly working with JFK in November 1963 to overthrow  Fidel.  The US government recently revealed Almeida's work for JFK, allowing the updated trade paperback of Ultimate Sacrifice to tell the full story for the first time (complete with new photos and documents).The authors obtained the story from almost two dozen associates of John and Robert Kennedy, starting in 1990 with JFK's Secretary of State Dean Rusk. Their accounts are supported by thousands of newly-released files at the National Archives.Almeida's ""palace coup"" set for December 1, 1963, was to be backed up by US forces ""invited"" in by Commander Almeida, then Chief of the Cuban Army.  However, three Mafia bosses being targeted by Attorney General Robert F. Kennedy used several CIA assets to infiltrate the secret plot and murder JFK.This resulted in cover-ups by officials like RFK and LBJ, to prevent the exposure of Almeida and a possible nuclear confrontation with the Soviets. The new edition explains why Almeida was not a double agent, why Fidel suspected Almeida's ally Che Guevara, and what Fidel did in 1990 when he finally found out about Almeida's work for JFK."," History , United States , 20th Century",Carroll & Graf,6.72,September,2006,55919
They Poured Fire on Us From the Sky: The True Story of Three Lost Boys from Sudan,"By Deng, Alphonsion, Deng, Benson, Ajak, Benjamin, and Bernstein, Judy A.","Benjamin, Alepho, and Benson were raised among the Dinka tribe of Sudan. Their world was an insulated, close-knit community of grass-roofed cottages, cattle herders, and tribal councils. The lions and pythons that prowled beyond the village fences were the greatest threat they knew.All that changed the night the government-armed Murahiliin began attacking their villages. Amid the chaos, screams, conflagration, and gunfire, five-year-old Benson and seven-year-old Benjamin fled into the dark night. Two years later, Alepho, age seven, was forced to do the same. Across the Southern Sudan, over the next five years, thousands of other boys did likewise, joining this stream of child refugees that became known as the Lost Boys. Their journey would take them over one thousand miles across a war-ravaged country, through landmine-sown paths, crocodile-infested waters, and grotesque extremes of hunger, thirst, and disease. The refugee camps they eventually filtered through offered little respite from the brutality they were fleeing.In They Poured Fire on Us From the Sky, Alepho, Benson, and Benjamin, by turn, recount their experiences along this unthinkable journey. They vividly recall the family, friends, and tribal world they left far behind them and their desperate efforts to keep track of one another. This is a captivating memoir of Sudan and a powerful portrait of war as seen through the eyes of children. And it is, in the end, an inspiring and unforgettable tribute to the tenacity of even the youngest human spirits."," Biography & Autobiography , Personal Memoirs",PublicAffairs,4.99,June,2006,55929
The New Glucose Revolution for Diabetes: The Definitive Guide to Managing Diabetes and Prediabetes Using the Glycemic Index (Marlowe Diabetes Library),"By Colagiuri, Stephen, Foster-Powell, Kaye, Brand-Miller, Jennie, and Barclay, Alan W.","The New Glucose Revolution for Diabetes is the first comprehensive guide to using the glycemic index to control type 1 diabetes, type 2 diabetes, prediabetes, and more. The book features the latest, most accurate information with new findings by the authors. It includes GI-based recipes and menus for type 1, type 2, prediabetes, gestational diabetes, and juvenile diabetes, as well as related conditions like obesity and celiac disease, plus practical dietary guidance on sugar, sweeteners, alcohol, snacking, and eating out."," Health & Fitness , Diseases , Diabetes",Da Capo Lifelong Books,5.29,May,2007,55963
Dreaming in Libro: How A Good Dog Tamed A Bad Woman,"By Bernikow, Louise","A woman meets an amber-eyed, sixty-pound boxer in a city park and falls in love. Their first year honeymoon was a discovery of each other’s idiosyncrasies-morning dog or evening dog? Television watcher or reader? Then life settles into routine and the once rebelliously high-spirited, independent woman and her bilingual comedian of a dog realize that they’re ?happily stuck with each other.” In this witty, sharp memoir, Louise Bernikow charts eight years with Libro the boxer as they travel through Manhattan...and that thing called Life. From book tours to beach houses, from Libro’s training as pet therapist after 9/11 to his escapades on the campaign trail, Louise plays ?Jack” to Libro’s ?Jackie.” But as Louise all too soon discovers, the stray she rescued is domesticating her. A book about a modern family of two, about joy and grief, and realizing that the life you’ve made (even if it doesn’t include a wedding ring) is more than enough, Dreaming in Libro will bring a wagging tail to any reader."," Pets , Dogs , General",Da Capo Press,4.99,June,2007,56001
Belly Button Book (Boynton on Board),"By Boynton, Sandra","Featuring a beachful of bare-bellied hippos—including one tiny baby who can only say “Bee Bo”—the Belly Button Book is a quirky addition to the phenomenally successful Boynton on Board series. Every page captivates with Sandra Boynton’s inimitable illustrations and joyful rhyming text:Soon after dark, upon the beach, we sing a hippo song, and if you’re feeling in the mood, we hope you’ll sing along: “Belly Belly Button, you’re oh so fine. Ooo, Belly Button, I’m so happy you’re mine.”  Shiny and sturdy, and featuring a great (navel-shaped, naturally) die-cut cover, the Belly Button Book  provides enduring, giggly, read-aloud fun. Oversized lap edition also available—perfect for more reading aloud!"," Juvenile Fiction , Humorous Stories",Workman Publishing Company,5.29,April,2005,56084
The Hobbit,"By Tolkien, J. R. R.","The enchanting prequel to The Lord of the Rings, The Hobbit is the classic fantasy that inspired Peter Jackson’s major motion picture trilogyWhen Thorin Oakenshield and his band of dwarves embark upon a dangerous quest to reclaim the hoard of gold stolen from them by the evil dragon Smaug, Gandalf the wizard suggests an unlikely accomplice: Bilbo Baggins, an unassuming Hobbit dwelling in peaceful Hobbiton.Along the way, the company faces trolls, goblins, giant spiders, and worse. But as they journey from the wonders of Rivendell to the terrors of Mirkwood and beyond, Bilbo will find that there is more to him than anyone—himself included—ever dreamed. Unexpected qualities of courage and cunning, and a love of adventure, propel Bilbo toward his great destiny . . . a destiny that waits in the dark caverns beneath the Misty Mountains, where a twisted creature known as Gollum jealously guards a precious magic ring.",,Del Rey,149.99,July,1986,56103
How To Say It From The Heart : Communicating With Those Who Matter Most In Your Personal and Professional Life,"By Griffin, Jack","Those times when saying the right words really matters are often the times we find ourselves with no words at all! Now a guide exists that teaches the reader to properly place emphasis and focus on the emotional side of communication.  How to Say It from the Heart offers practical advice and time-saving model conversations, letters, and e-mails that’ll help you speak and write with conviction, sincerity, and compassion to the people who matter most. Whether you want to encourage a friend through hard times, ask someone out on a date, comfort a grieving co-worker, or just let someone know that you care, this entry in the How to Say It series provides all the words you need to express your feelings beautifully.  You’ll find a wealth of ready-to-use models and guidelines covering 30 difficult to express subjects, including:   ·         Making graceful apologies ·         Expressing sincere thanks and appreciation ·         Offering meaningful sympathy and condolences ·         Writing romantic love letters ·         Providing truly constructive criticism—and real encouragement ·         Motivating your employees to work harder ·         Speaking to your children about death, divorce, drugs, and sex Filled with illuminating examples and telling notes, How to Say it from the Heart will become the one source to turn to when you’re looking for just the right words."," Business & Economics , Skills",Prentice-Hall Press,5.82,October,2000,56443
Baedeker Yugoslavia (English and German Edition),"By Baedeker, Karl (EDT)","Describes the history, culture, climate and landscape of Yugoslavia, and gives advice on sightseeing, shopping, accommodations and dining"," Travel , General",Baedekers Guides,5.29,June,1983,56619
Light Construction Techniques: From Foundation to Finish,"By Ball, John E",,,Reston Publishing Company,4.99,January,1980,56629
"Hardtack and Coffee or, The Unwritten Story of Army Life","By Billings, John D. and Reed, C. W. (ILT)","Most histories of the Civil War focus on battles and top brass. Hardtack and Coffee is one of the few to give a vivid, detailed picture of what ordinary soldiers endured every day—in camp, on the march, at the edge of a booming, smoking hell. John D. Billings of Massachusetts enlisted in the Army of the Potomac and curvived the conditions he recorded. The authenticity of his book is heightened by the many drawings that a comrade, Charles W. Reed, made in the field. This is the story of how the Civil War soldier was recruited, provisioned, and disciplined. Described here are the types of men found in any outfit; their not very uniform uniforms; crowded tents and makeshift shelters; difficulties in keeping clean, warm, and dry; their pleasure in a cup of coffee; food rations, dominated by salt pork and the versatile cracker or hardtack; their brave pastimes in the face of death; punishments for various offenses; treatment in sick bay; firearms and signals and modes of transportation. Comprehensive and anecdotal, Hardtack and Coffee is striking for the pulse of life that runs through it."," History , United States , Civil War Period (1850-1877)",Bison Books,5.29,August,1993,56740
One-Hour Christmas Crafts (Clever Crafter Series),"By Childs, Anne Van Wagner (EDT) and Leisure Arts, Inc. (COR)","Provides instructions for making Christmas gifts, ornaments, and decorations that can be made in less than sixty minutes"," Art , General",UNKNO,5.29,July,1998,56913
"Little, Brown Essential Handbook, The (5th Edition)","By Aaron, Jane E.","This handy book answers questions about usage, grammar, punctuation, mechanics, research writing, and documentation. With minimal terminology and clear explanations and examples, Jane E. Aaron covers the essentials for writers in and out of school. This second edition offers special sections on nonsexist language, document design, job applications, E-mail, ESL pointers for nonnative speakers, and citing sources (including electronic sources) across the curriculum."," Technology & Engineering , Technical Writing",Longman,4.99,April,2005,57100
Until Proven Innocent: Political Correctness and the Shameful Injustices of the Duke Lacrosse Rape Case,"By Taylor, Stuart, Jr. and Johnson, K. C.","What began that night shocked Duke University and Durham, North Carolina.      And it continues to captivate the nation:  the Duke lacrosse team members' alleged rape of an African-American stripper and the unraveling of the case against them.      In this ever-deepening American tragedy, Stuart Taylor Jr. and KC Johnson argue, law enforcement, a campaigning prosecutor, biased journalists, and left-leaning academics repeatedly refused to pursue the truth while scapegoats were made of these young men, recklessly tarnishing their lives.      The story harbors multiple dramas, including the actions of a DA running for office; the inappropriate charges that should have been apparent to academics at Duke many months ago; the local and national media, who were so slow to take account of the publicly available evidence; and the appalling reactions of law enforcement, academia, and many black leaders.      Until Proven Innocent is the only book that covers all five aspects of the case (personal, legal, academic, political, and media) in a comprehensive fashion. Based on interviews with key members of the defense team, many of the unindicted lacrosse players, and Duke officials, it is also the only book to include interviews with all three of the defendants, their families, and their legal teams.            Taylor and Johnson's coverage of the Duke case was the earliest, most honest, and most comprehensive in the country, and here they take the idiocies and dishonesty of right- and left-wingers alike head on, shedding new light on the dangers of rogue prosecutors and police and a cultural tendency toward media-fueled travesties of justice. The context of the Duke case has vast import and contains likable heroes, unfortunate victims, and memorable villains--and in its full telling, it is captivating nonfiction with broad political, racial, and cultural relevance to our times."," Law , Reference",Thomas Dunne Books,4.99,September,2007,57243
The Power of Love,"By McCarthy, Erin, Foster, Lori, Blake, Toni, and Castell, Dianne","Twelve all-new stories of women's resilience, empowerment, and fulfillment, by bestselling and award-winning authors.In this engaging anthology of never-before published stories, twelve authors are united by their unique visions of the female experience. A young woman is torn between the security of her fiancé and the excitement of an old flame; a desperate wife is forced into the workplace for the first time in her life; an ambitious professional woman finally finds the courage to take control of her career; and her man; an emotionally fragile divorcee finds resolve in the ethereal visitations of an archangel...These are just some of the women who discover and rediscover their own wonderfully fallible but ultimately strong selves in the shadow of love, romantic love, platonic love, new love, and lost love. Readers will be touched, inspired, charmed, and entertained by these original stories of disparate longings, unsettled lives, and the power of love.Includes 12 stories by New York Times Bestselling Author Lori Foster and Erin McCarthy, Toni Blake, Dianne Castell, Karen Kelley, Rosemary Laurey, Janice Maynard, LuAnn McLane, Lucy Monroe, Patricia Sargeant, Kay Stockham, and J.C. Wilder.A PORTION OF THE PROCEEDS FROM THE POWER OF LOVE GOES TO THE BATTERED WOMEN’S SHELTER OF CINCINNATI"," Fiction , Romance , Collections & Anthologies",Berkley,5.29,June,2008,57341
Mafia Princess,"By Giancana, Antoinette and Renner, Thomas C.","In an autobiography illustrated with family photographs, the daughter of a gangster once the most powerful Mafia boss west of the Mississippi and an award-winning investigative reporter reveal the day-to-day life of a Mafia family"," Political Science , General",Avon Books,5.29,February,1985,57356
Sunshine,"By McKinley, Robin","From  award-winning and national bestselling author, Robin McKinley,  comes  this dark, sensual vampire fairy tale. ""A gripping, funny,  page-turning,  pretty much perfect work of magical literature.""--Neil  Gaiman“Sunshine”   is what everyone calls her.  She works long hours in her family’s   coffeehouse, making her famous “Cinnamon Rolls as Big as Your Head,”   Bitter Chocolate Death, Caramel Cataclysm, and other sugar-shock   specials that keep the customers coming.  She’s happy in her   bakery—which her stepfather built specially for her—but sometimes she   feels that she should have life outside the coffeehouse. One evening   she drives out to the lake to get away from her family, to be alone.    There hasn’t been any trouble at the lake for years.  But there   is trouble that night for Sunshine.  She is abducted by a gang of   vampires who shackle her to the wall of an abandoned mansion, within   easy reach of a figure stirring in the moonlight.  Sunshine knows that   he is a vampire and that she is to be his dinner.  Yet when dawn breaks   he has not attempted to harm her.And now he needs her help to survive the day..."," Fiction , Fantasy , General",Berkley,5.29,October,2008,57374
The Lumby Lines,"By Fraser, Gail","Nestled in the Northwest is a quaint little town that its quirky residents are proud to call home. With charming shops lining its one main thoroughfare, Lumby is home to the oldest apple tree in the county and the smallest bank in the state. And though it's hours from the nearest big city, readers will always find Lumby close to their hearts. When Mark and Pam Walker, a vacationing couple from the East Coast, decide to restore Lumby's ramshackle Montis Abbey and turn it into an inn, it takes a while for the locals to warm up to them. Especially the irascible William Beezer, owner of The Lumby Lines-the newspaper ""worth the paper it's printed on."" At every turn, he tries to hinder the Walkers' efforts. But the couple soon learns that for every citizen like William, there are many more willing to lend a hand-and that Lumby isn't just a place, it's a way of life."," Fiction , Humorous , General",Berkley,5.29,May,2007,57388
Fancy Sweet and Sugarfree,"By Barkie, Karen","Offers recipes for cakes, cheesecakes, custards, puddings, cookies, turnovers, frozen desserts, pastries, pies, tarts, tortes, and gelatin desserts that use fruit instead of sugar or honey"," Cooking , Health & Healing , Diabetic & Sugar-Free",St Martins Pr,5.29,February,1985,57973
Hold Tight,"By Coben, Harlan","Tia and Mike Baye never imagined they'd become the type of overprotective parents who spy on their kids. But their sixteen-year-old son Adam has been unusually distant lately, and after the suicide of his classmate Spencer Hill, they can't help but worry. Within days of installing a sophisticated spy program on Adam's computer, they are jolted by a message from an unknown correspondent addressed to their son: ""Just stay quiet and all safe.""As if Mike Baye isn't dealing with enough, he also learns that Lucas Loriman, the sweet kid who grew up next door, is in urgent need of a kidney transplant. As the boy's doctor, Mike suddenly finds himself in possession of an explosive secret that threatens to rip the Loriman family apart at the seams.Nearby, while browsing through an online memorial for Spencer, Betsy Hill discovers a surprising detail about the night of her son's death. Before she can find out more, Adam disappears, taking the truth with him and sending shock waves through the neighborhood.As the lives of these families collide in tragic, unexpected, and violent ways, long-hidden connections in their small suburb begin to work their way to the surface. And when an unidentified Jane Doe is beaten to death not far away, those connections threaten to turn this quiet community upside down - and force these desperate parents to decide whether there is any line they won't cross to protect those they love most in the world."," Fiction , Thrillers , Suspense",Dutton,5.7,April,2008,58094
Disney: Winnie the Pooh's: Rainy-Day Activities,"By Hopler, Sharee and Stanton, Brian (ILT)","Winnie the Pooh and his friends can transform a dreary day into a fun-filled day in this delightful volume that features sixteen craft projects that are accompanied by simple instructions, full-color photographs, a page of stickers, and excerpts from classic Winnie the Pooh stories."," Juvenile Fiction , Media Tie-In",Disney Press,5.29,April,2002,58171
The New Glucose Revolution Life Plan: Discover How to Make the Glycemic Index the Foundation for a Lifetime of Healthy Eating,"By Burani, Johanna, Brand Miller, Janette, Foster-Powell, Kaye, Brand-Miller, Jennie, and Lintner, Lisa","With each passing day, yet another health, diet, and nutrition expert or author gets on the glycemic index (GI) bandwagon. In 2003 The South Beach Diet joined New York Times best-selling books by Dr. Andrew Weil, Harvard's Dr. Walter Willett, Dr. Robert Atkins, Dr. Barry Sears, and many others in advocating taking into account the GI values of foods as a key element in a healthy, lifelong diet. But the authoritative source of information on the GI remains the Glucose Revolution series&#151;and The New Glucose Revolution Life Plan is the book that situates the GI within today's complete nutrition picture. Both an introduction to the benefits of low-GI foods and an essential source of new information for those already familiar with the concept, it charts a clear course through today's complicated nutrition maze&#151;and offers easy-to-follow guidelines for choosing the right diet. This new edition has been revised throughout in two-color with an 8-page photo insert featuring some of the fifty delicious, easy-to-prepare recipes offered in the book, as well as a complete, up-to-date table of GI and new glycemic load values for more than eight hundred foods and beverages."," Health & Fitness , Diet & Nutrition , Diets",Da Capo Lifelong Books,5.29,June,2004,58352
The Lust Lizard of Melancholy Cove (Pine Cove Series),"By Moore, Christopher","The town psychiatrist has decided to switch everybody in Pine Cove, California, from their normal antidepressants to placebos, so naturally—well, to be accurate, artificially—business is booming at the local blues bar. Trouble is, those lonely slide-guitar notes have also attracted a colossal sea beast named Steve with, shall we say, a thing for explosive oil tanker trucks. Suddenly, morose Pine Cove turns libidinous and is hit by a mysterious crime wave, and a beleaguered constable has to fight off his own gonzo appetites to find out what's wrong and what, if anything, to do about it."," Fiction , Humorous , General",William Morrow Paperbacks,5.29,May,2004,58513
Turn: Remembering Our Foundations,"By Lucado, Max","“Praise the Lord, O my soul, and forget not all his benefits.” – Psalm 103:2The very breath that sustains you. The prosperity of our land. Both—and everything in between—are gifts from the same God. Remember Him. Andturn to Him in heartfelt prayer. America ’s beloved author and 2005 National Day of Prayer spokesman, Max Lucado, issues a revolutionary call to return to the Source of our personal and national blessings. Max’s teaching and storytelling skills engage and encourage your commitment to daily enter into the presence of the giver of all good things, your Father. Turn is striking a chord in hearts and souls across America —bringing, one by one, a nation back to the Foundation on which it was built.Turn back to God… Who daily sustains your very existence, and is the sole source of your every blessing. Who showers our country with grace, creating this nation for his name’s sake. From your life to your land, his hand of mercy is upon you. It’s time now to turn and ask, “What can I do for God?”He’s waiting for you. He’s waiting for America . Story Behind the BookUsing fresh stories and original Bible teaching, 2005 National Day of Prayer spokesman Max Lucado joins seasoned author and pastor Brian Smith to call readers to a life of active prayer-guided dependence on God. The authors’ compelling, compassionate approach will cultivate hearts that truly beat for God, moving the reader from “ought” to “want” in prayer and daily surrender to Him.Turn serves as a strategic tool, urging our nation toward spiritual renewal."," Religion , Christian Living , General",Multnomah,5.29,January,2005,58569
"Sister to the Sioux: The Memoirs of Elaine Goodale Eastman, 1885-91 (The Pioneer Heritage Series, Vol. 7)","By Eastman, Elaine Goodale and Graber, Kay","""It was held a distinct adventure back in the demure 1880s for a properly brought-up New England girl to open a day school in a primitive Sioux village,"" Elaine Goodale Eastman recalled in later years. With boundless energy and dedication she had set out to teach the white man's ways to the Sioux. The Indian women called her ""little sister"" as she entered wholeheartedly into village activities.She watched the emergence of the Ghost Dance religion, visited with Sitting Bull shortly before his death, and was at Pine Ridge during the last month of 1890—""a time of grim suspense."" There she met her future husband, Dr. Charles Eastman, the agency physician and a mixed-blood Sioux. A short time later they shared in the heart-wrenching job of caring for the survivors of the Wounded Knee massacre."," History , Native American",University of Nebraska Press,5.29,January,1985,58614
Prayers for Sale,"By Dallas, Sandra","It's 1936 and the Great Depression has taken its toll. Eighty-six-year-old Hennie Comfort has lived in Middle Swan, Colorado - up in the high country of the snow-covered Rocky Mountains - since before it was Colorado. When she first meets seventeen-year-old Nit Spindle, Hennie is drawn to the young grieving girl. Nit and her husband have come to this small mining town in search of work, but the loneliness and loss Nit feels are almost too much to bear. One day she notices an old sign that reads ""Prayers for Sale"" in front of Hennie's house and takes out her last nickel. Hennie doesn't actually take money for her prayers, never has, but she invites the skinny girl in anyway. The harsh conditions of life that each has endured help them to create an instant bond, and a friendship is born, one in which the deepest of hardships are shared and the darkest of secrets are confessed.This novel tells the tale of a friendship between two women, one with surprising twists and turns, and one that is ultimately a revelation of the finest parts of the human spirit."," Fiction , Historical",St. Martin's Press,5.29,April,2009,59071
Pride and Prejudice (The Penguin English Library),"By Austen, Jane and Tanner, Tony (EDT)",Elizabeth Bennet's chances of happiness are endangered by the foibles of human nature in this classic nineteenth-century novel," Fiction , General",Penguin Classics,5.29,April,1972,59340
Jane Eyre (Bantam Classics),"By Bronte, Charlotte","Introduction by Joyce Carol Oates ' Nominated as one of America's best-loved novels by PBS's The Great American ReadInitially published under the pseudonym Currer Bell in 1847, Charlotte Brontë's Jane Eyreerupted onto the English literary scene, immediately winning the devotion of many of the world's most renowned writers, including William Makepeace Thackeray, who declared it a work 'of great genius.' Widely regarded as a revolutionary novel, Brontë's masterpiece introduced the world to a radical new type of heroine, one whose defiant virtue and moral courage departed sharply from the more acquiescent and malleable female characters of the day. Passionate, dramatic, and surprisingly modern, Jane Eyre endures as one of the world's most beloved novels.",,Bantam Classics,5.29,October,1983,59342
"Chain of Attack (Star Trek, No 32)","By Deweese, Gene","While mapping a series of gravitational anomalies, the U.S.S. Enterprise? is suddenly hurled millions of light-years through space, into a distant galxy of scorched and lifeless worlds...into the middle of an endless interstellar war.  With no way back home, the crippled starship finds itself under relentless and suicidal attack by both warring fleets! And Captain Kirk must gamble the lives of his crew on his ability to stop a war that has raged for centuries -- and ravaged a galaxy..."," Fiction , Science Fiction , General",Pocket Books,4.99,January,1988,59498
"Tears of the Moon  (Irish Trilogy, Book 2)","By Roberts, Nora","Book Two of the Gallaghers of Ardmore TrilogyHigh above the tidy village of Ardmore on a windy cliff, there is magic and music in the air, and #1 New York Times bestselling author Nora Roberts will help you find it…A talented songwriter, Shawn Gallagher spends his days lost in reverie and wonder, oblivious to the wiles of women and the ways of the world. He claims that he’s content with his life, but his music tells a different story—one of loneliness and desperate longing…No one understands why Shawn doesn’t put his musical gift to profitable use—least of all Brenna O’Toole, a fiercely independent tomboy who has been secretly in love with him for years. But it is only when Shawn gives in to the mysteries of magic that he gets the chance to fulfill his destiny as a man and a musician.Don't miss the other books in the Gallaghers of Ardmore TrilogyJewels of the SunHeart of the Sea"," Fiction , Romance , Historical , General",Berkley,5.19,June,2000,59745
30-Minute Vegetarian Grilling,"By Gwynn, Mary","Containing more than sixty-five full-flavored, meatless recipes for the grill that are ready in thirty minutes or less, this revolutionary cookbook combines America's love of grilling with the trend toward vegetarian cooking. 30,000 first printing."," Cooking , Methods , Barbecue & Grilling",Better Homes & Gardens Books,5.29,March,1998,59780
What Do Jews Believe?: The Spiritual Foundations of Judaism,"By Ariel, David S.","In this fresh and lucid study, Ariel presents the fundamentals of Jewish thought on the profound issues of God, human destiny, good and evil, Torah, and messianism, guiding the reader toward a definition of the beliefs that shape Jewish identity. This lively exploration of Jewish ideas and beliefs provides a rationale and stimulus for anyone seeking to understand or reconnect to the rich and diverse spiritual tradition of Judaism."," Religion , Judaism , Rituals & Practice",Schocken,4.99,January,1996,60006
The Dying Animal,"By Roth, Philip","No matter how much you know, no matter how much you think, no matter how much you plot and you connive and you plan, you’re not superior to sex.  With these words our most unflaggingly energetic and morally serious novelist launches perhaps his fiercest book.  The speaker is David Kepesh, white-haired and over sixty, an eminent cultural critic and star lecturer at a New York college–as well as an articulate propagandist of the sexual revolution. For years he has made a practice of sleeping with adventurous female students while maintaining an aesthete’s critical distance. But now that distance has been annihilated.   The agency of Kepesh’s undoing is Consuela Castillo, the decorous and humblingly beautiful 24-year-old daughter of Cuban exiles. When he becomes involved with her, Kepesh finds himself dragged–helplessly, bitterly, furiously–into the quagmire of sexual jealousy and loss. In chronicling this descent, Philip Roth performs a breathtaking set of variations on the themes of eros and mortality, license and repression, selfishness and sacrifice. The Dying Animal is a burning coal of a book, filled with intellectual heat and not a little danger."," Fiction , Literary",Vintage,5.29,July,2002,60364
Nate the Great and the Big Sniff,"By Weston, Martha (ILT), Sharmat, Marjorie Weinman, and Sharmat, Mitchell","Beginning readers are introduced to the detective mystery genre in these chapter books. Perfect for the Common Core, kids can problem-solve with Nate, using logical thinking to solve mysteries! Nate the Great solves crimes with his dog, Sludge. But this time, Sludge can’t help. Sludge is lost! Nate looks high and low. But every clue leads to a dead end until . . . Nate realizes Sludge can help after all!Check out the Fun Activities section in the back of the book! Visit Nate the Great and Sludge!NatetheGreatBooks.com""Another satisfying entry in a consistently entertaining series.""--Booklist ""These simple chapter books build confidence in children who are just starting to read and who look forward to a new mystery.""--Kirkus Reviews"," Juvenile Fiction , Readers , Chapter Books",Yearling,5.29,February,2003,60366
Face-to-Face Communications for Clarity and Impact (The Results-Driven Manager Series),By Harvard Business School Press,"This brief overview will help managers hone verbal and nonverbal skills in face-to-face communication. Short chapters explain salient points on using the spoken word effectively, using nonverbal communication, reading others' signals, and communicating under pressure, and touch on areas such as managing anger, detecting lying, asking questions, and persuasion. There is no subject index. Annotation ©2004 Book News, Inc., Portland, OR (booknews.com)"," Business & Economics , Management",Harvard Business Press,5.29,June,2004,60435
A Political Economy Of The Middle East 2E: Second Edition,"By Waterbury, John and Richards, Alan","""A Political Economy of the Middle East is the most comprehensive analysis of developments in the political economy of the region over the past several decades, examining the interaction of economic development processes, state systems and policies, and social actors in the Middle East.  The fourth edition, with new authors Melani Cammett and Ishac Diwan, has been thoroughly revised, with two new introductory chapters that provide an updated framework with which to understand and study the many changes in demography, education, labor markets, urbanization, water and agriculture, and international labor migration in the recent years. The new edition also includes: a new chapter that charts the political economy of the Gulf states and, in particular, the phenomenal growth of oil economies; a new chapter on the rise of ""crony capitalism;"" and increased coverage of the changes in civil society and social movements in the region, including an exploration of the causes, dynamics, consequences, and aftermath ofthe Arab uprisings""--"," Political Science , Comparative Politics",Routledge,4.99,August,1996,61121
Hammond New Headline World Atlas,By Hammond Incorporated,"Maps of the world are accompanied by the flags of all nations and include maps showing topography, population, land use, and natural resources"," Reference , General",Hammond World Atlas Corp,5.29,July,1994,61210
At Her Service,"By Johnson, Susan","Working with the French command during the Crimean war, Aurore Clement falls for the enemy when she meets the Marquis of Darley, an agent for the British Secret Service who leads her down a path of temptation and forbidden desire. Original."," Fiction , Romance , Historical , General",Brava,5.29,March,2008,61261
Wicked Pleasure (Bound Hearts),"By Leigh, Lora","From New York Times bestselling author Lora Leigh comes the explosive new novel in her Bound Hearts series.Jaci Wright has been running from the Falladay twins, Chase and Cam, for seven years now.  Fears of the desires they arouse in her, and the knowledge of the relationship they wanted with her, spurred her to run, to find a life that kept her traveling the globe and out of their reach.But now life has come full circle.  A new job has placed Jaci in the Sinclair mansion with Chase and Cam.  And they're tired of waiting.  It's hard enough to face accepting a relationship with two men rather than just one, but gossip and the tattered tales of juicy secrets fill the society she now moves within.  Can Jaci face the world knowing she's a lover to both men, or will her hesitancy and her fears destroy her chance of happiness forver?"," Fiction , Romance , Contemporary",St. Martin's Griffin,5.29,May,2008,61416
The social contract and Discourse on the origin and foundation of inequality among mankind,"By Rousseau, Jean Jacques",,,Washington Square Press,5.29,January,1967,61487
"Bill, the Galactic Hero, Vol. 2: On the Planet of Bottled Brains","By Harrison, Harry and Sheckley, Robert","Bill heads to the planet Tsuris to retrieve a secret weapon, but the planet's residents, who have more brains than bodies, are determined to capture him to put one of their brains in his body"," Fiction , Science Fiction , General",Avon Books,5.29,April,1990,61555
"The Tales of Beedle the Bard, Standard Edition (Harry Potter)","By Rowling, J. K.","The Tales of Beedle the Bard, a Wizarding classic, first came to Muggle readers&#39; attention in the book known as Harry Potter and the Deathly Hallows. Now, thanks to Hermione Granger&#39;s new translation from the ancient runes, we present this stunning edition with an introduction, notes, and illustrations by J. K. Rowling, and extensive commentary by Albus Dumbledore. Never before have Muggles been privy to these richly imaginative tales: ""The Wizard and the Hopping Pot,"" ""The Fountain of Fair Fortune,"" ""The Warlock’s Hairy Heart,"" ""Babbitty Rabbitty and Her Cackling Stump,"" and of course ""The Tale of the Three Brothers."" But not only are they the equal of fairy tales we now know and love, reading them gives new insight into the world of Harry Potter. This purchase also represents another very important form of giving: From every sale of this book, Scholastic will give its net proceeds to Lumos, an international children’s charity founded in 2005 by J. K. Rowling. Lumos is dedicated to ending the institutionalization of children, a harmful practice that affects the lives of up to eight million disadvantaged children around the world who live in institutions and orphanages, many placed there as a result of poverty, disability, disease, discrimination and conflict; very few are orphans. Lumos works to reunite children with their families, promote family-based care alternatives, and help authorities to reform their systems and close down institutions and orphanages. www.wearelumos.org"," Juvenile Fiction , Fantasy & Magic",Children's High Level Group,4.99,December,2008,61662
"The Working Mother's Guide to Life: Strategies, Secrets, and Solutions","By Mason, Linda","After you’ve made the decision to return to work following the birth of a child, you may still wonder, “Am I doing the right thing for my family?” and “How on earth do I make this work?” Now, The Working Mother’s Guide to Life sets out to offer you hundreds of answers to these types of questions, from nuts-and-bolts advice, such as finding top-notch child care and stress-free ways to manage your household, to more complex issues like separating from your child without feeling guilty and creating a rich, strong family culture that will thrive regardless of whether or not you are working.Author Linda Mason—herself a working mom and founder of an award-winning company that cares for the children of working parents across the country—provides a reassuring, practical, and comprehensive guide based on interviews with more than 100 successful working mothers from diverse backgrounds. Here are countless strategies and tips from these experts on everything from household chores and returning to work with a newborn to finding communities of support.• Building the Three Pillars of Success: A supportive workplace, a “partner-in-parenting,” and excellent child care• Running a household, holding down a job, and thriving while keeping it all together—from getting food on the table to getting out the door in the morning • Setting your priorities, including nurturing your family, satisfying your employer, and taking care of your own needs • Tips from caregivers on how to help your children blossom and grow in a variety of child care settings"," Family & Relationships , General",Harmony,4.99,November,2002,61674
Six Questions of Socrates: A Modern-Day Journey of Discovery through World Philosophy,"By Phillips, Christopher","What is virtue? What is moderation? What is justice? What is courage? What is good? What is piety? Socrates thought that understanding the perspectives of others on these six great questions would help him become a more excellent human being. Following in Socrates's footsteps, Christopher Phillips—""Johnny Appleseed with a master's degree"" (Utne Reader)—investigates these same questions, beginning in the marketplace of modern-day Athens. He goes on to investigate the timely responses and outlooks of people from different cultures and backgrounds around the world: from Greece and Spain to Japan and Korea, Mexico City, and Chiapas, where the region's indigenous people struggle for fundamental human rights. Phillips also traveled throughout the United States, holding dialogues in diverse communities from New York City to the Navajo Nation. Introducing us to less familiar thinkers in non-Western traditions who were kindred spirits of Socrates, Phillips enlarges our perspectives on life's fundamental questions, creating an innovative world survey of philosophy."," Philosophy , History & Surveys , General",W. W. Norton & Company,5.29,April,2005,61762
2012 Awakening: Choosing Spiritual Enlightenment Over Armageddon,"By Kaa, Sri Ram and Raa, Kira","HUMANITY STANDS AT THE BRINK OF A CROSSROADS. WHICH PATH WILL YOU CHOOSE?AWAKE FROM YOUR DREAM TO TAKE CHARGE OF YOUR DESTINY!Ancient Mayan predictions foretell that the world will end on December 21, 2012. Yet, as this date approaches most of us do not know where we are headed or why we are here. In 2012: Awakening, Wisdom Teacher Sri Ram Kaa and Angelic Oracle Kira Raa show how to discover your deeper soul purpose and prepare for the important choice of 2012: continue on the path of destruction or ascend to the new spiritual realm.Choose the spiritual path and you will learn to experience Joy in the face of Global Anxiety. Discover that:?Multidimensional existence is real and you are already living it?Angels are here and can show you how to create miracles?Leumeria, Atlantis and Earth’s Galactic origins are not myths?There are four basic soul groups; find yours and identify your true Soul Mate?The current global chaos is a necessary first step toward the Awakening"," Body, Mind & Spirit , Prophecy",Ulysses Press,5.29,October,2008,61764
"The Tale of Squirrel Nutkin (The 23 Tales, No. 2)","By Potter, Beatrix",A silly squirrel loses his tail in a riddle game," Juvenile Fiction , General",Warne,5.68,September,1987,61922
"Priceless Weddings for Under $5,000","By Kennedy, Kathleen","A priceless wedding is one that emphasizes the unique personalities of the couple getting married.Priceless Weddings for Under $5,000 proves that you can celebrate the spirit of love, hope, joy, and community -- without spending a fortune.Caterer and event planner Kathleen Kennedy offers insights on how to personalize a wedding inexpensively. She shares her savvy, insider techniques and tips to help couples save money on the many high-ticket items on their to-do list, showing where to cut corners and where to go all out. Included are:* A questionnaire to help the bride and groom decide on their top priorities Tips on how to find and book a great low-cost wedding site Guidelines on how to determine a budget, and stick to it* Negotiation tactics for dealing with caterers, florists, musicians, and photographers.Priceless Weddings for Under $5,000 covers every single aspect of your special day, including strategies for finding the perfect dress, great ideas for what to serve for the reception, sample wedding vows and readings, innovative decorations and invitations, and ways to incorporate children into the ceremony for second marriages. Throughout the book, inspiring stories of real-life priceless weddings, with complete budget breakdowns, show how resourceful couples around the country created their own unique celebrations.Priceless Weddings for Under $5,000 is the ultimate guide for couples who want their special day to live on in memory, not through bills."," Reference , Weddings",Potter Style,5.29,December,2000,62026
Foundations for Christian Education in an Era of Change,"By Taylor, Marvin J.",,,Abingdon,4.99,January,1976,62484
Jane Eyre (Barnes & Noble Classics),"By Bronte, Charlotte and Weisser, Susan Ostrov (INT)","&&LDIV&&R&&LDIV&&R&&LDIV&&R&&LI&&RJane Eyre&&L/I&&R, by &&LB&&RCharlotte Bronte&&L/B&&R, is part of the &&LI&&R&&LI&&RBarnes & Noble Classics&&L/I&&R &&L/I&&Rseries, which offers quality editions at affordable prices to the student and the general reader, including new scholarship, thoughtful design, and pages of carefully crafted extras. Here are some of the remarkable features of &&LI&&RBarnes & Noble Classics&&L/I&&R: &&LDIV&&RNew introductions commissioned from today's top writers and scholars Biographies of the authors Chronologies of contemporary historical, biographical, and cultural events Footnotes and endnotes Selective discussions of imitations, parodies, poems, books, plays, paintings, operas, statuary, and films inspired by the work Comments by other famous authors Study questions to challenge the reader's viewpoints and expectations Bibliographies for further reading Indices & Glossaries, when appropriateAll editions are beautifully designed and are printed to superior specifications; some include illustrations of historical interest. &&LI&&RBarnes & Noble Classics &&L/I&&Rpulls together a constellation of influences—biographical, historical, and literary—to enrich each reader's understanding of these enduring works.&&L/DIV&&R&&L/DIV&&R&&L/DIV&&R&&LDIV&&R &&L/DIV&&R&&LDIV&&RImmediately recognized as a masterpiece when it was first published in 1847, &&LB&&RCharlotte Brontë&&L/B&&R’s &&LI&&RJane Eyre&&L/I&&R is an extraordinary coming-of-age story featuring one of the most independent and strong-willed female protagonists in all of literature. Poor and plain, Jane Eyre begins life as a lonely orphan in the household of her hateful aunt. Despite the oppression she endures at home, and the later torture of boarding school, Jane manages to emerge with her spirit and integrity unbroken. She becomes a governess at Thornfield Hall, where she finds herself falling in love with her employer—the dark, impassioned Mr. Rochester. But an explosive secret tears apart their relationship, forcing Jane to face poverty and isolation once again. &&LP&&ROne of the world’s most beloved novels, &&LI&&RJane Eyre&&L/I&&R is a startlingly modern blend of passion, romance, mystery, and suspense. &&L/P&&R&&LP&&R&&LB&&RSusan Ostrov Weisser&&L/B&&R is a Professor of English at Adelphi University, where she specializes in nineteenth-century literature and women’s studies. Her research centers on women and romantic love in nineteenth-century literature, as well as on contemporary popular culture. Weisser also wrote the introduction to the Barnes & Noble Classics edition of &&LI&&RPersuasion&&L/I&&R. &&L/P&&R&&L/DIV&&R&&L/DIV&&R"," Fiction , Classics",Barnes & Noble Classics,5.29,January,2005,62520
A View from the River: The Chicago Architecture Foundation's River Cruise (Pomegranate Catalog),"By Pridmore, Jay","The full-page layout of photographs by architectural photographer Hedrich Blessing, which show the magnificent skyscrapers of Chicago in a variety of complementary light conditions, reproduce the popular Chicago Architecture Foundation tours.  An informative text accompanies the photos on the facing page.  Pridmore has written several books on Chicago. Annotation c. Book News, Inc., Portland, OR (booknews.com)"," Photography , General",Pomegranate,5.29,May,2000,62765
Groundswell: Winning in a World Transformed by Social Technologies,"By Li, Charlene and Bernoff, Josh","Li and Bernoff (Forrester Research) have teamed to provide new marketing methods and strategies for businesses that may be affected by customer feedback through blogs, social networking and even Wikipedia. Using 25 case studies from around the world, the authors offer tips on how to take advantage of web activity to generate revenue, save money and enhance customer service. Insights from companies such as Proctor & Gamble, Dell and Best Buy are examined, with marketing professionals describing the benefits of embracing the ""groundswell"" approach as opposed to fearing negative feedback from customers. Written for marketing and management professionals, this book also discusses the advantages of involving employees at every level to reinforce a company image. Annotation ©2008 Book News, Inc., Portland, OR (booknews.com)"," Business & Economics , Industries , Computers & Information Technology",Harvard Business Review Press,5.41,March,2008,62897
Pioneer Sisters (Little House Chapter Book),"By Graef, Renee (ILT), Wilder, Laura Ingalls, and Peterson, Melissa","Together, Laura, Mary, and Carrie play games, find mischief, and explore the wild as they travel and settle throughout the Midwest.  Join in the fun with everyone's favorite pioneer sisters!"," Juvenile Fiction , Readers , Chapter Books",HarperCollins,5.29,May,2000,63263
Cliffs Notes On Bronte's Jane Eyre,"By Snodgrass, Mary Ellen and Jacobson, Karin","The original CliffsNotes study guides offer expert commentary on major themes, plots, characters, literary devices, and historical background. The latest generation of titles in this series also feature glossaries and visual elements that complement the classic, familiar format.Question Victorian—and present-day—society as you study Charlotte Bronte&#39;s popular novel with CliffsNotes on Jane Eyre. What is women&#39;s position in society? What is the relationship of dreams and fantasy to reality? What is the basis of an effective marriage? Bronte tackles all these questions and more through the story of her heroine Jane Eyre.CliffsNotes provides detailed plot summaries, critical commentaries, and a helpful character map to help you uncover all the insight this novel has to offer. Make your study of this timeless novel a success with CliffsNotes on Jane Eyre. Other features that help you study includeCharacter analyses of major playersCritical essaysA review section that tests your knowledgeBackground on the author, including career highlightsClassic literature or modern-day treasure—you&#39;ll understand it all with expert information and insight from CliffsNotes study guides."," Literary Criticism , Books & Reading",Cliffs Notes,5.29,June,2000,63366
Christmas Wishes (A Blossom Street Novel),"By Macomber, Debbie","Katherine O'Connor (known as K.O.) adores her five-year-old twin nieces— and  strongly  objects  to  her  sister's plans  to  dispense  with  Christmas. Zelda  is  following  the  theories  of child psychologist Wynn Jeffries, author of The Free Child (and, as it happens, K.O.'s neighbor). K.O. is particularly horrified by his edict to ""bury Santa under the sleigh,"" and she's out to prove that Wynn and his ideas are full of…snow. He's not going to ruin her nieces' Christmas! Too bad the guy's so darned attractive….RAINY DAY KISSES is a delightful romantic comedy at Christmas—or any other time of year!Seventeen years ago Susannah Simmons was a career girl who knew  nothing  about  babies.  But  after  babysitting  her  infant niece, Michelle, Susannah learned that one determined— and screaming—baby can make the corporate world look like…child's play. Thank goodness for her charming neighbor Nate Townsend. Now he's her charming husband, and Susannah's a mother as well as an aunt. And every Christmas Eve, Michelle tells her cousins how their mom met their dad— a story in which she plays a starring role!"," Fiction , Romance , General",MIRA,5.29,October,2007,63389
The Complete Idiot's Guide to Learning French (2nd Edition),"By Stein, Gail","You're no idiot, of course.  You appreciate wine and brie, can pronounce ""croissant,"" and know that ""bonjour"" means hello.  But when it comes to actually learning the language, you feel stranded on the Eiffel Tower with no way down.  Don't strap on your parachute just yet!  The Complete Idiot's Guide to Learning French, Second Edition makes mastering French fun and entertaining--instead of bogging you down with verb tenses and vocabulary lists.  You'll feel confident about ""parlaying"" your new proficiency into conversations with native speakers.  In this Complete Idiot's Guide, you get:"," Foreign Language Study , French",Alpha,5.64,September,1999,63499
Grounded in the Word: A Guide to Mastering Standardized Test Vocabulary and Biblical Comprehension,"By Williams, Eugene, Jr.","Vocabulary book based on the words from the New King James version of the Bible to improve vocabulary, reading comprehension, and verbal tests scores on standardized tests"," Reference , General","Comptex Associates, Incorporated",4.99,July,2017,63554
The Ugly Duckling: A Novel,"By Johansen, Iris","If fate suddenly made you more beautiful that you ever dreamed possible, would it be the beginning of a fairy tale, or your worst nightmare?The brutal attack should have killed anybody, but Nell Calder did more than survive. She emerged a woman transformed, with an exquisite beauty found only in fairy tales. Nell Calder deserved a happy ending. Instead, her descent into terror has just begun.Her attacker is still on the hunt, determined to finish what he's started. And Nell, protected by a new face, is just as determined to fight back and take her revenge. But to catch her prey, she will have to expose herself—even if it makes her a killer's prime target."," Fiction , Mystery & Detective , General",Bantam Books,5.29,December,1996,63699
The House of Mirth (Barnes & Noble Classics Series),"By Wharton, Edith and Meyers, Jeffrey (INT)","&&LDIV&&R&&LDIV&&R&&LDIV&&R&&LI&&RThe House of Mirth&&L/I&&R, by &&LSTRONG&&REdith Wharton&&L/B&&R, is part of the &&LI&&RBarnes & Noble Classics&&L/I&&R&&LI&&R &&L/I&&Rseries, which offers quality editions at affordable prices to the student and the general reader, including new scholarship, thoughtful design, and pages of carefully crafted extras. Here are some of the remarkable features of &&LI&&RBarnes & Noble Classics&&L/I&&R: &&LDIV&&RNew introductions commissioned from today's top writers and scholars Biographies of the authors Chronologies of contemporary historical, biographical, and cultural events Footnotes and endnotes Selective discussions of imitations, parodies, poems, books, plays, paintings, operas, statuary, and films inspired by the work Comments by other famous authors Study questions to challenge the reader's viewpoints and expectations Bibliographies for further reading Indices & Glossaries, when appropriateAll editions are beautifully designed and are printed to superior specifications; some include illustrations of historical interest. &&LI&&RBarnes & Noble Classics &&L/I&&Rpulls together a constellation of influences—biographical, historical, and literary—to enrich each reader's understanding of these enduring works.&&L/DIV&&R&&L/DIV&&R&&L/DIV&&R&&LDIV&&R&&LSTRONG&&R&&L/B&&R &&L/DIV&&R&&LDIV&&R&&LSTRONG&&REdith Wharton&&L/B&&R’s dark view of society, the somber economics of marriage, and the powerlessness of the unwedded woman in the 1870s emerge dramatically in the tragic novel &&LI&&RThe House of Mirth&&L/I&&R. Faced with an array of wealthy suitors, New York socialite Lily Bart falls in love with lawyer Lawrence Selden, whose lack of money spoils their chances for happiness together. Dubious business deals and accusations of liaisons with a married man diminish Lily’s social status, and as she makes one bad choice after another, she learns how venal and brutally unforgiving the upper crust of New York can be. &&LBR&&R&&LBR&&ROne of America’s finest novels of manners, &&LI&&RThe House of Mirth&&L/I&&R is a beautifully written and ultimately tragic account of the human capacity for cruelty.&&LBR&&R&&L/DIV&&R&&LDIV&&R&&LP style=""MARGIN: 0in 0in 0pt""&&R&&LSTRONG&&RJeffrey Meyers&&L/B&&R&&L/B&&R, a Fellow of the Royal Society of Literature, has published forty-three books, including biographies of Ernest Hemingway, Edmund Wilson, Robert Frost, D. H. Lawrence, Joseph Conrad, and George Orwell.&&L/P&&R&&L/DIV&&R&&L/DIV&&R"," Fiction , Classics",Sterling Publishing,5.29,August,2004,63826
Spy Dance,"By Topol, Allan","Desperate to escape the shadowy and dangerous secrets of his past and to build a new life for himself under a new identity, former CIA agent Greg Nielsen finds himself blackmailed into undertaking a perilous new mission against his own country after his stepdaughter is taken hostage. Original."," Fiction , Thrillers , Suspense",Onyx,5.29,November,2001,63884
Behind-the-Scenes Secrets: Clued In! #1 (Bratz),"By Goldman, Leslie","The girls offer to help out backstage at a fashion-show fundraiser, but when strange accidents threaten to sabotage the event, they have to save the show."," Juvenile Fiction , Girls & Women",Grosset & Dunlap,6.38,August,2005,63952
"Return of the Warrior (Brotherhood of the Sword, Book 2)","By MacGregor, Kinley","Fearless men, their allegiance is to each other, to the oppressed, and to the secret society known as the Brotherhood of the Sword -- and they must never surrender to the passionate yearnings of their noble hearts.Fiercely devoted to her people and her land, Queen Adara refuses to let a power-mad usurper steal her crown. But the only way to protect what is hers is to seek out the man she married in childhood.A proud, tormented warrior, Christian of Acre owes allegiance only to the mysterious Brotherhood -- and has no wish to be king over anyone but himself. Now a bold and beautiful stranger has appeared in his rooms, tempting him with an irresistible seduction and demanding he accompany her back to their kingdoms ... or, at the very least, provide her with an heir to her throne. Though he cannot abandon the brave regal lady to her enemies, Christian dares not give in to his traitorous body's desires. Yet how can he deny the passion that is rightfully his and the ecstasy that awaits him in Adara's kiss?"," Fiction , Romance , Historical , General",Avon,5.29,April,2005,63983
Little Women / Secret Garden Flip Book (Puffin Classics),"By Burnett, Frances Hodgson and Alcott, Louisa May",,,Puffin,5.29,April,2002,64007
The Pretty Committee Strikes Back,"By Harrison, Lisi","A tragic haircut leaves Kristen looking manlier than a New York Jets linebacker. Will she be condemned to a season of trying to find cute hats when, as everyone knows, hats are so over? Meanwhile, Claire got everything she wants -- new camo Converse high-tops, bag and bags of gummies, and best of all, her first ever cell phone, from Massie. Although Claire's now an official member of the Clique, presents don't matter to her -- all she really wants is her first kiss from Cam, of course!"," Young Adult Fiction , Girls & Women",Poppy,4.99,March,2006,64047
Blueprints for Life: Building on the Foundation of Christ,By Tim Wesemann,,,"CTA, Inc.",4.99,January,2006,64705
Illustrated Directory of Submarines of the World (Illustrated Directory),"By Miller, David","More than 250 submarines, from the Civil War to the missile-launching, nuclear-powered vessels of today, are described in detail and illustrated  with contemporary and archival photography and drawings. Arranged by types: diesel-electrics, non-nuclear, nuclear-attack, missile-armed, and special-role vessels-the book provides a comprehensive overview of every major submarine class around the globe. Each entry includes specifications and incisive development and battle histories."," History , Military , Aviation",Zenith Press,5.47,August,2002,64831
Black Cross (A World War II Thriller),"By Iles, Greg","From the #1 New York Times bestselling author of the Penn Cage series comes a gripping World War II thriller that “vaporizes almost every cliché about the limits of the genre...[it’s] good enough to read twice”(Kirkus Reviews).It is January 1944—and as Allied troops prepare for D-Day, Nazi scientists develop a toxic nerve gas that will repel and wipe out any invasion force. To salvage the planned assault, two vastly different but equally determined men are sent to infiltrate the secret concentration camp where the poison gas is being perfected on human subjects. Their only objective: destroy all traces of the gas and the men who created it—no matter how many lives may be lost...including their own."," Fiction , War & Military",Berkley,5.29,November,1995,64988
I'm So Happy for You,"By Rosenfeld, Lucinda","What if your best friend, whom you've always counted on to flounder in life and love (making your own modest accomplishments look not so bad), suddenly starts to surpass you in every way?  Wendy's best friend, Daphne, has always been dependably prone to catastrophe.  And Wendy has always been there to help.  If Daphne veers from suicidal to madly in love, Wendy offers encouragement.  But when Daphne is suddenly engaged, pregnant, and decorating a fabulous town house in no time at all, Wendy is...not so happy for her.  Caught between wanting to be the best friend she prides herself on being and crippling jealousy of flighty Daphne, Wendy takes things to the extreme, waging a full-scale attack on her best friend-all the while wearing her best, I'm-so-happy-for-you smile-and ends up in way over her head.  Rosenfeld has a knack for exposing the not-always-pretty side of being best friends--in writing that is glittering and diamond-sharp. I'M SO HAPPY FOR YOU is a smart, darkly humorous, and uncannily dead-on novel about female friendship."," Fiction , Women",Back Bay Books,5.29,July,2009,65129
Essentials of Cooking,"By Peterson, James","In this unrivaled practical guide, one of America's most widely respected cookbook authors distills his vast knowledge and experience into the 100 essential techniques that every cook needs to know. Seven hundred and fifty photographs unravel the mysteries of the method and provide practical application on the spot.  Each technique is further explained in terms of how it makes the food taste: What happens, for example, if you cook the fish in butter versus oil? Why does roasting make vegetables taste so good? How do you decide whether you want to make a chicken stew or sautT?  Here are answers to just about every cooking question, from the simple to the sublime: how to boil an artichoke or cook a soft-boiled egg, or how to clean soft-shell crabs or even butcher and roast a whole saddle of lamb. Knowing how to execute a technique makes you efficient; knowing why you've chosen that technique makes you a master."," Cooking , Reference",Artisan,7.35,January,1999,65187
Dog Talk: Training Your Dog Through a Canine Point of View,"By Ross, John and McKinney, Barbara","A dog-training guide that stresses effective communication and encourages dog owners to respond to their pet with canine manners offers tips on housebreaking, breeds, and more."," Pets , Dogs , General",St Martins Pr,5.76,May,1992,65284
The Little Women: A Novel,"By Weber, Katharine","Sisters Meg, Jo and Amy have the perfect family--loving, creative parents; a comfortable life on Manhattan's Upper West Side; a future full of possibility. Perfect until the daughters discover their mother has had affair, and, even worse, that their father has forgiven her. Shattered by their parents' failure to live up to the moral standards and values of the family, the two younger sisters leave New York and move to Meg's apartment in New Haven, where Meg is a junior at Yale. It is here that the girls will form their own family, divorced from their parents.  The Little Women is a chronicle of that year, wittily narrated as a novel written by the middle sister Jo and commented upon throughout by her sisters."," Fiction , Literary",Picador,4.99,October,2004,65337
The Best Little Marinades Cookbook (Best Little Cookbooks),"By Adler, Karen","THE BEST LITTLE MARINADES COOKBOOK offers a variety of homemade marinades, pastes, and rubs that add signature flavors before the meat is cooked. Provencal White Wine Marinade, Memphis Rib Rub, and Rosemary-Dijon Paste are just a few that add distinction and depth. COMING IN JUNE."," Cooking , Courses & Dishes , Sauces & Dressings",Celestial Arts,4.99,June,2000,65364
Dead Witch Walking,"By Harrison, Kim","The first book in #1 New York Times bestselling author Kim Harrison's Hollows series!All the creatures of the night gather in ""the Hollows"" of Cincinnati, to hide, to prowl, to party . . . and to feed.Vampires rule the darkness in a predator-eat-predator world rife with dangers beyond imagining—and it's Rachel Morgan's job to keep that world civilized.A bounty hunter and a witch with serious sex appeal and an attitude, she'll bring 'em back alive, dead . . . or undead."," Fiction , Fantasy , General",Harper Voyager,5.29,January,2004,65517
Wwjd: Stories for Teenagers,"By Desollar, Karen (EDT)","Offers a collection of stories for teenagers featuring everyday problems and challenges, with solutions based on answering the question, what would Jesus do"," Young Adult Nonfiction , Religious , Christian , Inspirational",Honor Books,5.29,June,1999,65606
"The Time Travelers (The Gideon Trilogy, Book 1)","By Buckley-Archer, Linda","Previously published as GIDEON THE CUTPURSE   1763   Gideon Seymour, thief and gentleman, hides from the villainous Tar Man. Suddenly the sky peels away like fabric and from the gaping hole fall two curious-looking children. Peter Schock and Kate Dyer have fallen straight from the twenty-first century, thanks to an experiment with an antigravity machine. Before Gideon and the children have a chance to gather their wits, the Tar Man takes off with the machine -- and Peter and Kate's only chance of getting home. Soon Gideon, Peter, and Kate are swept into a journey through eighteenth-century London and form a bond that, they hope, will stand strong in the face of unfathomable treachery."," Juvenile Fiction , Fantasy & Magic",Simon & Schuster Books for Young Readers,5.29,September,2007,65910
Pride and Prejudice and Zombies,"By Austen, Jane and Grahame-Smith, Seth","The New York Times best seller is now a major motion picture starring Lily James and Sam Riley, with Matt Smith, Charles Dance, and Lena Headey. Complete with romance, heartbreak, swordfights, cannibalism, and thousands of rotting corpses, Pride and Prejudice and Zombies is an audacious retelling of English literature’s most enduring novel. This expanded edition of the beloved Jane Austen novel featuring all-new scenes of bone-crunching zombie mayhem begins when a mysterious plague falls upon the quiet English village of Meryton—and the dead are returning to life! Feisty heroine Elizabeth Bennet is determined to wipe out the zombie menace, but she’s soon distracted by the arrival of the haughty and arrogant Mr. Darcy. What ensues is a delightful comedy of manners with plenty of civilized sparring between the two young lovers—and even more violent sparring on the blood-soaked battlefield. It’s the perfect read for literature lovers, zombie fans, and anyone who loves a reanimated Austen."," Fiction , Mashups",Quirk Books,5.29,April,2009,66032
"Performance Appraisal Phrase Book: The Best Words, Phrases, and Techniques for Performance Reviews","By Sandler, Corey and Keefe, Janice","You'll never struggle with performance appraisals again!Do you dread writing employee performance evaluations? Do you struggle for hours to find just the right words of praise, avoid repetition, and tread the fine line between ""constructive"" and ""criticism""?Performance Appraisal Phrase Book makes it easy for you. Featuring concise sections on how to write the evaluation, handle tricky legal issues, and verbally discuss the evaluation, this book also includes a directory of thousands of words and phrases appropriate for any type of written evaluation.You'll be able to find just the right way to assess:Accuracy and attention to detailQuality of workWork habitsTeamwork and interpersonal skillsTimeliness of workWork attitude With Performance Appraisal Phrase Book at your desk, you'll get through reviews in a snap--and have plenty of time left to accomplish all your other managerial duties."," Business & Economics , Human Resources & Personnel Management",Adams Media,5.29,November,2003,66100
Bendon Publishing Little Women,"By Alcott, Louisa May, Snyder, Bethany (ADP), and Hargreaves, Martin (ILT)",," Juvenile Fiction , Readers , Intermediate",Dalmatian Pr,6.68,January,2004,66345
The Lighthouse (A Mystery Scene Book),"By Pronzini, Bill and Muller, Marcia","Jan, a young professor, and his wife, Alix, move to Cape Despair, Oregon, where they encounter a mysterious killer"," Fiction , Mystery & Detective , General",Carroll & Graf Pub,4.99,December,1992,66566
The Amateur Astronomer's Handbook,"By Muirden, James","Photographs, drawings, and charts supplement an elementary guide to successful astronomical observation"," Science , General",HarperCollins,5.82,September,1987,66817
Six Disciplines® Execution Revolution: Solving the One Business Problem That Makes Solving All Other Problems Easier,"By Harpst, Gary","Argues that developing and implementing an execution strategy plan which involves all employees will ensure that small and midsized companies will be able to manage growth, remain innovative, and increase profitability."," Business & Economics , Strategic Planning",Six Disciplines Publishing,5.68,July,2008,67108
Diabetic Low-Fat and No-Fat Meals in Minutes (Juvenile Diabetes Foundation Library),"By Smith, M. J.","Quick and Easy Diabetic Cooking Is Now a Delicious Reality. With Diabetic Low-Fat & No-Fat Meals in Minutes, it's easy to create healthy meals for people with diabetes that are practical, fast, and enticing enough for their families and friends. It's a collection of more than 250 tantalizing recipes from bestselling cookbook author M.J. Smith, R.D., and the Juvenile Diabetes Foundation International--the world's leading private health agency funding diabetes research. From breakfasts to desserts, this essential guide shows you how to prepare dishes that are low in calories, fat, sugar, sodium, and cholesterol--in 30 minutes or less. Delectable creations include:* Blue Cheese Seafood Dip* Skinny Quiche Lorraine* Maple Date Pecan Bread in the Machine* Salmon Pasta Salad with Cucumber and Dill* Chicken and Broccoli Pot Pie* Lime and Ginger Shrimp Kabobs* Grilled Pork Chops with Fruit Salsa* Asparagus Almond Casserole* Cheesecake with Strawberry ToppingDiabetic Low-Fat & No-Fat Meals in Minutes includes diabetic menu plans for six weeks and expert advice on choosing a plan for managing blood glucose, replacing sugar and fat with herbs, spices, and seasonings, and using fiber to aid blood glucose control. Each recipe features a complete nutrition analysis, including diabetic exchanges. * Books to Fund a Cure * A portion of this book's proceeds will go to the Juvenile Diabetes Foundation International, a not-for-profit voluntary health agency, whose primary objective is to support and fund research to find a cure for diabetes and its complications. Juvenile Diabetes Foundation Library"," Cooking , Health & Healing , Diabetic & Sugar-Free",HOUGHTON MIFFLIN HARCOURT,4.99,April,1998,67745
Hooray for Thomas!: And Other Thomas the Tank Engine Stories,"By Awdry, W., Mitton, David (ILT), Palone, Terry (PHT), and Permane, Terry (ILT)","Filled with gentle humor and lots of photos, here are three fun new stories straight from Thomas’ newest video. First, Thomas saves the day when the medals for the children’s Sports Day are left in the station. Next, Skarloey must help Sir Topham Hatt when he is carried off by a runaway balloon. And finally, Gordon wants nothing to do with the big engine decorating contest, but a large banner might alter his plans."," Juvenile Fiction , Transportation , Railroads & Trains",Random House Books for Young Readers,5.29,January,2005,67783
CliffsNotes Pride and Prejudice,"By Fitzwater, E. (EDT)","Analyzes the structure, characters, language, and dramatic, satirical, and other stylistic techniques of the early-nineteenth-century English novel and summarizes its plot"," Study Aids , Study Guides",Cliffs Notes,5.29,September,1959,67822
"Lt. Leary, Commanding (1)","By Drake, David","In a fast-paced novel of deep-space adventure, the crew of the corvette Princess Cecile wages war on bureaucrats, turncoats, desert winds, and cabin fever. Original."," Fiction , Science Fiction , Action & Adventure",Baen,4.99,July,2000,68233
The New Padawan (Star Wars: The Clone Wars),"By Stevens, Eric (ADP)","Jedi generals Obi-Wan Kenobi and Anakin Skywalker battle the Separatist Alliance's droid army on the planet of Christophsis as Anakin attempts to get used to his new, unwanted padawan, Ahsoka Tano."," Juvenile Fiction , Media Tie-In",Grosset & Dunlap,5.29,July,2008,68387
Secret Admirer: An Anthology (The Fortunes of Texas: Reunion),"By Major, Ann, Smith, Karen Rose, and Rimmer, Christine","These three passionate stories center around the Fortune family's annual Spring Fling dance and include Ann Major's Secret Kisses, in which two rival business associates cast aside their long-standing feud and succumb to the town's matchmaking efforts, as well as tales by Christine Rimmer and Karen Rose Smith. Original."," Fiction , Romance , General",Silhouette Signature Collection,4.99,April,2005,68438
Europe Today,"By Tiersky, Ronald","This engaging text is a true postDCold War enterprise. The contributors, an authoritative group of Americans and Europeans, explore the new Europe_West and East_using intertwining themes of domestic politics, European integration, and European security. The chapters_divided into country, institutional, and thematic sections_are both student and teacher friendly: clearly written, engaging, and tailored for classroom discussion."," Political Science , International Relations , General",Rowman & Littlefield Publishers,4.99,March,1999,68653
The Sundance Reader (with InfoTrac),"By Connelly, Mark (EDT)","Continuing to offer a superior teaching apparatus, a diverse collection of rhetorically arranged readings, and visual writing prompts, THE SUNDANCE READER, 4th edition will be accompanied by a new custom database, The SUNDANCE CHOICE, to meet the specific needs of the instructor, department and students."," Education , Higher",Cengage Learning,5.94,April,2005,68731
Best Of Enemies,"By Smith, Taylor","When a young college girl is linked to a terrible crime and then mysteriously vanishes, one woman, who firmly believes in the girl's innocence, joins forces with a man tormented by his tortured past to unravel dark secrets that will rock a tranquil New England town. Original."," Fiction , Mystery & Detective , General",MIRA,5.29,May,1997,68825
The Death of an Irish Sea Wolf,"By Gill, Bartholomew","In a remote community off the west coast of Ireland, residents inclined to gossip speculate why reclusive Clement Ford, the ""Sea Wolf,"" has become such a generous benefactor to his neighbors. then one night, a mysterious figure from Ford's past arrives on the island, and by morning three people are murdered and Ford has disappeared. In the wake of the tragedy, Chief Superintendent Peter McGarr, and his intuitive wife, Noreen, along with his trusted staff from the Murder Squad, must piece together the deadly evening's events and answer the questions: Who really is the enigmatic Sea Wolf? And what does he have that is worth killing so many people for?"," Fiction , Mystery & Detective , General",Avon,4.99,October,1997,68915
The Siege,"By White, Stephen","Stephen White-author of over a dozen New York Times bestsellers- returns with a relentlessly propelled, thriller that will remind readers of his acclaimed Kill Me. Stephen White's Alan Gregory novels are beloved by both fans and critics-the most recent, Dead Time, was a USA Today and Book-Sense bestseller. In The Siege, Gregory's longtime friend Sam Purdy takes center stage in a story that feels ripped from tomorrow's headlines. From the first page on, readers need to be buckled in for a nonstop ride full of terror and pathos. As a lovely weekend approaches on the Yale campus it appears that a number of students-including the sons of both the Secretary of the Army and newest Supreme Court justice-may have gone missing. Kidnapping? Terrorism? The authorities aren't sure. But the high-profile disappearances draw the attention of the CIA and the FBI's vaunted Hostage Rescue Team. Attention quickly focuses on the fortress-like tomb of one of Yale's secret societies. Suspended Boulder police detective Sam Purdy soon finds himself in New Haven, where he is quickly snared by an unlikely pair of Feds: FBI agent Christopher Poe and CIA analyst Deirdre Drake. Sam, Poe, and Dee join together, desperately trying to solve the riddle of what is going on inside the windowless stone tomb on the edge of campus. The clock is pounding in their ears. The unknown enemy is playing by no known rules . . . is making no demands . . . is refusing to communicate with the hostage negotiator . . . is somehow anticipating every FBI move . . . is completely unconcerned about getting away . . . And . . . is sending students, one by one, out of the building's front door to die."," Fiction , Thrillers , Suspense",Dutton Adult,4.99,August,2009,69390
"Single Woman of a Certain Age: 29 Women Writers on the Unmarried Midlife--Romantic Escapades, Empty Nests, Shifting Shapes, and Serene Independence","By Ganahl, Jane (EDT)","In Single Woman of a Certain Age, Jane Ganahl assembles a chorus of sophisticated and witty voices for this revealing anthology about flying solo in midlife. Joyce Maynard and Dakota Cassidy try online hookups, Debra Ginsberg brings up the M-word, Cameron Tuttle goes on a date (with herself), Susan Griffin finds joy in solitude, and Rachel Toor finally finds companionship ? the four-legged kind.Reflecting on the (mostly) ups and (sometimes) downs of women cruising past 40, these writers address the challenges and rewards of growing older as a single woman: sex, loneliness, motherhood, learning to live alone, financial struggles, blossoming careers, menopause, and more. Contributors include April Sinclair, Cameron Tuttle, Spike Gillespie, Laura Fraser, Susan Griffin, Jane Juska, Joyce Maynard, Sunny Singh and more."," Social Science , Women's Studies",New World Library,5.29,September,2005,69436
Fiesta,"By Butel, Jane","Explains how to entertain the Southwestern way, with thirty menus and 170 recipes for celebrating any occasion"," Cooking , General",Harpercollins Childrens Books,5.54,April,1987,69526
"American Railway: Its Construction, Development, Management, and Appliances","By Clarke, Thomas (CON)","Contains the recollections of many of the major figures responsible for the development of the rail system, along with the original illustrations from their reports"," Transportation , General",Castle,8.79,November,1988,69664
The Time Hackers,"By Paulsen, Gary","You ever open your locker and find that some joker has left something really weird inside?Seventh-grader Dorso Clayman opens his locker door to find a dead body.Thirty seconds later it disappears. It’s not the first bizarre thing that has appeared in his locker and then vanished.Something’s going on. Somebody has decided to make Dorso and his buddy Frank the target of some strange techno-practical jokes. The ultimate gamesters have hacked into the time line, and things from the past are appearing in the present. Soon, the jokes aren’t funny anymore—they’re dangerous. Dorso and Frank have got to beat the time hackers at their own game by breaking the code, before they get lost in the past themselves."," Juvenile Fiction , Mysteries & Detective Stories",Yearling,5.29,August,2006,69721
Weber's Big Book of Grilling,"By Weber (Firm) (COR), Purviance, Jamie, and McCrae, Sandra","Building on the tremendous success of Weber's Art of the Grill (over 100,000 copies sold!), the world's best-known and most trusted grilling experts bring us the ultimate in barbecue cookbooks. Destined to become a sauce-stained classic, it's packed with 350 of the tastiest and most reliable recipes ever to hit the grill, hundreds of mouthwatering full-color photos, and countless sure-fire, time-honored techniques and tricks of the trade guaranteed to turn anyone into a barbecue champion. For the chef who's barely flipped a burger to the local grilling guru, here's all the advice and all the fabulous food required to wow the neighborhood--and at a price that's as red hot as the coals!"," Cooking , Methods , Outdoor",Chronicle Books,7.72,May,2001,70051
The Knot Guide For The Mother of the Bride,"By Roney, Carley and Luu, Cindy (ILT)","Leave it to The Knot, the most prestigious name in the bridal industry, to create a wise and heartwarming book for the second most important woman in the wedding. The Knot Guide for the Mother of the Bride explains the bridal planning process from start to finish, with special attention given to the responsibilities of the mother of the bride, such as engagement announcements and parties, interacting with the groom's family, and managing finances. Every aspect of the wedding tradition is covered from the mother's point of view, whether the etiquette of gift registries or how to organize a receiving line. Tips on the perfect form-flattering dress and camera-ready hair and make-up will help Mom create her perfect wedding look. Thoughtful suggestions give her ideas for supporting and encouraging her daughter, and for keeping perspective in high-pressure situations. Pretty illustrations and a lovely silvery jacket make this petite hardcover a special treasure. A great self-purchase for Moms or a cherished gift from the bride, The Knot Guide for the Mother of the Bride will help mothers and daughters enjoy the weddingand each other."," Reference , Weddings",Chronicle Books,4.99,November,2005,70097
Diary of an Anorexic Girl,"By Menzie, Morgan","Morgan Menzie takes readers through a harrowing but ultimately hopeful and inspiring account of her eating disorder. Her amazing story is told through the journals she kept during her daily struggle with this addiction and disease. Her triumphs and tragedies all unfold together in this beautiful story of God's grace. Features include: daily eating schedule, journal entries, prayers to God, poems, and what she wished she knew at the time. It's the true story of victory over a disease that is killing America's youth."," Self-help , Eating Disorders & Body Image",Thomas Nelson,5.29,April,2003,70423
From Geography to Affinity: How Congregations Can Learn From One Another,"By Schaller, Lyle E.","Changes in denominational life in North America have left congregations with two difficult choices. On one hand, they can choose to act as though their ministries and programs can still best be established by national denominational offices. On the other hand, they can choose to act as though their denominational identity is completely irrelevant to their mission. Underlying these difficult choices, writes Lyle E. Schaller, is the tremendous flux in the relationship between national denominations and their member congregations over the last forty years. The fact that relatively few visitors choose to affiliate with a congregation on the basis of denominational identity leads some to conclude (incorrectly) that the interdependence and cooperation between congregations of similar heritage and background is unimportant. At the same time, others conclude (also incorrectly) that there is nothing wrong with current denominational structures and that congregations need simply to align themselves with their denomination's directions more thoroughly. To these bad choices, Schaller proposes an alternative. He observes that many congregations already seek to extend their mission and make their ministries more effective by participating in affinity networks--groups of congregations that share particular goals and visions. Schaller suggests the establishment of such networks within, rather than outside of, denominations. He argues that they should be established on the judicatory level. Rather than making state or regional boundaries the organizing principle by which congregations within a denomination align themselves, why not form judicatories around a particular sense of mission, or distinctive theological stands? Schaller concludes that allowing and encouraging the formation of such affinity networks will recognize the differences between congregations within a denominations as the strength it truly is, and will, foster a greater unity of purpose between the denomination's churches."," Religion , Christian Church , Leadership",Abingdon Press,5.29,May,2003,70539
My Visit to the Dinosaurs (Let's-Read-and-Find-Out Science 2),By Aliki,"Dinosaurs are extinct now, but you can visit dinosaur skeletons in a museum. There you will meet Brachiosaurus, Stegosaurus, and Diplodocus and learn how they ruled the earth millions of years ago. You'll see dinosaurs with over 1,000 teeth, dinosaurs who could swim, meat-eaters and plant-eaters. And, of course, you'll meet the king of all dinosaurs, the gigantic Tyrannosaurus rex."," Juvenile Fiction , Fantasy & Magic",Harpercollins,5.29,November,1985,70927
Kindred in Death,"By Robb, J. D.","When the newly promoted captain of the NYPSD and his wife return a day early from their vacation, they were looking forward to spending time with their bright and vivacious sixteen-year-old daughter who had stayed behind. Not even their worst nightmares could have prepared them for the crime scene that awaited them instead. Brutally murdered in her bedroom, Deena?s body showed signs of trauma that horrified even the toughest of cops; including our own Lieutenant Eve Dallas, who was specifically requested by the captain to investigate. When the evidence starts to pile up, Dallas and her team think they are about to arrest their perpetrator; little do they know yet that someone has gone to great lengths to tease and taunt them by using a variety of identities. Overconfidence can lead to careless mistakes. But for Dallas, one mistake might be all she needs to bring justice."," Fiction , Mystery & Detective , Women Sleuths",Putnam Adult,4.99,November,2009,71140
Southern Living: Slow-Cooker Cookbook: 203 Kitchen-Tested Recipes - 80 Mouthwatering Photos!,"By Gentry, Jane E. (EDT)","A collection of two hundred all new slow cooker recipes is focused on simplicity, dependability, and versatility to help readers create great-tasting, home-cooked meals for family meals or larger crowds, with minimal preparation and only a single pot."," Cooking , Regional & Ethnic , American , Southwestern States",Oxmoor House,8.79,January,2006,71268
The Arts of China (An Ahmanson Murphy Fine Arts Book),"By Sullivan, Michael","""From the Neolithic to the avant-garde, and through all the brilliant centuries in between, Michael Sullivan's newly revised introduction to Chinese art history is unmatched in its clarity, balance, and sure grasp of the subject. Whether for the classroom student or the casual reader, its remarkable range and elegant style make this book a wonderful way for anyone to begin learning about Chinese art."" --Jerome Silbergeld, Professor of Art History, University of Washington, and author of Chinese Painting Style""A concise, comprehensive, and highly readable overview of Chinese art extending from its Neolithic roots down to its modern engagement with the West.""--Maxwell Hearn, Curator of Chinese Art, Metropolitan Museum of Art, and author of Splendors of Imperial China""I have used this text in my class for thirty years. With full revisions and additions reflecting recent archaeology and art historical scholarship, the fourth edition will continue to be the best one-volume history of Chinese art in the English language. No other historian of Chinese art today commands such a wide range of knowledge as Michael Sullivan.""--Richard Barnhart, John M. Schiff Professor of the History of Art, Yale University, and editor of Three Thousand Years of Chinese Painting""This is the most comprehensive study of Chinese art, giving up-to-date information from the Stone Age to the twentieth century. Professor Michael Sullivan is a leading scholar in this field, and this is an indispensable textbook for all students of Asian art history."" --Wang Qingli, Professor of Chinese Art History, University of Hong Kong, and author of A History of Nineteenth-Century Chinese Art"," Art , Asian , General",University of California Press,10.99,February,2000,71291
The Summoning,"By Armstrong, Kelley","My name is Chloe Saunders and my life will never be the same again. All I wanted was to make friends, meet boys, and keep on being ordinary. I don't even know what that means anymore. It all started on the day that I saw my first ghost—and the ghost saw me. Now there are ghosts everywhere and they won't leave me alone. To top it all off, I somehow got myself locked up in Lyle House, a ""special home"" for troubled teens. Yet the home isn't what it seems. Don't tell anyone, but I think there might be more to my housemates than meets the eye. The question is, whose side are they on? It's up to me to figure out the dangerous secrets behind Lyle House . . . before its skeletons come back to haunt me."," Young Adult Fiction , Fantasy , General",HarperCollins,4.99,January,2009,71314
The Broker: A Novel (John Grisham),"By Grisham, John and Boutsikaris, Dennis (NRT)","In his final hours in the Oval Office, the outgoing President grants a controversial last-minute pardon to Joel Backman, a notorious Washington power broker who has spent the last six years hidden away in a federal prison. What no one knows is that the President issues the pardon only after receiving enormous pressure from the CIA. It seems Backman, in his power broker heyday, may have obtained secrets that compromise the world’s most sophisticated satellite surveillance system.Backman is quietly smuggled out of the country in a military cargo plane, given a new name, a new identity, and a new home in Italy. Eventually, after he has settled into his new life, the CIA will leak his whereabouts to the Israelis, the Russians, the Chinese, and the Saudis. Then the CIA will do what it does best: sit back and watch. The question is not whether Backman will survive—there is no chance of that. The question the CIA needs answered is, who will kill him?"," Fiction , Thrillers , Suspense",Random House Audio,9.73,July,2006,71675
Pride and Prejudice (Oxford World's Classics),"By Austen, Jane, Kinsley, James (EDT), Armstrong, Isobel (INT), and Kinsley, James",Human foibles and early-nineteenth-century manners are satirized in this romantic tale of country English family life," Fiction , Classics",Oxford University Press,4.99,June,1998,71755
True Stories of the Second World War (True Adventure Stories),"By Dowswell, Paul","Collects stories of events during the Second World War, covering the last voyage of the Bismarck, cracking the Enigma code, the life of British secret agent Violette Szabo, the Manhattan Project, and the Battle of Iwo Jima."," Juvenile Nonfiction , History , Military & Wars",Usborne Pub Ltd,5.29,January,2004,71809
Navigation Rules: International-Inland,"By Transportation Dept., Coast Guard, S/N 050-012-00407-2","Official publication contains International Regulations for Preventing Collisions at Sea, 1972 (COLREGS), incorporating amendments, which became effective on November 19, 1989 and November 1995. Also includes the Inland Navigation Rules that have been in effect for all inland waters, including the Great Lakes, since Mar. 1, 1983. Provides all revisions through January 1, 1999. International rules and inland rules for similar subjects are printed side-by-side for comparison."," Business & Economics , Reference",United States Department of Transportation,5.29,January,1999,72115
Hugs for Brothers,"By Howard, Chrys","Hugs for Brothers is a delightful book that delivers a hug of appreciation and love to those lovable members of your families: brothers. The pages of this book are filled with touching stories, thoughtful messages, poignant sayings, and paraphrased scriptures that will convey appreciation and admiration for the way your brother has always been there for you, protected you, and -- when no one else would -- answered you with an honest opinion. Give a hug to your brother that will last a lifetime."," Religion , Christian Life , General",Howard Publishing Company,4.99,January,2005,72276
The Soldiers of Halla (10) (Pendragon),"By Machale, D. J.","In the tenth and final installment of the #1 New York Times bestselling Pendragon series, every question is answered. Every truth is revealed. The final battle has begun.It was all leading up to this moment. Nine books—nine battles for nine territories—have brought Bobby Pendragon to where he is now. At last, Bobby and the rest of the travelers must join forces in an epic war against Saint Dane for not only one last territory, but for all of Halla. With more than three million books in print, the number one New York Times bestselling Pendragon series has a huge and passionate fan base, and these fans will not be disappointed as the series comes to an action-packed and satisfying conclusion in the tenth and final installment."," Young Adult Fiction , Fantasy , General",Aladdin,10.99,May,2009,72301
"Going Under (Quantum Gravity, Book 3)","By Robson, Justina","Lila Black is off with the faeries . . .Ever since the Quantum Bomb of 2015 things have been different; the dimensions have fused and suddenly our world is accessible to elves, demons, ghosts and elementals—and their worlds are open to us. Things have been different for Special Agent Lila Black too: tortured and magic-scarred by elves, rebuilt by humans into a half-robot, part-AI, nuclear-fueled walking arsenal, and carrying the essence of a dead elfin necromancer in her chest, sometimes she has trouble figuring out who she is. And a mission to the world of the fae may not help her work it out. The fae are beautiful, glamorous, exotic, and talented, ruled by their king and queen’s summer and winter courts. Their inventions make food taste better, make beer divine, and bring sparkle and mischief to the world–but that’s only the surface. And Lila is being sent in at the deep end, to the deepest, darkest levels of Faerie: on the primal level, nothing about the fae is glamorous at all. In a winter-locked, raw, and primitive world, Lila has to deal with the fae at their most basic levels, as tricksters and dealmakers–and the only deals worth making are bloody ones. If Lila’s quest is to succeed, and if she is ever to escape Faerie, the right question must be asked, the right sacrifice must be made, and the right quarry must be hunted down on the winter solstice. All of which is difficult, when the only aides Lila brought to Faerie are her friends . . . Justina Robson’s new series combines her trademark themes of identity and reality, magic and technology, break-neck plots, a mischievous sense of fun, and a seriously sexy new heroine."," Fiction , Fantasy , Contemporary",Pyr,4.99,September,2008,72370
"The Trouble with Harriet (Ellie Haskell Mysteries, No. 9)","By Cannell, Dorothy","Ellie Haskell is in dire need of a vacation. Life has become increasingly hectic of late, with her busy work as an interior designer on top of taking care of the twins and baby Rose, and her husband Bentley's bustling cafe business. In fact, Ben and Ellie haven't had a holiday in years. But today their bags are packed for a long-awaited trip to France. With blissful daydreams of her romantic getaway dancing in her head, Ellie sets off to do some last-minute errands. Imagine her distress when she encounters a chain-smoking Gypsy who warns her, ""Take that trip at your peril!""Trying to shake off her feelings of foreboding, Ellie returns home - but she is barely in the door when Ben stops her dead in her tracks: ""Ellie. You have a surprise visitor."" It is her prodigal father, Morley Simons, returning after many years. Far from greeting her with a face wreathed in smiles, Morley is sobbing into a hanky.Morley comes toting the ashes of his platinum blond lady love, Harriet - a femme fatale who has become a highway fatality. He's promised to return the urn containing her mortal remains to her relatives, who duly show up to receive the unwelcome news that Harriet has been temporarily misplaced. When another accident makes Morley a murder suspect, Ellie begins to question the urn's contents and must ask herself: Is he a pawn in a deadly game? Is this what the Gypsy had foreseen?"," Fiction , Mystery & Detective , Women Sleuths",Viking Adult,5.29,May,1999,72603
Country Living Country Quilts,"By Sears, Mary Seehafer, Levie, Eleanor, and Place, Jennifer","There may be no greater symbol of the American spirit than the quilt, which is equal parts thrift, skill, patience, and artistry. Pieces of the past, seemingly worthless scraps of fabric are painstakingly, precisely stitched together. The finished quilt is a triumph, an eloquent testimonial to its maker, and a joy for the viewer to behold. Quilt lovers long ago brought these treasures out of the bedroom, and today there are countless creative ways to decorate every room with them. From porch to pantry, quilts bring life to a home. In Country Living's Country Quilts, the editors of Country Living magazine present some of the finest examples of quiltmaking in America.In addition to this photographic tribute to the quilt, Country Quilts includes complete, easy-to-understand instructions for creating twenty wonderful designs at home. A portrait of the finished quilt accompanies each project, and a table tells you at a glance how much fabric you'll need. The instructions for assembling the quilt are accompanied by colorful, step-by-step illustrations. In addition, full-size pattern pieces, ready to be traced and cut out, are included.Written by respected experts, the directions are so easy to follow that even the most timid beginner will find them accessible. At the same time, the projects are interesting enough to challenge experienced quilters. Patterns include traditional Squares in Squares, Feathered Stars, Country Lanes, and Acorn Applique.For the three million quilters in North America today, and for everyone who loves this most American of art forms, Country Living's Country Quilts is a highly useful and truly beautiful book."," Crafts & Hobbies , Quilts & Quilting",Hearst,10.99,December,2001,72616
Snowbound Colorado Christmas: Almost Home/Fires of Love/Dressed in Scarlet/The Best Medicine (Inspirational Romance Collection),"By Franklin, Darlene, Murray, Tamela Hancock, Dooley, Lena Nelson, and Davis, Susan Page","50-100 Word Consumer Copy -- Relive the Christmas of 1913 thorough the eyes of young people in love as snow falls in a record-setting blizzard. During Christmas the Christmas of 1913, Colorado is buffeted with snow and four couples find that taken refuge also means taking a look at the past and giving love a chance for the future."," Fiction , Christian , Romance","Barbour Publishing, Inc.",5.29,September,2008,73102
The Shortest Distance Between Two Women: A Novel,"By Radish, Kris","Bestselling author Kris Radish takes the emotional measure of mothers, daughters, sisters, and friends in her wise and wonderful new novel of a woman unsure if she’s on the verge of a breakdown—or a breakthrough.…After all these years is there any way you would see me again? When Emma Lauryn Gilford heard the voice on her answering machine, she thought, How dare he? She’s put a lot of distance between herself and Samuel, filling her life with work and family, lavishing her attention on her lovely nieces and a garden that’s the pride of Higgins, South Carolina. So why does his voice still have the power to make her heart skip? Why can’t she stop thinking about this man she’d forgotten so long ago?Emma has always been the dependable daughter, the mediator of the controlled chaos always surrounding her high-strung sisters and her widowed mother, Higgins’s own senior citizen seductress. But with the annual Gilford family reunion just around the corner, at least two of her sisters approaching meltdown, and her favorite teenage niece taking sanctuary in her home, Emma’s concrete wall of self-denial is showing cracks. And on the other side is a life she can’t put off living a moment longer."," Fiction , Literary",Bantam,5.29,August,2009,73186
Jane Eyre (Dover Thrift Editions),"By Bronte, Charlotte","Determined to make her heroine ""as poor and plain as myself,"" Charlotte Brontë made a daring choice for her 1847 novel. Jane Eyre possesses neither the great beauty nor entrancing charm that her fictional predecessors used to make their way in the world. Instead, Jane relies upon her powers of diligence and perception, conducting herself with dignity animated by passion.The instant and lasting success of Jane Eyre proved Brontë's instincts correct. Readers of her era and ever after have taken the impoverished orphan girl into their hearts, following her from the custody of cruel relatives to a dangerously oppressive boarding school and onward through a troubled career as a governess. Jane's first assignment at Thorn field, where the proud and cynical master of the house harbors a scandalous secret, draws readers ever deeper into a compelling exploration of the mysteries of the human heart.A banquet of food for thought, this many-faceted tale invites a splendid variety of interpretations. The heroine's insistence upon emotional equality with her lover suggests a feminist viewpoint, while her solitary status invokes a consideration of the problems of growing up as a social outsider. Some regard Jane's attempts to reconcile her need for love with her search for moral rectitude as the story's primary message, and lovers of gothic romance find the tale's social and religious aspects secondary to its gripping elements of mystery and horror. This classic of English literature truly features something for every reader."," Fiction , Classics",Dover Publications,5.29,January,2003,73308
The 40/30/30 Phenomenon,"By Gittleman, Ann Louise","The ""Zone""-based diet plan tailored for individual needs."," Health & Fitness , Diet & Nutrition , Diets",McGraw-Hill,5.29,November,1998,73403
"Billy Graham Selections ""FOUNDATIONS for LIFE"" Reflections on Joyful Obedience....",By Billy Graham Selections,,,Billy Graham Library -,7.29,January,2001,73450
All That Matters (March Madness),"By Mayne, Elizabeth","All That Matters by Elizabeth Mayne released on Jan 25, 1995 is available now for purchase."," Fiction , Romance , General",Harlequin,4.99,February,1995,73580
Foundations of Finance: The Logic and Practice of Financial Management (4th Edition),"By Petty, J. William, Keown, Arthur J. (EDT), Scott, David F., Jr., and Martin, John D.",," Business & Economics , Finance , General",Pearson College Div,7.35,October,2002,73601
Fallen Hero/the Shocking True Story Behind the O.J. Simpson Tragedy,"By Davis, Don",Looks at the double murder of Nicole Simpson and Ronald Goldman and discusses the murder charge and attempted flight of O.J. Simpson," Biography & Autobiography , Sports",St Martins Pr,5.29,July,1994,73717
Healthy Competition: What's Holding Back Health Care and How to Free It,"By Cannon, Michael F. and Tanner, Michael D.","Government control has driven health care costs sky-high at the same time that it has reduced the quality of care. As America's health care system cries out for reform, should policymakers embrace even more government planning, or should they fight for more individual freedom? In this updated edition of their 2005 book, the authors tackle proposals that would let government manage even more of America's health care sector. The continuing problem of ever-rising health care costs makes this book as timely as ever."," Political Science , Public Policy , Social Services & Welfare",Cato Institute,5.29,September,2005,73912
The Savory Way,"By Madison, Deborah","A personal collection of more than 300 elegant recipes, The Savory Way presents Deborah Madison's innovative style of vegetarian cooking.  The recipes are flexible and forgiving and fit into her philosophy of cooking.  Some are quick fixes, designed to quell an urgent appetite; others are more leisurely affairs.  Some are low-fat; others, more decadent.  All allow for substitutions.  Using fresh fuits and vegetables, spices, flavored vinegars and oils, edible flowers, salsas and cheeses, she creates a vegetarian palate that is sophisticated and healthful. From soups to salads, sandwiches to crepes, breads to sweetmeats, The Savory Way reflects Deborah Madison's personal brand of contemporary vegetarianism."," Cooking , Vegetarian",Broadway,6.08,March,1998,73994
Jane Eyre,By Black Dog & Leventhal Publishers,,,Black Dog & Leventhal Publishers,5.99,July,2007,74249
"America's Promise Restored: Preventing Culture, Crusade, and Partisanship from Wrecking Our Nation","By Ullman, Harlan","America's Promise Restored is by one of America's foremost military and political thinkers. It shows how, if left unchecked, America’s current political culture and historical capacity for crusade — motivated and corrupted by ideology — will prove far more destructive than all of Bin Laden’s devilish intentions.Contemporary American politics is destroying America’s relevance and influence abroad and its democratic values at home. This book shows how these forces evolved and have been transformed, fragmented, and perverted such that America has been broken by old political mindsets and harsh partisanship; how religion, ideological overtones, and excesses prevent rational policy. We also see that the forces threatening American democracy are an “antique” form of government that seems to be in permanent gridlock since it is driven, distorted and corrupted by self-interest. These things have engaged the nation in the wrong war in the wrong place at the wrong time, as well as having intruded across inviolable political boundaries; and an extraordinarily dangerous yet misunderstood threat that can draw on tens of millions of converts — many of whom are prepared to die in the process of imposing a political-theological regime on a region rich in oil with access to nuclear weapons."," Political Science , International Relations , General",Carroll & Graf,4.99,May,2006,74291
"Harry, A History: The True Story of a Boy Wizard, His Fans, and Life Inside the Harry Potter Phenomenon","By Anelli, Melissa","The Harry Potter Books Were Just The Beginning of the Story...    During the brief span of just one decade, hundreds of millions of perfectly ordinary people made history: they became the only ones who would remember what it was like when the Harry Potter saga was still unfinished. What it was like to seek out friends, families, online forums, fan fiction, and podcasts to get a fix between novels. When the potential death of a character was a hotter bet than the World Series. When the unfolding story of a boy wizard changed the way books are read for all time.   And as webmistress of the Leaky Cauldron, one of the most popular Harry Potter sites on the Internet, Melissa Anelli had a front row seat to it all. Whether it was helping Scholastic stop leaks and track down counterfeiters, hosting live PotterCasts at bookstores across the country, touring with the wizard rock band Harry and the Potters, or traveling to Edinburgh to interview J. K. Rowling personally, Melissa was at the center of the Harry Potter tornado, and nothing about her life would ever be the same.   The Harry Potter books are a triumph of the imagination that did far more than break sales records for all time. They restored the world's sense of wonder and took on a magical life of their own. Now the series has ended, but the story is not over. With remembrances from J. K. Rowling's editors, agents, publicists, fans, and Rowling herself, Melissa Anelli takes us on a personal journey through every aspect of the Harry Potter phenomenon -- from his very first spell to his lasting impact on the way we live and dream."," Literary Criticism , European , English, Irish, Scottish, Welsh",Pocket Books,5.29,November,2008,74435
Pride and Prejudice (Barnes & Noble Classics),"By Austen, Jane and Howard, Carol (INT)","&&LDIV&&R&&LDIV&&R&&LDIV&&R&&LDIV&&R&&LDIV&&R&&LI&&RPride and Prejudice&&L/I&&R, by &&LB&&RJane Austen&&L/B&&R, is part of the &&LI&&RBarnes & Noble Classics&&L/I&&R&&LI&&R &&L/I&&Rseries, which offers quality editions at affordable prices to the student and the general reader, including new scholarship, thoughtful design, and pages of carefully crafted extras. Here are some of the remarkable features of &&LI&&RBarnes & Noble Classics&&L/I&&R: &&LDIV&&RNew introductions commissioned from today's top writers and scholars Biographies of the authors Chronologies of contemporary historical, biographical, and cultural events Footnotes and endnotes Selective discussions of imitations, parodies, poems, books, plays, paintings, operas, statuary, and films inspired by the work Comments by other famous authors Study questions to challenge the reader's viewpoints and expectations Bibliographies for further reading Indices & Glossaries, when appropriateAll editions are beautifully designed and are printed to superior specifications; some include illustrations of historical interest. &&LI&&RBarnes & Noble Classics &&L/I&&Rpulls together a constellation of influences—biographical, historical, and literary—to enrich each reader's understanding of these enduring works.&&L/DIV&&R&&L/DIV&&R&&L/DIV&&R&&LDIV&&R &&L/DIV&&R&&LDIV&&R'It is a truth universally acknowledged, that a single man in possession of a good fortune must be in want of a wife.' Thus memorably begins &&LB&&RJane Austen&&L/B&&R's &&LI&&RPride and Prejudice&&L/I&&R, one of the world's most popular novels. &&LI&&RPride and Prejudice&&L/I&&R—Austen's own 'darling child'—tells the story of fiercely independent Elizabeth Bennet, one of five sisters who must marry rich, as she confounds the arrogant, wealthy Mr. Darcy. What ensues is one of the most delightful and engrossingly readable courtships known to literature, written by a precocious Austen when she was just twenty-one years old.&&LBR&&R&&LBR&&RHumorous and profound, and filled with highly entertaining dialogue, this witty comedy of manners dips and turns through drawing-rooms and plots to reach an immensely satisfying finale. In the words of Eudora Welty, &&LI&&RPride and Prejudice&&L/I&&R is as 'irresistible and as nearly flawless as any fiction could be.'&&LBR&&R&&L/DIV&&R&&LDIV&&R&&LP style=""MARGIN: 0in 0in 0pt""&&R&&L/B&&R&&L/P&&R&&LP style=""MARGIN: 0in 0in 0pt""&&R &&L/P&&R&&LP style=""MARGIN: 0in 0in 0pt""&&R&&LSTRONG&&RCarol Howard&&L/B&&R&&L/B&&R&&L/B&&R&&L/B&&R, educated at SUNY Purchase and Columbia University, where she received her Ph.D. in 1999, chairs the English Department and teaches in the Theater Department at Warren Wilson College in Asheville, North Carolina. She has published essays on early British and contemporary African-American women writers and has coedited two books on British writers (1996, 1997). Her primary scholarly interest is the literature of seventeenth- and eighteenth-century England.&&L/P&&R&&L/DIV&&R&&L/DIV&&R&&L/B&&R&&L/DIV&&R&&L/DIV&&R"," Fiction , Romance , Historical , General",Barnes Noble Classics,4.99,May,2004,74576
"Body Clutter: Love Your Body, Love Yourself","By Ely, Leanne and Cilley, Marla","In Sink Reflections, Marla Cilley -- the FlyLady -- helped hundreds of thousands of her fans combat overwhelming household C.H.A.O.S. (Can't Have Anyone Over Syndrome). Taking a ""baby-steps"" approach, she offered little chores to do every day, to wipe out clutter and feelings of inadequacy. Now, in Body Clutter, the FlyLady and Leanne Ely, the Dinner Diva and creator of the Saving Dinner series, team up to teach readers how to handle and erase the clutter they carry on their bodies and minds when it comes to body image.   The FlyLady and Leanne say that it's not about finding the perfect diet, it's about the way you feel about food and your body and understanding sound nutrition. With warm voices, unique lingo, and no preaching, they apply a step-by-step technique, coaching the readers from beginning to end and sharing their own success stories along the way."," Self-help , Personal Growth , General",Atria Books,5.29,January,2007,74631
1001 Facts About Sharks (Backpack Books),"By Pope, Joyce and Smart, Brian Hunter","A world of knowledge at your child's fingertips! Absolutely bursting with thousands of fascinating facts, Backpack Books are small enough to carry with ease, but big enough to provide all the answers. Researched and written by experts, topics are covered in encyclopedic and easy-to-understand detail."," Juvenile Nonfiction , Animals , Marine Life",DK Children,5.29,January,2002,75046
Much Ado about Nothing (The Pelican Shakespeare),"By Shakespeare, William and Holland, Peter (EDT)","The acclaimed Pelican Shakespeare series edited by A. R. Braunmuller and Stephen Orgel   The legendary Pelican Shakespeare series features authoritative and meticulously researched texts paired with scholarship by renowned Shakespeareans. Each book includes an essay on the theatrical world of Shakespeare’s time, an introduction to the individual play, and a detailed note on the text used. Updated by general editors Stephen Orgel and A. R. Braunmuller, these easy-to-read editions incorporate over thirty years of Shakespeare scholarship undertaken since the original series, edited by Alfred Harbage, appeared between 1956 and 1967. With definitive texts and illuminating essays, the Pelican Shakespeare will remain a valued resource for students, teachers, and theater professionals for many years to come.   For more than seventy years, Penguin has been the leading publisher of classic literature in the English-speaking world. With more than 1,700 titles, Penguin Classics represents a global bookshelf of the best works throughout history and across genres and disciplines. Readers trust the series to provide authoritative texts enhanced by introductions and notes by distinguished scholars and contemporary authors, as well as up-to-date translations by award-winning translators."," Drama , Shakespeare",Penguin Classics,5.29,September,1999,75174
I Wonder If Dragons Are Real: And Other Neat Facts About Reptiles and Amphibians (I Wonder Series),"By Donati, Annabelle and Barnes, Suzanne (ILT)","A look at reptiles provides a definition for reptiles, examines the king cobra, tells why turtles cannot jump, and answers other pertinent questions"," Juvenile Nonfiction , General",Goldencraft,12.49,March,1992,75765
Inside Game/Outside Game: Winning Strategies for Saving Urban America (Century Foundation Books (Brookings Hardcover)),"By Rusk, David","For the past three decades, the federal government has targeted the poorest areas of American cities with a succession of antipoverty initiatives, yet these urban neighborhoods continue to decline. According to David Rusk, focusing on programs aimed at improving inner-city neighborhoods--playing the ""inside game""--is a losing strategy. Achieving real improvement requires matching the ""inside game"" with a strong ""outside game"" of regional strategies to overcome growing fiscal disparities, concentrated poverty, and urban sprawl.    In this persuasive book filled with personal observations as well as his trademark mastery of census statistics, Rusk argues that state legislatures must set new ""rules of the game."" He believes those rules require regional revenue or tax base sharing to reduce fiscal disparity, regional housing policies to ensure that all new developments have their fair share of low- and moderate-income housing to dissolve concentrations of poverty, and regional land-use planning and growth management to control urban sprawl.    State government action, Rusk argues, is particularly crucial where regions are highly fragmented by many competing city, village, and township governments. He provides vivid success stories that demonstrate best practices for these regional strategies along with recommendations for building effective regional coalitions.    A Century Foundation Book"," Political Science , Public Policy , Regional Planning",Brookings Institution Press,4.99,February,1999,75836
Stop Dating the Church!: Fall in Love with the Family of God (LifeChange Books),"By Harris, Joshua","Putting in their hour or two on the weekend, many Christians take the rest of the week off, neglecting the church and her needs. It’s not a serious relationship. Some shop around, looking for a church that suits their lifestyle. It’s dating, with no assurances, no obligations. Bestselling author Joshua Harris calls Christians to stop playing the field and commit, just as Christ is committed to us, His bride. In his new book, Harris explores the ramifications of Ephesians 5:25–32, which proclaims the intensity and the breadth of Jesus Christ’s love for His church. God has designed us to build our lives around a local church; we cannot be indifferent or uninvolved. Rather, we must be in love with and committed to God’s plan and purpose through the church. Are you dating the church, or are you committed?Are You Dating the Church? We are a generation of consumers, independent and critical. We attend church, but we don't want to settle down and truly invest ourselves. We're not into commitment — we only want to date the church. Is this what God wants for us? Stop Dating the Church reminds us that faith was never meant to be a solo pursuit. The church is the place God grows us, encourages us, and uses us best. Loving Jesus Christ involves a passionate commitment to His church — around the world and down the street. We can't be apathetic. It's time to fall in love with the family of God.Story Behind the BookLike all my books, this one is very closely tied to my own journey. I’ve been a church-dater. And I’ve learned just how good it is to get serious about the church. I want to see my generation get a hold of God’s purpose and plan for the local church, too. The same month this book is released I’ll become the senior pastor of my church. This awesome responsibility is being passed on to me by my mentor, C. J. Mahaney, a pastor who has faithfully served for over 26 years. So this book is marking a very important transition in my life. The church isn’t some other generation’s responsibility—it isn’t somebody else’s business. I have to take responsibility. I have to be passionate and committed to it. Through the pages of this book, I’m calling my generation to do the same."," Religion , Christian Life , General",Multnomah Books,4.99,September,2004,75925
Eye of the Storm (Posleen War),"By Ringo, John","1.      Eye of the Storm is the direct sequel to the New York Times best seller Hell’s Faire and is the latest in a New York Times best-selling series. 2.      John Ringo has over Two million books in print. 3.      He has written six New York Times best sellers. 4.      The Posleen War series has sold over 750,000 copies. 5.      4-page full-color brochure with CD-ROM of Posleen series and other Ringo/Baen backlist. 6.      Special kit mailing. 7.      Distribution of over 500 ARCs. 8.      10-city satellite radio tour campaign. 9.      Trade Advertising 10.  Ads in Locus, more. 11.  Book Sense mailing of brochure. 12.  AuthorBuzz placement 13.  Teaser chapter in all mass market releases for May and June.   14.  Postcards. 15.  Bookmarks. 16.  Special discounts on Posleen War Ringo backlist.  Beneath A Banner Burned . . .             In an instant the world changed for Lieutenant General Michael O'Neal. His beloved Corps of the last remaining ACS destroyed beneath the guns of the Fleet, his staff shot before his eyes, arrested on the charge of war crimes, he faces a short, one-sided, trial, a trip to the Fleet Penal Facility and a bullet to the back of the head while trying to 'escape.'              The Boundaries Blur             General Tam Wesley faces trying one of the most beloved heroes in Federation, not to mention a friend of decades, on trumped up charges. He alternative is having the last corps of humans that haven't sold their souls to the Darhel be taken apart like a chicken.              Then he finds out the bad news...             The Chaos Has Returned             With a new invasion from a previously unknown race threatening the Federation capital, Darhel Tir Dal Ron faces his ultimate nightmare: He is going to have to reinstate the one man human soldiers trust, a man with the power and knowledge to destroy the Darhel oligarchy forever. And instead convince him, against all logic, to save the Darhel.             Somebody is going to die. General Michael O'Neal, Supreme Commander, Federation Forces, just has to pick."," Fiction , Science Fiction , Military",Baen,5.37,July,2009,76395
The Best Business Schools' Admissions Secrets: A Former Harvard Business School Admissions Board Member Reveals the Insider Keys to Getting In,"By Isiadinso, Chioma","Top MBA programs reject more than 80 percent of the applicants. When trying to beat the tough business school competition, how do you know what will get you fast-tracked to the ""yes"" pile (or the dreaded ""no"" pile)? No insider is better suited to set you on the right track than Chioma Isiadinso, a former Harvard Business School MBA Admissions Board Member and the founder of Expartus, an admissions consulting firm specializing in helping candidates get into the top MBA programs. The Best Business Schools' Admissions Secrets is the ultimate collection of insider advice, direct from one of the country's toughest admissions boardrooms. Centered around the concept of branding yourself, Isiadinso covers all the essential topics you need to master to stay ahead, including:  Understanding the admissions criteria  Essay essentials  Resumes and professional records  How to nail the interview  Critical mistakes to avoid  And much more  No other business school admissions advice guide can claim this level of authority. The Best Business Schools' Admissions Secrets is sure to give you the edge you need to shine in the eyes of admissions boards everywhere."," Study Aids , Graduate School Guides",Sourcebooks,4.99,July,2008,76672
Lincoln at Gettysburg: The Words That Re-Made America,"By Wills, Garry","The power of words has rarely been given a more compelling demonstration than in the Gettysburg Address. Lincoln was asked to memorialize the gruesome battle. Instead he gave the whole nation ""a new birth of freedom""--by tracing its first birth to the Declaration of Independence (which called all men equal) rather than to the Constitution (which tolerated slavery). In the space of a mere 272 words, Lincoln brought to bear the rhetoric of the Greek Revival, the categories of Transcendentalism, and the imagery of the ""rural cemetery"" movement. His entire life and previous training, his deep political experience, went into this, his revolutionary masterpiece.As Michelangelo's Sistine Chapel has been restored to its bold colors and forgotten details, Garry Wills restores the Gettysburg Address. Lincoln at Gettysburg combines the same extraordinary quality of observation that defines Wills's previous best-selling portraits of modern presidents, such as Reagan's America and Nixon Agonistes, with the iconoclastic scholarship of his studies of our founding documents, such as Inventing America. By examining both the Address and Lincoln in their historical moment and cultural frame, Wills breathes new life into words we thought we knew and reveals much about a President so mythologized but often misunderstood. Wills shows how Lincoln came to change the world, to effect an intellectual revolution, how his words had to and did complete the work of the guns.The Civil War is, to most Americans, what Lincoln wanted it to mean. Now Garry Wills explains how Lincoln wove a spell that has not, yet, been broken."," History , United States , Civil War Period (1850-1877)",Simon & Schuster,8.79,June,1992,76923
Othello (Folger Shakespeare Library),"By Shakespeare, William, Mowat, Barbara A., and Werstine, Paul","In Othello, Shakespeare creates powerful drama from a marriage between the exotic Moor Othello and the Venetian lady Desdemona that begins with elopement and mutual devotion and ends with jealous rage and death. Shakespeare builds many differences into his hero and heroine, including race, age, and cultural background. Yet most readers and audiences believe the couple’s strong love would overcome these differences were it not for Iago, who sets out to destroy Othello. Iago’s false insinuations about Desdemona’s infidelity draw Othello into his schemes, and Desdemona is subjected to Othello’s horrifying verbal and physical assaults. The authoritative edition of Othello from The Folger Shakespeare Library, the trusted and widely used Shakespeare series for students and general readers, includes: -Freshly edited text based on the best early printed version of the play -Full explanatory notes conveniently placed on pages facing the text of the play -Scene-by-scene plot summaries -A key to the play’s famous lines and phrases -An introduction to reading Shakespeare’s language -An essay by a leading Shakespeare scholar providing a modern perspective on the play -Fresh images from the Folger Shakespeare Library’s vast holdings of rare books -An annotated guide to further reading Essay by Susan Snyder The Folger Shakespeare Library in Washington, DC, is home to the world’s largest collection of Shakespeare’s printed works, and a magnet for Shakespeare scholars from around the globe. In addition to exhibitions open to the public throughout the year, the Folger offers a full calendar of performances and programs. For more information, visit Folger.edu."," Drama , Shakespeare",Simon & Schuster,4.99,August,2004,76951
Ballpark Vacations: Great Family Trips to Minor League and Classic Major League Ballparks Across Ame rica (1st ed),"By Engel, Margaret and Adams, Bruce","Baseball Vacations24 Unforgettable Family Trips to 75 of America's Most Fan-Friendly Minor League and Classic MajorLeague Ballparks""A baseball lover's bible!"" -- Mike RoykoWant to know which team has the funniest mascot? Which ballpark has the best contests for fans? Which stadiums serve loganberry juice, buck-a-bone BBQ, and buttermilk pie? And what you can do before and after the game? (How about white water rafting, rollercoastering, country music concerts, or riding the steepest passenger railway in the world?) The authors cover the Baseball Hall of Fame and travel from the Cape Cod Leagues to California's Rancho Cucamonga. The fresh, lively anecdotes and compelling baseball trivia that fill every chapter are sure to amuse -- even if the family favorite doesn't win.To help you create years of great ballpark vacations, the Adams family, parents, and children tell all:How to get foul balls, collect autographs, and kibitz with the guys in the bull penFamily-friendly diners, cafeterias, and restaurantsWhere the visiting team staysThe best giveaways and contestsWhere to sit, where to park, what to eatFabulous family-trip tips galorePlus $150 in coupons for free kids' admission to ballparks nationwide - Maps for every region - A directory of every minor- and major-league ballpark in the country"," Travel , Special Interest , Sports",Fodor's,13.46,March,1997,77268
A Soft Place to Land: A Novel,"By White, Susan Rebecca","From the award-winning author of Bound South comes a powerful, moving novel of family loss and sisterly redemption.For more than ten years, Naomi and Phil Harrison enjoyed a marriage of heady romance, tempered only by the needs of their children. But on a vacation alone, the couple perishes in a flight over the Grand Canyon. After the funeral, their daughters, Ruthie and Julia, are shocked by the provisions in their will…not the least of which is that they are to be separated. Spanning nearly two decades, the sisters’ journeys take them from their familiar home in Atlanta to sophisticated bohemian San Francisco, a mountain town in Virginia, the campus of Berkeley, and lofts in Williamsburg, Brooklyn. As they heal from loss, search for love, and begin careers, their sisterhood, once an oasis, becomes complicated by resentment, anger, and jealousy. It seems as though the echoes of their parents’ deaths will never stop reverberating—until another shocking accident changes everything once again."," Fiction , Sagas",Touchstone Books,5.29,April,2010,77322
50 Facts That Should Change The USA,"By Fender, Stephen","Are Americans being told the full story about what's going on in the United States today? In this book, you'll learn hard facts that will open your eyes and minds to a very different reality than the official versions.Following the popular 50 Facts That Should Change The World, this new book puts our nation under the microscope, telling us that:The United States of America is a country with fifty capital cities, few of which anyone can name/ a nation with 65 million gun owners and 35,000 gun deaths each year/ a place where there's one car for every adult/ and where twice as many people claim to go to church as actually do.One town in Kentucky elected a black Labrador as its mayor.The United States produces a quarter of global CO2 emissions, and has a population rising twice as fast as that of the European Union.German could have been the national language.Republican states are the most generous givers to charity.The United States boasts the largest welfare state in the world--our military.Stephen Fender presents a vibrant, proud, and yet critical portrait of the world's most powerful but least understood nation."," Political Science , Censorship",Disinformation Books,5.29,September,2008,77448
The Pemberley Chronicles: A Companion Volume to Jane Austen's Pride and Prejudice: Book 1,"By Collins, Rebecca Ann","""Those with a taste for the balance and humour of Austen will find a worthy companion volume.""-Book News The weddings are over.The guests (including millions of readers and viewers) wish the two happy couples health and happiness. As the music swells and the credits roll, two things are certain: Jane and Bingley will want for nothing, while Elizabeth and Darcy are to be the happiest couple in the world!The couples' personal stories of love, marriage, money, and children are woven together with the threads of social and political history of nineteenth century England. As changes in industry and agriculture affect the people of Pemberley and the neighboring countryside, the Darcys strive to be progressive and forward-looking while upholding beloved traditions.Rebecca Ann Collins follows them in imagination, observing and chronicling their passage through the landscape of their surroundings, noting how they cope with change, triumph, and tragedy in their lives.""A lovely complementary novel to Jane Austen's Pride and Prejudice. Austen would surely give her smile of approval."" -Beverly Wong, author of Pride & Prejudice Prudence"," Fiction , Romance , Historical , General",Sourcebooks Landmark,5.32,April,2008,77518
Poemcrazy: Freeing Your Life with Words,"By Wooldridge, Susan Goldsmith","Susan Goldsmith Wooldridge is a poet and teacher who conducts workshops privately, as well as in the California Poets in the Schools program. Her exuberant, critically acclaimed teaching guide takes instructors, writers, and general readers into the very heart and intensity of life and the craft of expressing what one feels through the written word."," Language Arts & Disciplines , Journalism",Crown,5.29,April,1997,77547
Discussion & Lesson Starters,By Youth Specialties,"More than 200 proven openers, questions, and activities that get students involved in your lessons! - A Primer on Leading Discussions . . . Starting a discussion, and keeping it going . . . The importance of confidentiality . . . Asking questions that get responses . . . And working with different personalities. - 35 Creative ways to start a discussion or lesson on any topic . . .Techniques general enough to fit just about any subject, but still quirky enough to attract adolescent attention. - Discussion & Lesson Starters, By Topic . . . What subject are you teaching this week? First, look up your subject -- apologetics, attitude, dating, disabilities, faith, family, the will of God . . . And more than 30 main topics, all arranged alphabetically. Then choose the opener that fits your purposes and your group. In fact, many of these openers are virtually complete lessons in themselves, with questions, activities, parables, object lessons -- all designed to draw opinions, thoughts, and feelings from your students. Whether you're a youth worker or recreation director in a church, school, club, or camp -- Discussion & Lesson Starters is your storehouse of proven, youth-group tested ideas."," Religion , Biblical Studies , General",Zondervan,4.99,September,1997,77583
The Giver (Newberry Medal Book),"By Lowry, Lois","The Giver, the 1994 Newbery Medal winner, has become one of the most influential novels of our time. The haunting story centers on twelve-year-old Jonas, who lives in a seemingly ideal, if colorless, world of conformity and contentment. Not until he is given his life assignment as the Receiver of Memory does he begin to understand the dark, complex secrets behind his fragile community. Lois Lowry has written three companion novels to The Giver, including Gathering Blue, Messenger, and Son."," Young Adult Fiction , Fantasy , General",Houghton Mifflin Harcourt,242.88,April,1993,77627
Floods Upon the Dry Ground: Giving Foundation and Understanding to the Progressive Move of the Holy Spirit in the Earth,"By Schmitt, Charles",," Religion , Christian Life , General",Destiny Image Publishers,5.29,September,1998,77939
Classic Starts®: Little Women (Classic Starts® Series),"By Mcfadden, Deanna and Corvino, Lucy","Following Sterling's spectacularly successful launch of its children's classic novels (240,000 books in print to date),comes a dazzling new series: Classic Starts. The stories are abridged; the quality is complete. Classic Starts treats the world's beloved tales (and children) with the respect they deserve--all at an incomparable price.Louisa May Alcott's classic novel, set during the Civil War, has always captivated even the most reluctant readers. Little girls, especially, love following the adventures of the four March sisters--Meg, Beth, Amy, and most of all, the tomboy Jo--as they experience the joys and disappointments, tragedies and triumphs, of growing up. This simpler version captures all the charm and warmth of the original."," Juvenile Fiction , Classics",Sterling Children's Books,4.99,March,2005,77961
"Britain and Europe in the seventeenth century, (Foundations of modern history)",By J. R Jones,,,Norton,5.99,January,1967,78137
"Preschool in Three Cultures: Japan, China and the United States","By Tobin, Joseph Jay, Wu, David Y. H., and Davidson, Dana H.","As the numbers of mothers in the workforce grows, the role of the extended family diminishes, and parents feel under greater pressure to give their children an educational headstart, industrialized societies are increasingly turning to preschools to nurture, educate, and socialize young children. Drawing on their backgrounds in anthropology, human development, and education, Tobin, Wu, and Davidson present a unique comparison of the practices and philosophies of Japanese, Chinese, and American preschool education and discuss how changes in childcare both reflect and affect larger social change.             The method used is innovative: the authors first videotaped a preschool in each culture, then showed the tapes to preschool staff, parents, and child development experts. Through their vivid descriptions of a day in each country's preschools, photographs made from their videotapes, and Chinese, Japanese, and American evaluations of their own and each other's schools, we are drawn into a multicultural discussion of such issues as freedom, conformity, creativity, and discipline.             In China, for example, preschools are expected to provide an antidote to the spoiling that Chinese fear is inevitable in an era of single-child families. Americans look to preschools not only to teach reading and to encourage children to be creative, expressive, and independent but also to provide a stability and richness otherwise missing from many children's lives. Japanese preschools, surprisingly for many Americans, deemphasize discipline and academics and instead stress the teaching of group interaction to a generation of overly sheltered children. In all three nations, preschools, rather than being radical or transforming, function to conserve values believed to be threatened by social change."," Education , Early Childhood (incl. Preschool & Kindergarten)",Yale University Press,5.29,January,1991,78294
English-Spanish/Spanish-English Medical Dictionary,"By Rogers, Glenn T.","Translates more than 15,000 commonly used medical, technical, common, and slang terms in both English and Spanish. Sample conversations covering history-taking for a number of medical conditions are shown in Spanish as it is spoken in the U.S. with English translation immediately following. This edition includes expanded patient histories and over 3,000 new terms."," Medical , Dictionaries & Terminology",McGraw-Hill Professional,5.29,February,1997,78476
"The Elusive Bride (Black Cobra Quartet, 2)","By Laurens, Stephanie","Stephanie Laurens, the phenomenal New York Times bestselling superstar is back with The Elusive Bride—the second book in her magnificent Black Cobra Quartet. Never before in print, this masterful blend of passion and intrigue follows The Untamed Bride, the first in the four-part historical romance series that Booklist calls, “fabulously entertaining.” A spellbinding tale of destiny, duty, desire, and peril—with ties to her popular Bastion Club novels and her well-loved romantic adventures featuring the endearing family of rogues, the Cynsters—The Elusive Bride confirms Laurens’s well-deserved standing as one of the genre’s premier storytellers."," Fiction , Romance , Historical , General",Avon,5.29,January,2010,78583
Spirit Bound,"By Mead, Richelle","Dimitri gave Rose the ultimate choice. But she chose wrong...     After a long and heartbreaking journey to Dimitri's birthplace in Siberia, Rose Hathaway has finally returned to St. Vladimir's-and to her best friend, Lissa. It is nearly graduation, and the girls can't wait for their real lives beyond the Academy's iron gates to begin. But Rose's heart still aches for Dimitri, and she knows he's out there, somewhere.     She failed to kill him when she had the chance. And now her worst fears are about to come true. Dimitri has tasted her blood, and now he is hunting her. And this time he won't rest until Rose joins him... forever."," Young Adult Fiction , Fantasy , General",Razorbill,4.99,January,2010,78668
Speak: 10th Anniversary Edition,"By Anderson, Laurie Halse","Laurie Halse Anderson’s award-winning, highly acclaimed, and controversial novel about a teenager who chooses not to speak rather than to give voice to what really happened to her marks ten years in print with this special anniversary edition. Bonus material created for this edition includes a new introduction and afterword from the author, resources, and discussion guide. Will also include a preview of Anderson’s newest book, Wintergirls. The quintessential edition for all fans of this powerfully moving book."," Young Adult Fiction , Social Themes , Emotions & Feelings",Speak,5.29,March,2009,78675
DSM-IV Made Easy: The Clinician's Guide to Diagnosis,"By Morrison, James R.","Accessibly written and easy to use, this comprehensive book covers everything professionals and students need to know about DSM-IV. Following the same format as DSM-IV, the text presents every diagnosis. For each it includes case examples, a detailed analysis of each case, and a clear explanation of how to arrive at the diagnosis and how to rule out other possibilities. Essential for all mental health practitioners studying for their licensing exams, this hands-on resource will be valued by psychiatrists, residents, psychologists, marriage and family counselors, social workers, and anyone who needs to know about DSM-IV."," Psychology , Clinical Psychology",Guilford Press,8.79,February,1995,78790
"Knit Two (Friday Night Knitting Club, No 2)","By Jacobs, Kate","Following the beloved #1 New York Times bestseller The Friday Night Knitting Club is this charming story of sisterhood. At the Manhattan knitting store founded by Georgia Walker, the members of the Friday Night Knitting Club—including Georgia’s college-age daughter, Dakota—rely on each other for help, even as they struggle with new challenges: for Catherine, finding love after divorce; for Darwin, the hope for a family; for Lucie, being both a single mom and a caregiver for her elderly mother; and for seventy-something Anita, a proposal of marriage from her sweetheart, Marty, that provokes the objections of her grown children. As the club’s projects—an afghan, baby booties, a wedding coat—are pieced together, so is their understanding of the patterns underlying the stresses and joys of being a mother, wife, daughter, and friend. Because it isn’t the difficulty of the garment that makes you a great knitter: it’s the care and attention you bring to the craft, as well as how you adapt to surprises..."," Fiction , Literary",G.P. Putnam's Sons,5.29,November,2009,78858
The Big Field,"By Lupica, Mike","From the #1 New York Times bestselling author of Heat, Travel Team and Million-Dollar Throw.Playing shortstop is a way of life for Hutch—not only is his hero, Derek Jeter, a shortstop, but so was his father, a former local legend turned pro. Which is why having to play second base feels like demotion to second team. Yet that's where Hutch ends up after Darryl ""D-Will"" Williams, the best shortstop prospect since A-Rod, joins the team. But Hutch is nothing if not a team player, and he's cool with playing in D-Will's shadow—until, that is, the two shortstops in Hutch's life betray him in a way he never could have imagined. With the league championship on the line, just how far is Hutch willing to bend to be a good teammate?"," Juvenile Fiction , Family , Parents",Viking Books for Young Readers,5.29,February,2009,79260
"Unlikely Allies: How a Merchant, a Playwright, and a Spy Saved the American Revolution","By Paul, Joel Richard","The gripping true story of how three men used espionage, betrayal, and sexual deception to help win the American Revolution. Unlikely Allies is the story of three remarkable historical figures. Silas Deane was a Connecticut merchant and delegate to the Continental Congress as the American colonies struggled to break with England. Caron de Beaumarchais was a successful playwright who wrote The Barber of Seville and The Marriage of Figaro. And the flamboyant and mysterious Chevalier d?Eon ?officer, diplomat, and sometime spy?was the talk of London and Paris. Is the Chevalier a man or a woman? When Deane is sent to France to convince the French government to support the revolutionary cause, he enlists the help of Beaumarchais. Together, they successfully smuggle weapons, ammunition, and supplies to New England just in time for the crucial Battle of Saratoga, which turned the tide of the American Revolution. And the catalyst for Louis XVI?s support of the Americans against England was the Chevalier d?Eon, whose decision to declare herself a woman helped to lead to the Franco-American alliance. These three people spin a fascinating web of political intrigue and international politics that stretches across oceans as they ricochet from Versailles to Georgian London to the Pennsylvania State House (now Independence Hall) in Philadelphia. Each man has his own reasons for wanting to see America triumph over the British, and each contends daily with the certainty that no one is what they seem. The line between friends and enemies is blurred, spies lurk in every corner, and the only way to survive is to trust no one. An edge-of-your-seat story full of fascinating characters and lavish with period detail and sense of place, Unlikely Allies is Revolutionary history in all of its juicy, lurid glory."," Biography & Autobiography , Historical",Riverhead Hardcover,10.98,October,2009,79544
Googled: The End of the World As We Know It,"By Auletta, Ken","A revealing, forward-looking examination of the outsize influence Google has had on the changing media Landscape. There are companies that create waves and those that ride or are drowned by them. As only he can, bestselling author Ken Auletta takes readers for a ride on the Google wave, telling the story of how it formed and crashed into traditional media businesses?from newspapers to books, to television, to movies, to telephones, to advertising, to Microsoft. With unprecedented access to Google?s founders and executives, as well as to those in media who are struggling to keep their heads above water, Auletta reveals how the industry is being disrupted and redefined. Using Google as a stand-in for the digital revolution, Auletta takes readers inside Google?s closed-door meetings and paints portraits of Google?s notoriously private founders, Larry Page and Sergey Brin, as well as those who work with?and against?them. In his narrative, Auletta provides the fullest account ever told of Google?s rise, shares the ?secret sauce? of Google?s success, and shows why the worlds of ?new? and ?old? media often communicate as if residents of different planets. Google engineers start from an assumption that the old ways of doing things can be improved and made more efficient, an approach that has yielded remarkable results? Google will generate about $20 billion in advertising revenues this year, or more than the combined prime-time ad revenues of CBS, NBC, ABC, and FOX. And with its ownership of YouTube and its mobile phone and other initiatives, Google CEO Eric Schmidt tells Auletta his company is poised to become the world?s first $100 billion media company. Yet there are many obstacles that threaten Google?s future, and opposition from media companies and government regulators may be the least of these. Google faces internal threats, from its burgeoning size to losing focus to hubris. In coming years, Google?s faith in mathematical formulas and in slide rule logic will be tested, just as it has been on Wall Street. Distilling the knowledge accrued from a career of covering the media, Auletta will offer insights into what we know, and don?t know, about what the future holds for the imperiled industry."," Social Science , Popular Culture",Penguin Press,5.53,November,2009,79570
"The Bible Cure for Arthritis: Ancient Truths, Natural Remedies and the Latest Findings for Your Health Today (New Bible Cure (Siloam))","By Colbert, Don","OVER 3 MILLION BIBLE CURE BOOKS SOLDFROM THE NEW YORK TIMES BEST SELLING AUTHOR OF THE SEVEN PILLARS OF HEALTH AND I CAN DO THIS DIET Now you can feel better than you’ve felt in years! Now you can actually overcome arthritis! Are you an arthritis sufferer? In this concise, easy-to-read booklet you’ll discover valuable, usable information that can help you get rid of arthritis pain! Learn biblical secrets on health and the latest medical research on how to break free from the grip of arthritis. This book contains findings that your doctor may never have told you!The hidden link between rheumatoid arthritis and food allergiesDynamic steps that prevent or reduce osteoarthritis of the jointsThe amazing connection between water intake and the prevention of osteoarthritisAmazing anti-inflammatory foodsYou want to be healthy. God wants you to be healthy. Now at last here’s a source of information that will help you get healthy-body, mind and spirit."," Health & Fitness , Healthy Living",Siloam,5.29,August,1999,79632
My Life as a Skysurfing Skateboarder (The Incredible Worlds of Wally McDoogle #21),"By Myers, Bill","Through a series of incredible mis-adventures (so what else is new), our boy blunder finds himself participating in the Skateboard Championship of the Universe. (It would be ""of the World"" except for the one kid who claims to be from Jupiter-a likely story, in spite of his two heads and seven arms.) It's a tough crowd where anything goes as long as you win. Amidst the incredible chaotic chaos by incurably corrupt competitors (say that five times fast), Wally learns there is more to life (or in his case, near-death) than winning."," Juvenile Fiction , Religious , Christian , General",Thomas Nelson,5.29,May,2002,79718
American Western Cooking from the Roaring Fork,"By McGrath, Robert","Presents a compilation of recipes that can be prepared with ease. Each recipe is explained clearly and provides a section detailing how to perform essential basics, such as smoke roasting, smoking, and grilling meat, preparing stocks, cooking dried beans, and cooking with chile peppers. Cookery, American-Western style."," Cooking , Regional & Ethnic , American , Western States",Gulf Publishing,6.95,April,2000,79920
Mister Seahorse,"By Carle, Eric","When Mrs. Seahorse lays her eggs, she does it on Mr. Seahorse's belly! She knows he will take good care of them. While he swims waiting for the eggs to hatch, he meets some other underwater fathers caring for their babies: Mr. Tilapia, who carries his babies in his mouth; Mr. Kurtus, who keeps his on his head; and Mr. Catfish, who is baby-sitting his young hatchlings.  Eric Carle has done it again, with astonishingly beautiful collage illustrations and a story that introduces the very young to the wonders of aquatic life . . . and some very special daddies. A ""hide and seek"" feature with acetate overlays adds a colorful surprise."," Juvenile Fiction , Family , Parents",World of Eric Carle,9.88,April,2004,80168
Philosophy of Religion (Foundations of Philosophy Series),By John HIck,,,"Prentice-Hall, Inc.",4.99,January,1963,80260
"Fantasy and Your Family: Exploring The Lord of the Rings, Harry Potter, and Modern Magick","By Abanes, Richard",," Literary Criticism , Children's Literature",Christian Pubns,5.29,September,2002,80465
"Break the Fossil Record (Ivy + Bean, Book 3)","By Barrows, Annie and Blackall, Sophie (ILT)","Everyone in second grade seems set on breaking a world record and friends Ivy and Bean are no exception, deciding to become the youngest people ever to discover a dinosaur skeleton. Teacher's Guide available. Reprint."," Juvenile Fiction , Social Themes , Friendship",Chronicle Books,4.99,December,2007,80665
Great Critical Thinking Puzzles,"By Miller, Myron (ILT) and Dispezio, Michael A.","Eighty puzzles. The answers are easy! But getting there is the hard part. Uncover connections and identify hidden relationships until suddenly the answers are appearing as if by magic. Solve situations on the moon, around an insect-eating plant and gold-record racing through space in the Voyager spacecraft.   96 pages, 100 b/w illus., 5 3/8 x 8 1/4."," Games , Puzzles",Sterling,4.99,June,1997,80751
The Weekend Crafter: Papermaking: Beautiful Papers and Projects to Make in a Weekend,"By Lee, Claudia K.","It takes only a weekend to do one of 20 introductory projects that showcase several basic styles of papermaking, right up to embellishing the surface and turning the paper into decorative and functional objects. Hand color with spray-on dyes or emboss. From holiday ornaments to a tabletop screen, you’ll paper over the world!"," Crafts & Hobbies , Papercrafts",Lark Books,5.29,June,2001,80774
Juliet,"By Fortier, Anne","Twenty-five-year-old Julie Jacobs is heartbroken over the death of her beloved aunt Rose. But the shock goes even deeper when she learns that the woman who has been like a mother to her has left her entire estate to Julie’s twin sister. The only thing Julie receives is a key—one carried by her mother on the day she herself died—to a safety-deposit box in Siena, Italy.    This key sends Julie on a journey that will change her life forever—a journey into the troubled past of her ancestor Giulietta Tolomei. In 1340, still reeling from the slaughter of her parents, Giulietta was smuggled into Siena, where she met a young man named Romeo. Their ill-fated love turned medieval Siena upside-down and went on to inspire generations of poets and artists, the story reaching its pinnacle in Shakespeare’s famous tragedy.     But six centuries have a way of catching up to the present, and Julie gradually begins to discover that here, in this ancient city, the past and present are hard to tell apart. The deeper she delves into the history of Romeo and Giulietta, and the closer she gets to the treasure they allegedly left behind, the greater the danger surrounding her—superstitions, ancient hostilities, and personal vendettas. As Julie crosses paths with the descendants of the families involved in the unforgettable blood feud, she begins to fear that the notorious curse—“A plague on both your houses!”—is still at work, and that she is destined to be its next target. Only someone like Romeo, it seems, could save her from this dreaded fate, but his story ended long ago. Or did it?    From Anne Fortier comes a sweeping, beautifully written novel of intrigue and identity, of love and legacy, as a young woman discovers that her own fate is irrevocably tied—for better or worse—to literature’s greatest star-crossed lovers."," Fiction , Literary",Ballantine Books,6.12,August,2010,80865
The Seasons of Rome: A Journal,"By Hofmann, Paul","Delving into the daily life of a city that is in so many ways larger than life, Paul Hofmann steers us beyond the tourist board, revealing a fetish for Vatican gossip, the idiosyncrasies of the gattare (cat women who care for the city's stray cats), and the vagaries of the ever-volatile Roman government. As he winds through Rome's ancient streets, we listen with him to the voices of the city, past and present, and we discover with him the intricacies and the beauty of Italy's finest city."," Travel , Europe , Italy",Holt Paperbacks,5.29,March,1999,80938
The Cow of No Color: Riddle Stories and  Justice Tales from Around the World,"By Zeitlin, Steven J., Jaffe, Nina, and Sherman, Whitney (ILT)","In this outstanding multicultural collection from the authors of the prizewinningWhile Standing on One Foot, readers must try to outsmart evil kings, answer questions from Death, even puzzle with angels over the justice of God. Every tale returns to the most basic question: What is fair?With tales from Africa, Asia, and Europe, from Irish, Jews, and Muslims, from American schools and courtrooms,The Cow of No Color is truly an international gathering. Ranging from tricks to watch for in playground games to big issues to ponder for a lifetime, here is a book with insights and challenges for every member of every family.In this outstanding multicultural collection from the authors of the prizewinningWhile Standing on One Foot, readers must try to outsmart evil kings, answer questions from Death, even puzzle with angels over the justice of God. Every tale returns to the most basic question: What is fair?With tales from Africa, Asia, and Europe, from Irish, Jews, and Muslims, from American schools and courtrooms,The Cow of No Color is truly an international gathering. Ranging from tricks to watch for in playground games to big issues to ponder for a lifetime, here is a book with insights and challenges for every member of every family."," Juvenile Nonfiction , Social Topics , Values & Virtues",Henry Holt and Co. (BYR),5.29,October,1998,80942
Wiley/National Geographic College Atlas of the World,"By De Blij, Harm J. (EDT) and Downs, Roger (EDT)","* 90 pages of stunning world thematic maps cover the vital natural and human topics of today.* Striking satellite images open each continent.* Oceans are mapped from coast to coast, revealing incredible illustrations of depth and seafloor topography.* Each continent receives special economic coverage assessing regional and global activity.* A place-name index includes 55,000 entries.* Extensive ""World Facts"" section comprises demographic and socioeconomic information, geographic comparisons, and a glossary."," Social Science , Human Geography",Wiley,10.99,January,2007,81000
Educating Esme: Diary of a Teacher's First Year,"By Codell, Esme Raji","A must-read for parents, new teachers, and classroom veterans, Educating Esmé is the exuberant diary of Esmé Raji Codell’s first year teaching in a Chicago public school. Fresh-mouthed and free-spirited, the irrepressible Madame Esmé—as she prefers to be called—does the cha-cha during multiplication tables, roller-skates down the hallways, and puts on rousing performances with at-risk students in the library. Her diary opens a window into a real-life classroom from a teacher’s perspective. While battling bureaucrats, gang members, abusive parents, and her own insecurities, this gifted young woman reveals what it takes to be an exceptional teacher.  Heroine to thousands of parents and educators, Esmé now shares more of her ingenious and yet down-to-earth approaches to the classroom in a supplementary guide to help new teachers hit the ground running. As relevant and iconoclastic as when it was first published, Educating Esmé is a classic, as is Madame Esmé herself."," Biography & Autobiography , Personal Memoirs",Algonquin Books,5.29,September,2009,81064
"Fairy Haven and the Quest for the Wand (Fairy Dust Trilogy Book, A)","By Levine, Gail Carson and Christiana, David (ILT)","""Beware a mermaid’s wrath!"" the mermaid Soop warns the water-talent fairy Rani. Soop has grown tired of waiting for the magic wand that Rani promised her in exchange for her help saving Never Land. And though Rani would love to fulfill her promise and bring Soop a wand, Mother Dove, the wisest creature in Never Land, has forbidden it. Her patience at an end, Soop sends a flood to destroy Fairy Haven. Now the only thing that can save the fairies’ home is the arrival of the wand.Rani, Tinker Bell, and the fairy queen, Clarion, set off on a perilous quest to find a wand, a journey that takes them across an ocean, to the palace of the Great Wanded fairies. Many obstacles stand between the Never fairies and their desire for peace in Fairy Haven, not the least of which are their own secret dreams. For a wand can easily tempt a fairy into making a foolish wish, with terrible consequences.In this thrilling sequel to Fairy Dust and the Quest for the Egg, Newbery Honor-winning author Gail Carson Levine and illustrator David Christiana have conspired to spin a riveting fairytale about the dangers of dreams come true."," Juvenile Fiction , Fantasy & Magic",Disney Press,4.99,July,2007,81166
The Healing Labyrinth: Finding Your Path to Inner Peace,"By Sands, Helen Raphael and Ferre, Robert (FRW)","Walking around the circuits of a labyrinth is an intriguing new method of meditation, claimed by many to have both spiritual and physical healing attributes. Here is a remarkable self-development book that offers instruction and inspiration on labyrinth walking. The author begins by describing her personal journey of labyrinth exploration. She goes on to note the recent rapid growth of interest in labyrinths, with major sites located in 38 states, from California to New Jersey, as well as in many other places around the world. In this beautifully illustrated volume, she describes the method of laying a labyrinth on the earth or on a floor, then tells how it needs to be brought alive through group participation in rhythms of music and dance. She explains the labyrinth's underlying theory."," Body, Mind & Spirit , Healing , General",B.E.S.,5.41,February,2001,81177
Power Etiquette: What You Don't Know Can Kill Your Career,"By Casperson, Dana May","""Can table manners make or break a megamerger? Can a faxing faux-pas derail a promising business relationship? Can an improper introduction cost you a client? Can manners (or lack of them) really kill a career? Absolutely. In an era when companies are competing on the basis of service, manners are much more than a social nicety -- they're a crucial business skill. In fact, good manners are good business. This no-nonsense """"manners reference"""" refreshes readers on everyday etiquette and makes sure they're on their best behavior. It provides quick guidance on such pertinent and timely topics as: * telephone, e-mail, and Internet etiquette * table manners *grooming and business dress * written communications * gift giving * resumes and interviews * making introductions * public speaking * networking, and more."""," Business & Economics , Business Etiquette",AMACOM,5.29,March,1999,81339
Even Greater Operatic Disasters,"By Vickers, Hugh","Offers a second witty anthology of ridiculous operatic disasters in these anecdotes of musical malice, mayhem, and the misbehavior of stage machinery, scenery, and props"," Music , General",St Martins Pr,5.29,June,1982,81996
The Nuclear Jihadist: The True Story of the Man Who Sold the World's Most Dangerous Secrets...And How We Could Have Stopped Him,"By Collins, Catherine and Frantz, Douglas","The world has entered a second nuclear age.  For the first time since the end of the Cold War, the threat of nuclear annihilation is on the rise.  Should such an assault occur, there is a strong likelihood that the trail of devastation will lead back to Abdul Qadeer Khan, the Pakistani father of the Islamic bomb and the mastermind behind a vast clandestine enterprise that has sold nuclear secrets to Iran, North Korea, and Libya.             Khan's loose-knit organization was and still may be a nuclear Wal-Mart, selling weapons blueprints, parts, and the expertise to assemble the works into a do-it-yourself bomb kit. Amazingly, American authorities could have halted his operation, but they chose instead to watch and wait.  Khan proved that the international safeguards the world relied on no longer worked.    Journalists Douglas Frantz and Catherine Collins tell this alarming tale of international intrigue through the eyes of the European and American officials who suspected Khan, tracked him, and ultimately shut him down, but only after the nuclear genie was long out of the bottle."," True Crime , Espionage",Twelve,19.96,December,2007,82018
The Other Side of Truth,"By Naidoo, Beverley","Will the truth harm them -- or save them?When Nigeria's corrupt military government kills their mother, twelve-year-old Sade and her brother Femi think their lives are over. Out of fear for their safety, their father, an outspoken journalist, decides to smuggle the children out of Nigeria and into London, where their uncle lives. But when they get to the cold and massive city, they find themselves lost and alone, with no one to trust and no idea when -- or if -- they will ever see their father again.The Other Side of Truth is a gripping adventure story about courage, family, and the power of truth."," Young Adult Fiction , Historical , Africa",HarperTrophy,5.29,December,2002,82185
Princess Protection Program Junior Novel,"By Loggia, Wendy (ADP)","Carter Mason's life is turned upside down when her father, Major Mason of the Princess Protection Program--a fictitious organization that rescues princesses--brings Princess Rosalinda to their Louisiana home. Rosalinda's country has been taken over by a dictator, and the only way to save her country and her mother is for Rosalinda to adopt the cover of regular American teen Rosie Gonzalez. Carter is in charge of helping Rosie fit in, but getting Rosie to change her ways is more challenging than either one of them expected. And when both girls are nominated for Homecoming Queen, they're in for a royal disaster!"," Juvenile Fiction , Girls & Women",Disney Press,5.29,May,2009,82287
iPod pedia: The Ultimate iPod and iTunes Resource,"By Miller, Michael","iPodpedia is the first book to show you everything that the iPod and iTunes have to offer—from music to movies and beyond. Whether you want to get the most out of your iPod’s music playback, create your own playlists, edit your music info and album art, convert your home movies and DVDs to iPod videos, listen to audiobooks and podcasts, or just unfreeze a frozen iPod, iPodpedia will show you how to do it.     Here’s some of what’s covered inside…  •    Using the iPod, iPod Nano, and iPod Shuffle™  •    Apple’s new iPhone™  •    Purchasing music and movies from the iTunes Store  •    Using iTunes to rip and burn CDs  •    Managing music and playlists  •    Finding cover art and other music file tag information  •    Dealing with DRM (Digital Rights Management)  •    Watching movies, TV shows, and other videos  •    Listening to audiobooks and podcasts  •    Viewing digital photos and slideshows  •    Connecting your iPod to a home audio/video system  •    Using the iPod in your car or boat  •    Playing iPod games  •    Using the iPod as a calendar and scheduler  •    Exercising with the Nike+iPod Sports Kit  •    Transferring files from your iPod to your PC  •    Using add-on software programs  •    iPod accessories  •    iPod tips, tricks, and hacks   •    Troubleshooting iPod problems       Part 1:    Background  1    The History  2    The iPod Family  3    The iPhone  Part 2:    Operation  4    Using the iPod  5    Using the iTunes Software  6    Using the iTunes Store  Part 3:    Applications  7    Music  8    Podcasts  9    Audiobooks10  Photos  11  Videos12  Games  Part 4:    Special Uses  13    Using Your iPod in the Living Room  14    Using Your iPod in the Car  15    Using Your iPod as a Portable Storage Device  16    Using Your iPod to Record Audio and Podcasts  17    Using Your iPod for Running and Exercise  18    Using Your iPod as a Calendar/Scheduler   19    Using iTunes to Manage Your Music Purchases  Part 5:    Secrets  20    iPod Tips and Tricks  21    iPod Hacks  Part 6:    Support  22    iPod Accessories  23    Third-Party Software24    iPod Troubleshooting  Part 7:    Appendixes     Michael Miller has written more than 75 non-fiction how-to books over the past two decades, including Googlepedia: The Ultimate Google Reference, Absolute Beginner’s Guide to Computer Basics, How Microsoft Windows Vista Works, How Home Theater and HDTV Work, Tricks of the eBay Masters, and YouTube 4 You. His books have collectively sold more than a m"," Music , Recording & Reproduction",Que Pub,6.12,April,2007,82517
"Shelves and Cabinets (Home Repair and Improvement, Updated Series)",By Time-Life Books (EDT),"Introduces useful tools and techniques, shows how to work with cabinet doors, hinges, trim molding, and finishes, and suggests a variety of projects"," House & Home , General",Time Life Education,4.99,May,1995,82959
Hope Unseen: The Story of the U.S. Army's First Blind Active-Duty Officer,"By Smiley, Scotty and Crandall, Doug (CON)","The inspiring, unflinching true story of “blind” faith, as Major Scotty Smiley awakes in a hospital bed and realizes his world is permanently dark he must stretch his faith like never before. Courageous, heartfelt, and honest, Hope Unseen challenges readers to question their doubts, not their beliefs, and depend upon God no matter what.A nervous glance from a man in a parked car. Muted instincts from a soldier on patrol. Violent destruction followed by total darkness. Two weeks later, Scotty Smiley woke up in Walter Reed Army Medical Center, helpless . . . and blind. Blindness became Scotty’s journey of supreme testing. As he lay helpless in the hospital, Captain Smiley resented the theft of his dreams—becoming a CEO, a Delta Force operator, or a four-star general. With his wife Tiffany’s love and the support of his family and friends, Scotty was transformed—the injury only intensifying his indomitable spirit. Since the moment he jumped out of a hospital bed and forced his way through nurses and cords to take a simple shower, Captain Scotty Smiley has climbed Mount Rainier, won an ESPY as Best Outdoor Athlete, surfed, skydived, become a father, earned an MBA from Duke, taught leadership at West Point, commanded an army company, and won the MacArthur Leadership Award. Scotty and Tiffany Smiley have lived out a faith so real that it will inspire you to question your own doubts, push you to serve something bigger than yourself, and encourage you to cling to a Hope Unseen."," Religion , Leadership",Howard Books,4.99,September,2010,83116
An Irish Country Courtship: A Novel (Irish Country Books),"By Taylor, Patrick","Welcome to the colourful Ulster village of Ballybucklebo, where two doctors work hand in hand to mend the bodies and spirits of the town's diverse and engaging inhabitants. But who is looking after the wounded hearts of the doctors?After less than a year, young Barry Laverty, M.B., is settling in to the village, with only a few months to go before he becomes a full partner in the practice. He's looking forward to becoming a fixture in the community, until an unexpected romantic reversal gives him second thoughts. Will he truly be happy tending to routine coughs and colds for the rest of his career? After all, even when a more challenging case comes along, like a rare tropical disease, all he can do is pass it on to a qualified specialist or big-city hospital. As much as Barry enjoys the rough and tumble of life in County Down, is running a humble GP's shop all he wants out of life?Barry's mentor, Doctor Fingal Flahertie O'Reilly, is going through some personal upheavals as well. After mourning his deceased wife for decades, he's finally allowed a new woman into his life. But this budding courtship is not going over well with Kinky Kincaid, the doctors' redoubtable housekeeper, who fears having her position usurped by O'Reilly's new flame. Tact, diplomacy, and a fair amount of blarney may be required to restore peace to the household.Meanwhile, life goes on in Ballybucklebo, presenting both doctors with plenty of distractions from their own troubles. From a mysterious outbreak at the local school to a complicated swindle involving an unlucky racehorse, the two partners will need all of their combined wit and compassion to put things right again--just in time for their lives to change forever."," Fiction , Family Life , General",Forge Books,5.49,September,2010,83163
Many Bloody Returns,"By Harris, Charlaine (EDT) and Kelner, Toni L. P. (EDT)","Includes an original Sookie Stackhouse story""Clever...entertaining... excellent""(Library Journal) original vampire stories by Charlaine Harris, Jim Butcher, Kelley Armstrong, and more.From cakes to stakes, a celebration of everyone's favorite bloodsucking subculture by a baker's dozen of favorite authors. Each of these thirteen original stories offers a fresh and unique take on what birthdays mean to the undead. From Charlaine Harris's Sookie Stackhouse attending a birthday party for Dracula to Jim Butcher's Harry Dresden battling bloodsucking party crashers, these suspenseful, surprising, sometimes dark, sometimes humorous stories will ensure paranormal fans will never think of vampires or birthdays quite the same again."," Fiction , Anthologies (multiple authors)",Ace,5.29,February,2009,83205
Pride and Prejudice and Zombies: Dawn of the Dreadfuls (Pride and Prej. and Zombies),"By Hockensmith, Steve and Arrasmith, Patrick (ILT)","Readers will witness the birth of a heroine in Dawn of the Dreadfuls—a thrilling prequel set four years before the horrific events of Pride and Prejudice and Zombies. As our story opens, the Bennet sisters are enjoying a peaceful life in the English countryside. They idle away the days reading, gardening, and daydreaming about future husbands—until a funeral at the local parish goes strangely and horribly awry.   Suddenly corpses are springing from the soft earth—and only one family can stop them. As the bodies pile up, we watch Elizabeth Bennet evolve from a naive young teenager into a savage slayer of the undead. Along the way, two men vie for her affections: Master Hawksworth is the powerful warrior who trains her to kill, while thoughtful Dr. Keckilpenny seeks to conquer the walking dead using science instead of strength. Will either man win the prize of Elizabeth’s heart? Or will their hearts be feasted upon by hordes of marauding zombies? Complete with romance, action, comedy, and an army of shambling corpses, Pride and Prejudice and Zombies: Dawn of the Dreadfuls will have Jane Austen rolling in her grave—and just might inspire her to crawl out of it!"," Fiction , Humorous , General",Quirk Books,5.29,March,2010,83209
Jane Eyre (Watermill Classics),"By Bronte, Charlotte",," Juvenile Fiction , Love & Romance",Troll Communications Llc,5.29,June,1987,83331
Queen Takes King,"By Grazer, Gigi Levangie","Jacks Power: The prodigal son, heir to millions, built his own Manhattan real estate empire and revels in seeing his moniker on glittering skyscrapers around the city. Here’s a man who always loved to see his name in ink. Until now.Cynthia Hunsaker Power: The epitome of elegance and society, the former prima ballerina met a struggling painter, fell in love, and only later learned she’d won the Power lottery.The morning after the Power silver anniversary gala at the Waldorf, Jacks appears twice in the New York Post—once gallantly dancing with his wife of twenty-five years; and once hand-in-hand with Lara Sizemore, morning television star, exiting her Upper West Side apartment building that very same night.Let the Divorce Games begin.Whether they’re changing the locks on each other in their Park Avenue triplex or sabotaging each other’s dinner parties, the Powers’ split-up will trump the most scandalous divorces known to polite New York society. It’s a battle of wits, of charm, of two of the biggest egos—and personalities and bank accounts—in Manhattan, and neither side will go down without a fight."," Fiction , Contemporary Women",Gallery Books,5.29,July,2010,83429
Betty Crocker's Quick & Easy Cookbook: 30 minutes or less to dinner every night,"By Crocker, Betty (EDT)","""What?s for dinner tonight?"" Here?s your answer, filled with more than 300 family-pleasing recipes plus lots of great tips and ideas for speeding up your cooking. You need to get dinner done fast and you want delicious meals the whole family will enjoy. Keeping today?s busy lifestyles in mind, every recipe can be made in 30 minutes or less. And with Betty Crocker, kitchen-tested recipes that taste great are guaranteed.Dinners with family and friends are the best time when you have a mealtime plan that works. Here are plenty of great ideas to keep you cooking?and enjoying?dinnertime every night!30 minutes or less to dinner. Here?s how: Keep It Quick: All recipes are 30 minutes or less. Need dinner faster? Turn to super express recipes, ready in 20 minutes or less.Always Delicious: Taste matters most, and recipes like Cornmeal Chicken with Fresh Peach Salsa and Sirloin with Bacon-Dijon Sauce are packed with great flavor.Family Appeal: Treat the gang to favorites that kids love like Easy Macaroni and Cheese, Mini Meat Loaves and Triple-Berry Shortcakes.Lots of Dinner Options: You?ll find it all, from quick snacks and appetizers to hundreds of main course choices, from great vegetables and sides to easy dessert treats.Shopping Made Easy: Recipes call for familiar basics found at any supermarket, from everyday fresh ingredients to prepared foods and convenience items.No Time to Shop? A complete stocking-your-pantry guide means you?ll always have great dinner options on hand, even on those days when there?s no time to shop.Great Ideas: A tip with every recipe for easier preparation as well as delicious ways to round out your dinner."," Cooking , Methods , Quick & Easy",Betty Crocker,4.99,July,2003,83635
I Can Add (I Can Count),"By Nilsen, Anna and Stanley, Mandy (ILT)","I Can Add provides a step-by-step introduction to an essential arithmetic skill in a creative and engaging format. Each brightly illustrated stack of cards offers a series of flip-card games that gradually increase in complexity. New skills such as adding identical or similar objects, recognizing numbers and symbols, and adding colored shapes are introduced in sequence, making it easy for anyone to make the transition from counting to adding.  Durable double-spiral binding keeps parts from getting lost. Perfect for taking on trips. Divider cards mark child's progress. Includes a how-to-use this book guide with helpful tips for parents."," Juvenile Nonfiction , Mathematics , Arithmetic",Kingfisher,4.99,April,2000,83757
The Brand Mindset: Five Essential Strategies for Building Brand Advantage Throughout Your Company,"By Knapp, Duane E.","How Starbucks became Starbucks and other secrets of branding success. Aimed at managers, nt just marketers, a famed consultant presents a powerful prescription for understanding, building, and sustaining brand equity. Duane Knapp demonstrates, from a management perspective, why ""a company's brand is the most valuable asset it can have."" heshows how the very best practitioners - contemporary household names like Starbucks, Citicorp, Whirlpool, Lexus, Hallmark, and others - shrewdly develop and maintain their brands even in the face of ferocious competition. Readers can assess and improve their own efforts by adopting Knapp's five proven components of the Brand Mindset that is for brand success: Make a promise to the consumer; make all decisions with the brand in mind; make sure the entire company supports the brand's message; make the brand bigger than the business, and build one specific image for the brand and stick with it always."," Business & Economics , Marketing , General",McGraw-Hill Education,5.29,November,1999,83809
"The El Paso Chile Company's Burning Desires: Salsa, Smoke, and Sizzle from Down by the Rio Grande","By Kerr, W. Park, McLaughlin, Michael, and El Paso Chile Company (COR)","The newest cookbook from the famed El Paso Chile Company offers the best in West Texas cuisine, including Hickory-Smoked Pork Chops with Red Chile-Apple Compote and Mesquite-Grilled Spareribs, along with delicious sauces and marinades, and much more. Tour."," Cooking , Regional & Ethnic , European",William Morrow Cookbooks,5.68,June,1994,84103
"Cracks in My Foundation: Bags, Trips, Make-up Tips, Charity, Glory, and the Darker Side of the Story","By Keyes, Marian","Go further under the covers and stay in bed a little longer with Marian Keyes in this winning follow-up to her smash essay collection, Under the Duvet. Written in the witty, forthright style that has earned her legions of devoted readers, Cracks in My Foundation offers an even deeper and more candid look into this beloved author's mind and heart, exploring such universal themes as friends and family, home, glamour and beauty, children, travel, and more. Marian's hilarious and thoughtful take on life makes her readers feel they are reading a friend, not just an author.Marian continues to entertain with her reports from the trenches, and throws in some original short fiction as well. Whether it's visiting Siberia, breaking it off with an old hairdresser, shopping (of course!), turning forty, living with her beloved husband, Himself (a man beyond description), or musing on the F word (feminism), Marian shares the joys, passions, and sorrows of her world and helps us feel good about our own. So grab a latte and a pillow and get ready to laugh your slippers off!"," Literary Collections , Essays",William Morrow Paperbacks,5.29,September,2005,84137
Daddies and Daughters: Tender Moments Lasting Joys,"By Berry, Carmen Renee and Barrington, Lynne","The coauthor of the New York Times best-seller, Girlfriends, celebrates the father-daughter relationship in stories that capture its many dimensions and periods, united by the themes of love, separation, and reconciliation. 100,000 first printing. Tour."," Family & Relationships , General",Simon & Schuster,5.29,June,1998,84368
The Return of the Native (Penguin Classics),"By Hardy, Thomas and Woodcock, George (EDT)",Presents Hardy's classic novel of two people caught up in their passion for each other and conflicting ambitions," Fiction , Classics",Penguin Classics,5.29,July,1978,84448
Hard Times (Dover Thrift Editions),"By Dickens, Charles","""My satire is against those who see figures and averages, and nothing else,"" proclaimed Charles Dickens in explaining the theme of this classic novel. Published in 1854, the story concerns one Thomas Gradgrind, a ""fanatic of the demonstrable fact,"" who raises his children, Tom and Louisa, in a stifling and arid atmosphere of grim practicality.Without a moral compass to guide them, the children sink into lives of desperation and despair, played out against the grim background of Coketown, a wretched community shadowed by an industrial behemoth. Louisa falls into a loveless marriage with Josiah Bouderby, a vulgar banker, while the unscrupulous Tom, totally lacking in principle, becomes a thief who frames an innocent man for his crime. Witnessing the degradation and downfall of his children, Gradgrind realizes that his own misguided principles have ruined their lives.Considered Dickens' harshest indictment of mid-19th-century industrial practices and their dehumanizing effects, this novel offers a fascinating tapestry of Victorian life, filled with the richness of detail, brilliant characterization, and passionate social concern that typify the novelist's finest creations.Of Dickens' work, the eminent Victorian critic John Ruskin had this to say: ""He is entirely right in his main drift and purpose in every book he has written; and all of them, but especially Hard Times, should be studied with close and earnest care by persons interested in social questions."""," Fiction , Classics","Dover Publications, Inc.",5.29,August,2001,84498
Frankenstein (Barnes & Noble Classics),"By Shelley, Mary Wollstonecraft and Karbiener, Karen (INT)","&&LDIV&&R&&LI&&RFrankenstein&&L/I&&R, by &&LSTRONG&&RMary Shelley&&L/B&&R, is part of the &&LI&&RBarnes & Noble Classics&&L/I&&R&&LI&&R &&L/I&&Rseries, which offers quality editions at affordable prices to the student and the general reader, including new scholarship, thoughtful design, and pages of carefully crafted extras. Here are some of the remarkable features of &&LI&&RBarnes & Noble Classics&&L/I&&R: &&LDIV&&RNew introductions commissioned from today's top writers and scholars Biographies of the authors Chronologies of contemporary historical, biographical, and cultural events Footnotes and endnotes Selective discussions of imitations, parodies, poems, books, plays, paintings, operas, statuary, and films inspired by the work Comments by other famous authors Study questions to challenge the reader's viewpoints and expectations Bibliographies for further reading Indices & Glossaries, when appropriateAll editions are beautifully designed and are printed to superior specifications; some include illustrations of historical interest. &&LI&&RBarnes & Noble Classics &&L/I&&Rpulls together a constellation of influences—biographical, historical, and literary—to enrich each reader's understanding of these enduring works.&&L/DIV&&R&&L/DIV&&R&&LP style=""MARGIN: 0in 0in 0pt""&&R&&LSTRONG&&R&&L/B&&R &&L/P&&R&&LP style=""MARGIN: 0in 0in 0pt""&&R&&LB&&RMary Shelley&&L/B&&R began writing &&LI&&RFrankenstein&&L/I&&R when she was only eighteen. At once a Gothic thriller, a passionate romance, and a cautionary tale about the dangers of science, &&LI&&RFrankenstein&&L/I&&R tells the story of committed science student Victor Frankenstein. Obsessed with discovering ""the cause of generation and life"" and ""bestowing animation upon lifeless matter,"" Frankenstein assembles a human being from stolen body parts but; upon bringing it to life, he recoils in horror at the creature?s hideousness. Tormented by isolation and loneliness, the once-innocent creature turns to evil and unleashes a campaign of murderous revenge against his creator, Frankenstein.&&LBR&&R&&LBR&&R&&LI&&RFrankenstein&&L/I&&R, an instant bestseller and an important ancestor of both the horror and science fiction genres, not only tells a terrifying story, but also raises rofound, disturbing questions about the very nature of life and the place of humankind within the cosmos: What does it mean to be human? What responsibilities do we have to each other? How far can we go in tampering with Nature? In our age, filled with news of organ donation genetic engineering, and bio-terrorism, these questions are more relevant than ever. &&LBR&&R&&LBR&&R&&L/P&&R&&LP style=""MARGIN: 0in 0in 0pt""&&R&&LB&&RKaren Karbiener &&L/B&&Rreceived a Ph.D. from Columbia University and currently teaches literature at New York University.&&L/P&&R"," Young Adult Fiction , Horror",Barnes & Noble Classics,5.29,April,2003,84508
"Shifting Love (The Foundation, Book 1)","By O'Day-Flannery, Constance","Constance O'Day-Flannery is back, and better than ever with this new tale of magic and love.Maggie O'Shea knows that because of her dark past, there's no place for love in her life.  She owns a successful store in Philadelphia, where she uses her special gifts to help the people she meets. Though this doesn't fulfill her, she is content.  Most of the time.Entrepreneur Julian McDonald runs an empire.  He's rich, cynical, bored-and not interested in relationships. He was in love, once, but since her death, there's been no space in his heart for anyone else.Maggie knows as soon as she meets Julian that she could fall in love with him.  But a secret society devoted to bringing the world back into balance has a mysterious agenda for Julian-and doesn't care about the heart's wish of a vulnerable shapeshifter..."," Fiction , Romance , General",Tor Paranormal Romance,5.29,November,2004,84734
Flirting With Pride And Prejudice: Fresh Perspectives On The Original Chick Lit Masterpiece (Smart Pop series),"By Crusie, Jennifer (EDT) and Yeffeth, Glenn (EDT)","One of fiction's most well-loved novels, this 19th-century classic continues to capture the hearts of contemporary readers with its notions of marriage, dating, and romance. Leading authors in the area of women's literature and romance contribute to this fresh collection of essays on everything from Lydia's scandalous marriage to George Wickham to the female-dominated Bennett household and the emphasis placed on courtship and marriage. Contributors include Jo Beverly, Alesia Holliday, Mercedes Lackey, Joyce Millman, and Jill Winters. This compilation is an excellent companion for both those new to Jane Austen and well-versed Austen-philes."," Literary Criticism , European , English, Irish, Scottish, Welsh",Smart Pop,5.29,August,2005,84822
"The Complete Caterer: A Practical Guide to the Craft and Business of Catering, Updated and Revised","By Lawrence, Elizabeth","Colorful, festive, and filled with imaginative ideas, this superb Christmas cookbook features cakes, cookies, and other holiday favorites, plus full-course menus, great gift ideas, and much more.Full color photographs and B & W illustrations throughout"," Business & Economics , Small Business",Main Street Books,4.99,January,1992,84900
"I Spy: A Game to Read and Play (Step into Reading, Step 1, paper)","By Hayward, Linda, Cooke, Tom (ILT), Cooke, Tom, and Haynes, Caitlin","Illus. in full color. The popular rhyming nursery game comes to Sesame Street, inviting the youngest readers to identify familiar characters and objects and explore early-learning concepts such as colors, shapes, and sizes."," Juvenile Nonfiction , Games & Activities , General",Random House Books for Young Readers,5.29,October,1993,85055
"The Walking Dead, Vol. 12: Life Among Them","By Kirkman, Robert and Adlard, Charlie (ILT)","The world we knew is gone. The world of commerce andfrivolous necessity has been replaced by a world of survival and responsibility.An epidemic of apocalyptic proportions has swept the globe, causing the dead torise and feed on the living. In a matter of months society has crumbled: nogovernment, no grocery stores, no mail delivery, no cable TV. In a world ruledby the dead, the survivors are forced to finally start living.At long last, the survivors of Robert Kirkman and Charlie Adlard's acclaimedpost-apocalyptic survival adventure find the hope they've longed look for. Can atown not yet ravaged by the horrors unleashed on Earth possibly be all it'shoped for? Is there a far more sinister secret behind their newfound safe haven?Even worse, can people forever changed by the worst in humanity ever hope to getback to their old selves? The next chapter of The Walking Dead is primedto change everything!Reprint Edition"," Comics & Graphic Novels , Horror",Image Comics,4.99,August,2010,85087
Seven Sisters (Benni Harper Mystery),"By Fowler, Earlene","Meet Benni Harper…a spirited ex-cowgirl, quilter, and folk-art expert who’s staking out her own corner of the contemporary American West.  She’s got an eye for murderous designs—and a talent for piecing together the most complex and cold-blooded crimes.When Benni’s stepson announces his plans to marry into the wealthy, influential Brown family, she and her husband are invited to the Browns’ sprawling ranch, Seven Sisters, to celebrate the engagement. But the party takes a tragic turn when a member of the esteemed family is murdered. While trying to unravel the feuding clan’s tangled past, Benni uncovers a shocking pattern of tragedy—and stitches a hodgepodge of clues into a very disturbing design. . . Seven Sisters, a challenging pattern that features a single six-pointed star surrounded by six identical stars, was most likely inspired by an observation of nature—the Seven Sisters is a loose grouping of stars in the constellation Taurus.  Although the stars in the cluster appear to be close together, they are, in fact, quite far apart."," Fiction , Mystery & Detective , General",Berkley,4.99,April,2001,85357
My Very First Tea Party,"By Sparks, Michal",The clever and colorful Miss Honey B. Five shows little ones ages 0-3 how hearts fill to the brim when friends gather together for tea and good times.," Juvenile Fiction , Animals , Bears",Harvest Kids,4.99,January,2000,85670
Smotherly Love: I Know Where Your Buttons Are And I'm Not Afraid to Push Them,"By Stack, Debi","No one can push your buttons quite like your mother can. After all, she's the one who installed them. - AnonymousIn sixteen ""she said / she said"" hilarious tales of overwhelmed mothers and their daughters, every day relational situations provide not only a humor break, but a ton of insight into how to be a better mom.Sections include: She's So Bossy, She's So Stubborn, She's So Picky, She's So Clueless, and She's So Dramatic. Tidbits of lighthearted yet practical take-aways follow each encounter of mother-daughter drama."," Family & Relationships , Parenting , Motherhood",W Pub Group,5.78,January,2007,85924
Kitchen Design and Planning 1-2-3: Create Your Blueprint for a Perfect Kitchen (Home Depot ... 1-2-3),By Meredith Books (EDT),A variety of kitchen layouts demonstrate concepts of style and function.An entire chapter explaining what to look for when buying everything from flooring to fixtures ensures the reader makes informed purchases.Explains the basics of design and planning for beginners or more experienced do-it-yourselfers.A real-world installation project covers the entire process.," House & Home , Remodeling & Renovation",The Home Depot,10.99,March,2004,85946
"Business and Society: Stakeholders, Ethics, Public Policy, 13th Edition","By Weber, James and Lawrence, Anne T.","Business and Society: Stakeholders, Ethics, Public Policy, 13e by Lawrence and Weber has continued through several successive author teams to be the market-leader in its field. Business and Society, 13e highlights why government regulation is sometimes required as well as new models of business-community collaboration. The authors believe that businesses have social (as well as economic) responsibilities to society; that business and government both have important roles to play in the modern economy; and that ethics and integrity are essential to personal fulfillment and to business success. In addition, this textbook has long been popular with students because of its lively writing, up-to-date examples, and clear explanations of theory."," Business & Economics , Business Ethics",McGraw-Hill/Irwin,10.99,February,2010,86174
The Girl Who Married a Lion: and Other Tales from Africa,"By McCall Smith, Alexander","Gathered here is a beguiling selection of folktales from Zimbabwe and Botswana as retold by the best-selling author of The No. 1 Ladies' Detective Agency. This treasury contains most of the stories previously collected in Children of Wax and seven new tales from the Setswana-speaking people of Botswana.  A girl discovers that her young husband might actually be a lion in disguise, but not before they have two sons who might actually be cubs . . . When a child made of wax follows his curiosity outside into the heat of daylight and melts, his siblings shape him into a bird with feathers made of leaves that enable him to fly into the light . . . Talking hyenas, milk-giving birds, clever cannibals who nonetheless get their comeuppance, and mysterious forces that reside in the landscape—these wonderful fables bring us the wealth, the variety, and the particular magic of traditional African lore."," Fiction , Fairy Tales, Folk Tales, Legends & Mythology",Pantheon,4.99,December,2004,86231
Cy Young (Baseball Legions),"By Macht, Norman L.","A biography of great baseball pitcher, Cy Young, who still holds the record for most innings pitched, most complete games, and most losses"," Biography & Autobiography , General",Chelsea House Pub,12.51,February,1992,86236
The Adventures of Tom Sawyer (Dover Thrift Editions),"By Twain, Mark","Whether forming a pirate gang to search for buried treasure or spending a quiet time at home, sharing his medicine with Aunt Polly's cat, the irrepressible Tom Sawyer evokes the world of boyhood in nineteenth century rural America. In this classic story, Mark Twain re-created a long-ago world of freshly whitewashed fences and Sunday school picnics into which sordid characters and violent incidents sometimes intruded. The tale powerfully appeals to both adult and young imaginations. Readers explore this memorable setting with a slyly humorous born storyteller as their guide. Tom and Huck Finn conceal themselves in the town cemetery, where they witness a grave robbery and a murder. Later, the boys, feeling unappreciated, hide out on a forested island while the townspeople conduct a frantic search and finally mourn them as dead. The friends triumphantly return to town to attend their own funeral, in time for a dramatic trial for the graveyard murder. A three-day ordeal ensues when Tom and his sweetheart, Becky Thatcher, lose their way in the very cave that conceals the murderer. With its hilarious accounts of boyish pranks and its shrewd assessments of human nature, The Adventures of Tom Sawyer has captivated generations of readers of all ages. This inexpensive edition of the classic novel offers a not-to-be-missed opportunity to savor a witty and action-packed account of small-town boyhood in a bygone era."," Fiction , Literary",Dover Publications,5.29,January,1998,86423
Deeds of Valor: How America's Civil War Heroes Won the Congressional Medal of Honor,"By Beyer, W. F. (EDT), Keydel, O. F. (EDT), and Keydel, Oscar F. (EDT)",Personal reminiscences and records of Civil War soldiers who were awarded the Congressional Medal of Honor.," History , United States , Civil War Period (1850-1877)",Longmeadow Pr,6.18,July,1992,86793
The Bronte Sisters: Wuthering Heights / Jane Eyre / Agnes Grey (Great Classic Library),"By Bronte, Charlotte, Bronte, Emily, and Bronte, Anne",," Fiction , Classics",Longmeadow Press,5.29,November,1994,86831
Mad About the Duke,"By Boyle, Elizabeth","“Mad about the Duke is a rollicking good romp, filled with mischief and mayhem and delicious characters.”—Sabrina JeffriesRita Award-winner, USA Today and New York Times bestseller Elizabeth Boyle delights once more with Mad About the Duke, the second book in her wonderfully creative, wickedly fun Widows of Standon historical romance series. It is a delectable tale of an intrepid young woman who employs an incognito duke—whom she mistakenly believes to be a common solicitor—in her quest to land a titled second husband. Featuring characters from her popular Bachelor Chronicles, Boyle proves once again to be one of today’s most imaginative writers of romantic fiction. Fans of the sensual, fast-paced historical romance of Lisa Kleypas and Christina Dodd will, likewise, be Mad About the Duke."," Fiction , Romance , Historical , Regency",Avon,4.99,September,2010,86851
In Business with Mallory,"By Pollak, Barbara (ILT) and Friedman, Laurie B.","Mallory McDonald has her eye on the perfect purse, but it’s too expensive and Mallory’s mom is not buying! So Mallory comes up with the perfect plan to get the perfect purse. She’ll just start a business! Yet starting a business isn’t as easy as it seems. Mallory finally earns enough to buy what she wants. But if her business is such as success, why does Mallory feel like such a failure?"," Juvenile Fiction , Business, Careers, Occupations",Darby Creek ™,5.29,January,2007,87189
Foundations of Psychological Testing,"By McIntire, Sandra A. and Miller, Leslie A.","Authors Sandra McIntire and  Leslie Miller have accomplished what few before them have been able to.  They have written a Psychological Testing book that is designed to lay a true foundation for learning and understanding.  The primary objective of this text is not to dwell on the details of  individual psychological tests, but to focus on the core concepts/psychometrics required to gain an appreciation of how to use the tests properly. Written in response to a growing need for a textbook on psychological testing conducive to maximal student learning,  An Introduction Psychological Testing,  gives students an understanding of the basic concepts, issues and tools used in psychological testing.  It then effectively illustrates how these concepts, issues, and tools are relevant to them in everyday educational, clinical, and organizational settings."," Psychology , Assessment, Testing & Measurement",McGraw-Hill Humanities/Social Sciences/Languages,4.99,August,1999,87244
The WEDDING RAFFLE,"By Dawson, Geralyn","Wondering at the mystery that surrounds beautiful three-time widow Honor Duvall, ex-Texas Ranger Captain Luke Prescott becomes involved in Honor's desperate plan to save her troubled family. Original."," Fiction , Romance , Historical",Pocket,4.99,November,1996,87343
Murder By the Glass (A Wine Lover's Mystery),"By Scott, Michele","While attending a high-society wedding at a Sonoma mansion with vineyard owner Derek Malveaux, Nikki Sands stumbles upon the dead body of the blushing bride and, sifting through a wealth of suspects, including her best friend, puts a cork in a killer's clever plan. Original."," Fiction , Mystery & Detective , General",Berkley,5.29,June,2006,87438
Great Powers: America and the World After Bush,"By Barnett, Thomas P. M.","An analysis of the post-Bush world makes predictions about America's revised leadership role, making recommendations for reintegrating the country into the global community while evaluating America's potential contributions in the spheres of economics, technology, the environment, and more. 60,000 first printing."," Political Science , International Relations , General",Putnam Adult,5.64,February,2009,87521
John Deere: Touch and Feel: Tractor (Touch & Feel),"By Parachute Press, DK Publishing","Preschoolers can touch chunky tractor tires, spiky grass, shiny headlights, and more while using their eyes and hands to recognize and name objects on and around a John Deere tractor."," Juvenile Nonfiction , Technology , Agriculture",DK Children,4.99,January,2008,87525
Ronald Reagan: 100 Years: Official Centennial Edition from the Ronald Reagan Presidential Foundation,"By Ronald Reagan Presidential Foundation (COR) and Baker, Howard H., Jr. (FRW)","Ronald Reagan: 100 Years is the official centennial publication from the Ronald Reagan Presidential Foundation. Featuring archival photographs of the Reagan family along with insightful text, this book is the ultimate commemorative edition to mark the one hundredth anniversary of President Reagan’s birth. It offers an intimate, insider’s glimpse of the life and legacy of America’s most beloved leader."," Biography & Autobiography , Presidents & Heads of State",Harper,4.99,January,2011,87555
How to Woo a Reluctant Lady (3) (The Hellions of Halstead Hall),"By Jeffries, Sabrina","New York Times bestselling author Sabrina Jeffries delights readers yet again with the third sizzling Regency romance in her Hellions of Hallstead Hall series, featuring the independent Lady Minerva Sharpe and the reckless Giles Masters.When a charming rogue proposes she marry him to meet her grandmother’s ultimatum, the Sharpe clan’s strong-willed sister makes a tempting counter-offer that preserves her inheritance—and ignites his imagination. Lady Minerva Sharpe has the perfect plan to thwart her grandmother’s demands: become engaged to a rogue! Surely Gran would rather release her inheritance than see her wed a scoundrel. And who better to play the part of Minerva’s would-be husband than wild barrister Giles Masters, the very inspiration for the handsome spy in the popular gothic novels she writes? The memory of his passionate kiss on her nineteenth birthday has lingered in Minerva’s imagination, though she has no intention of really falling for such a rakehell, much less marrying him. Little does she know, he really is a covert government operative. When they team up to investigate the mystery behind her parents’ deaths, their fake betrothal leads to red-hot desire. Then Minerva discovers Giles’s secret double life, and he must use all the cunning tricks of his trade to find his way back to her heart."," Fiction , Romance , Historical , Regency",Pocket Star,5.29,January,2011,87565
Global Studies: The Middle East,"By Spencer, William",Our GLOBAL STUDIES Series provides students with comprehensive background and current information shaping regional cultures and countries of the world today. Each volume features country report essays and maps as well as relevant articles from world-wide publications. Visit our website for more information and a complete listing of titles: www.mhcls.com/globalstudies/," Science , Earth Sciences , Geography",McGraw-Hill/Dushkin,5.5,May,2006,87898
"The Stinking Cookbook: From the Stinking Rose, a Garlic Restaurant","By Dal Bozzo, Jerry","From San Francisco's Stinking Rose restaurant comes garlic infested recipes for chicken, soup, pork chops, clams, marinara sauce, potatoes, cough syrup, and ice cream"," Cooking , Reference",Celestial Arts,5.29,September,1994,87990
It's Hotter In Hawaii (Men of Hawaii),"By Dimon, Helen Kay","Aloha, Gorgeous.  .  .   Cassie Montgomery was in no mood for messing around--until she got an eyeful of the sizzling-hot miscreant breaking into her half-brother Dan's Hawaii home. Turns out he's not a criminal, but a friend who's just as suspicious of Dan's ""accidental"" death as she is. Cassie's beyond tired of bashing heads with thick-skulled local law enforcement, so there's only one thing for it: team up with Caleb Wilson, and try to keep her secrets--and hands--to herself.  .  .    Having a gun trained on him is nothing new for Cal. But when said gun is brandished by a goddess sporting short-shorts, a bad attitude, and a hidden agenda? A man should consider his choices very carefully. Option one: Seduce first, ask questions later. Option two: Find out why she's in his Air Force buddy's torn-up house, then seduce her. Option three: Let the islands do their work and let the woman behind the weapon seduce him.  .  ."," Fiction , Romance , Suspense",BRAVA,5.29,April,2009,88160
"Best Recipes from American Country Inns and Bed & Breakfasts: More Than 1,500 Mouthwatering Recipes from 340 of America's Favorite Inns","By Maynard, Kitty and Maynard, Lucian","The best crowd-pleasing recipes from widely acclaimed country inns and bed & breakfasts in the United States are collected in this unique cookbook and travel guide. More than 340 inns and 1,500 recipes are collected here, some from the finest chefs in America, while others represent the best in mouth-watering homestyle cooking.More than a cookbook, Best Recipes from American Country Inns and Bed & Breakfasts is organized alphabetically - state-by-state. It is a reliable guide to the inns themselves, including addresses, phone numbers, and a listing of activities available at each inn. There are two extensive indexes. One allows you to find the inns by city and state, and the other allows the reader to find any recipe or type of recipe quickly and easily.Kitty and Lucian Maynard have written two similar books, The American Country Inn and Bed & Breakfast Cookbook, Vol. I and Vol. II. These have been selections of Book-of-the-Month Club, the Better Homes and Gardens Book Club, and Family Bookshelf. The first book was featured on the back of Just Right cereal boxes. Reviews rave about the excellent, tasty recipes:""Everything we tried was terrific!"" - Brunswick (Maine) Times Record""Many of these dishes are unique creations of the inn chefs and are not to be found elsewhere."" -The Midwest Book Review""Chock full of mouthwatering recipes . . . a grand selection of entrees."" - Levittown (Pennsylvania)Courier-Times"," Travel , Food, Lodging & Transportation , Bed & Breakfast",Rutledge Hill Pr,7.18,January,2004,88251
An Actor Prepares...To Live in New York City: How to Live Like a Star Before You Become One,"By Wroe, Craig","(Limelight). A guide for actors, and everyone else, to getting the best for less and surviving, thriving and living the good life in the Big Apple. Here is the ultimate guidebook for the hordes of aspiring young performers who arrive in the Big City determined to climb the ladder to stardom. But the purpose of Craig Wroe, an actor himself, is not to provide instruction on how to refine acting, singing or dancing talents or how to land a job in the chorus of  The Producers . Plenty of other books do that. His aim is far broader   to help you survive in the crowded, frantic, expensive maelstrom that is New York. From finding a decent, reasonably inexpensive place to live to finding competent, reasonably inexpensive dental care, from getting computer training to organize your day-to-day existence to joining a gym to harden your body, from eating well to dressing better   all on a tight budget   there is virtually no aspect of life in New York that is not covered in this book. And it not only names names; it gives addresses and phone numbers as well. And keep in mind that newly-arrived lawyers, accountants, models, writers you name them need these things too."," Performing Arts , Reference",Limelight Editions,4.99,July,2004,88555
Benny's Pennies (Picture Yearling Book),"By Barner, Bob (ILT) and Brisson, Pat","Benny McBride starts his day with five new pennies and is determined to spend them all. His mother wants him to buy something beautiful. His brother wants something good to eat. His sister wants something nice to wear. Benny knows his dog and cat would like something too. With the help of generous and thoughtful neighbors, Benny fulfills each request with a penny and arrives home loaded with five but simple gifts."," Juvenile Fiction , Stories in Verse",Dragonfly Books,5.29,July,1995,88732
Wench: A Novel (P.S.),"By Perkins-Valdez, Dolen","Wench by Dolen Perkins-Valdez is startling and original fiction that raises provocative questions of power and freedom, love and dependence. An enchanting and unforgettable novel based on little-known fact, Wench combines the narrative allure of Cane River by Lalita Tademy and the moral complexities of Edward P. Jones’s The Known World as it tells the story of four black enslaved women in the years preceding the Civil War. A stunning debut novel, Wench marks author Perkins-Valdez—previously a finalist for the 2009 Robert Olen Butler Short Fiction Prize—as a writer destined for greatness."," Fiction , African American , Historical",Amistad,4.99,January,2011,88895
Dune Road: A Novel,"By Green, Jane","From the New York Times bestselling author of Falling and The Sunshine Sisters comes a timely novel about the challenges of starting over.In the Gold Coast town of Highfield, Connecticut, recent divorcée Kit Hargrove has joyfully exchanged the requisite diamond studs and Persian rugs of a “Wall Street Widow” for her true dream home: a clapboard Cape with sea green shutters and sprawling impatiens. Her kids are content, her ex cooperative, and each morning she wakes up to her dream job assisting novelist Robert McClore.But when a figure from the past arrives just as the shifting financial market turns Highfield upside down, Kit is forced to realize that her blissfully constructed life and blossoming new romance aren’t as foolproof as she thought..."," Fiction , Women",Berkley,5.29,May,2010,89057
An Unequal Marriage: Or Pride and Prejudice Twenty Years Later,"By Tennant, Emma","In Pemberley, Elizabeth Bennet and her husband of one year, Mr. Darcy, longed for an heir. They now have one in the person of Master Edward Darcy, sixteen years old and a worry to his parents ever since he announced at age eight that he wished to fight on the side of Napoleon in the Peninsular Wars. With Edward safely at Eton, all seems tranquil and blessed; indeed, Elizabeth, still in her thirties, is a strikingly beautiful woman known throughout the county both for the happiness of her marriage to Fitzwilliam Darcy and for the harmony, gaiety, and intelligent society she has brought to their great house, Pemberley. But when word comes that Edward has gambled away the family holdings in Wales, the peace of the household seems lost as the future not only of the Darcy fortune but of the Darcy marriage is suddenly thrown into question."," Fiction , Historical , General",St. Martin's Press,5.29,December,1994,89081
The Truth Behind Left Behind: A Biblical View of the End Times,"By Hitchcock, Mark, Ice, Thomas, and LaHaye, Tim F. (INT)","With the unparalleled worldwide success of the Left Behind series, both fans and critics are curious about the relationship between Bible prophecy and the events depicted in the novels. Responding to recent works that question Left Behind's biblical accuracy, two respected theologians set forth solid, biblical answers in this reader-friendly resource. Beginning with a clear presentation of prophecy interpretation and dispensationalism, the authors examine specific end times events represented in Left Behind and offer historical and biblical support for each event.Story Behind the BookWith the incredible success of this series, we believe that it would be beneficial to the body of Christ for someone to publish a book that gives solid, thoughtful, biblical answers to the critics of the Left Behind theology. With the questions that are being raised and will continue to be raised, many may begin to wonder if the Left Behind theology is really biblical. Some of the impact of the series could be undermined. This book would set forth substantive biblical points in favor of the various end times events presented in the series."," Religion , Christian Living , General",Multnomah,4.99,March,2004,89251
"Language and the Pursuit of Happiness: A New Foundation for Designing Your Life, Your Relationships & Your Results",By Chalmers Brothers,," Self-help , Personal Growth , General",New Possibilities Press,4.89,July,2004,89298
Exploring Energy Choices: A Preliminary Report of the Ford Foundation's Energy Policy Project,By McGeorge Bundy S. David Freeman,,,The Ford Foundation,6.22,January,1974,89371
To Improve Health and Health Care: The Robert Wood Johnson Foundation Anthology (Public Health/Robert Wood Johnson Foundation Anthology),"By Isaacs, Stephen L. and Knickman, James R.","Since 1972, the Robert Wood Johnson Foundation has been the nation's largest philanthropy devoted exclusively to health. To further its mission of improving the health and health care of all Americans, the Foundation strives to foster innovation, develop ideas, disseminate information, and enable committed people to devote their energies to improving the nation's well-being. As part of the Foundation's efforts to inform the public, To Improve Health and Health Care, the ninth volume in the Robert Wood Johnson Foundation Anthology series, provides an in-depth look into the programs it funds. Written for policymakers and practitioners, as well as interested members of the public, the series offers valuable lessons for leaders and educators developing plans for the coming years."," Medical , Public Health",Jossey-Bass,5.29,December,2005,89418
"To Improve Health and Health Care: The Robert Wood Johnson Foundation Anthology, Vol. VIII","By Isaacs, Stephen L. (EDT), Lavizzo-Mourey, Risa (FRW), and Knickman, James R. (EDT)","Since 1972, The Robert Wood Johnson Foundation has been the nation’s largest philanthropy devoted exclusively to health. To further its mission of improving the health and health care of all Americans, the Foundation strives to foster innovation, develop ideas, disseminate information, and enable committed people to devote their energies to improving the nation’s well-being. As part of the Foundation’s efforts to inform the public, To Improve Health and Health Care, the eighth volume in The Robert Wood Johnson Foundation Anthology series, provides an in-depth look into the programs it funds. Written for policy makers and practitioners, as well as interested members of the public, the series offers valuable lessons for leaders and educators developing plans for the coming years."," Medical , Public Health",Jossey-Bass,4.99,January,2005,89601
Wait For Me: Rediscovering the Joy of Purity in Romance,"By St. James, Rebecca and Reeves, Dale","""Darling, did you know that I dream about you . . .""Everyone longs to be loved deeply by someone, and Rebecca St. James is no different, as demonstrated by her hit song ""Wait for Me."" But while Rebecca shares the same desires as other young people, her resolve to remain sexually pure until marriage is not as common in our society.Using Scripture, pop culture, and her own experience as a point of reference, Rebecca paints a relevant and appealing picture of the value of waiting. But Rebecca also reaches out with compassion to those who have already made mistakes and reveals the mercy and healing that God brings."," Religion , Christian Life , General",Thomas Nelson Inc,5.29,July,2002,89917
To Improve Health and Health Care Volume X: The Robert Wood Johnson Foundation Anthology (Public Health/Robert Wood Johnson Foundation Anthology),"By Isaacs, Stephen L. (EDT) and Knickman, James R. (EDT)","Since 1972, the Robert Wood Johnson Foundation has been the nation's largest philanthropy devoted exclusively to health. To further its mission of improving the health and health care of all Americans, the Foundation strives to foster innovation, develop ideas, disseminate information, and enable committed people to devote their energies to improving the nation's well-being. As part of the Foundation's efforts to inform the public, To Improve Health and Health Care, the tenth volume in the Robert Wood Johnson Foundation Anthology series, provides an in-depth look into the programs it funds. Written for policymakers and practitioners, as well as interested members of the public, the series offers valuable lessons for leaders and educators developing plans for the coming years."," Medical , Public Health",Jossey-Bass,5.29,October,2006,89985
"Fundamentals of Mathematics, Vol. 1: Foundations of Mathematics: The Real Number System and Algebra","By Behnke, H. (EDT), Bachmann, F. (EDT), Fladt, K. (EDT), and Suss, W. (EDT)","Fundamentals of Mathematics represents a new kind of mathematical publication. While excellent technical treatises have been written about specialized fields, they provide little help for the nonspecialist; and other books, some of them semipopular in nature, give an overview of mathematics while omitting some necessary details. Fundamentals of Mathematics strikes a unique balance, presenting an irreproachable treatment of specialized fields and at the same time providing a very clear view of their interrelations, a feature of great value to students, instructors, and those who use mathematics in applied and scientific endeavors. Moreover, as noted in a review of the German edition in Mathematical Reviews, the work is ""designed to acquaint [the student] with modern viewpoints and developments. The articles are well illustrated and supplied with references to the literature, both current and 'classical.'""The outstanding pedagogical quality of this work was made possible only by the unique method by which it was written. There are, in general, two authors for each chapter: one a university researcher, the other a teacher of long experience in the German educational system. (In a few cases, more than two authors have collaborated.) And the whole book has been coordinated in repeated conferences, involving altogether about 150 authors and coordinators.Volume I opens with a section on mathematical foundations. It covers such topics as axiomatization, the concept of an algorithm, proofs, the theory of sets, the theory of relations, Boolean algebra, and antinomies. The closing section, on the real number system and algebra, takes up natural numbers, groups, linear algebra, polynomials, rings and ideals, the theory of numbers, algebraic extensions of a fields, complex numbers and quaternions, lattices, the theory of structure, and Zorn's lemma.Volume II begins with eight chapters on the foundations of geometry, followed by eight others on its analytic treatment. The latter include discussions of affine and Euclidean geometry, algebraic geometry, the Erlanger Program and higher geometry, group theory approaches, differential geometry, convex figures, and aspects of topology.Volume III, on analysis, covers convergence, functions, integral and measure, fundamental concepts of probability theory, alternating differential forms, complex numbers and variables, points at infinity, ordinary and partial differential equations, difference equations and definite integrals, functional analysis, real functions, and analytic number theory. An important concluding chapter examines ""The Changing Structure of Modern Mathematics."""," Mathematics , General",The MIT Press,43.95,October,1974,89997
The Phantom of Pemberley: A Pride and Prejudice Murder Mystery,"By Jeffers, Regina","HAPPILY MARRIED for over a year and more in love than ever, Darcy and Elizabeth can’t imagine anything interrupting their bliss-filled days. Then an intense snowstorm strands a group of travelers at Pemberley, and terrifying accidents and mysterious deaths begin to plague the manor. Everyone seems convinced that it is the work of a phan-tom—a Shadow Man who is haunting the Darcy family’s grand estate. Darcy and Elizabeth believe the truth is much more menacing and that someone is trying to murder them. But Pem-berley is filled with family guests as well as the unexpected travelers—any one of whom could be the culprit—so unraveling the mystery of the murderer’s identity forces the newlyweds to trust each other’s strengths and work together.Written in the style of the era and including Austen’s romantic playfulness and sardonic humor, this suspense-packed sequel to Pride and Prejudice recasts Darcy and Elizabeth as a husband-and-wife detective team who must solve the mystery at Pemberley and catch the murderer—before it’s too late."," Fiction , Romance , Historical , General",Ulysses Press,5.29,September,2010,90368
The General Store (Historic Communities),"By Kalman, Bobbie","Describes the general stores of the past, how they were stocked, the roles of storekeepers in communities, and what has happened to general stores in the twentieth century"," Juvenile Nonfiction , History , United States , General",Crabtree Classics,10.99,October,1996,90821
Little Women Journals: Jo's Troubled Heart (Madame Alexander Little Women Journals),"By Alcott, Louisa May, Emerson, Charlotte, and Wasden, Kevin (ILT)","As Christmas approaches, Jo March finds herself unable to control her quick temper even though it causes strife in the family and threatens the publication of her first story in the newspaper."," Juvenile Fiction , Family , Siblings",Harpercollins,4.99,February,1999,90838
"Duck & Goose, Find a Pumpkin","By Hills, Tad and Hills, Tad (ILT)","PRESCHOOLERS  WILL CHEER the return of Duck and Goose in their fourth board book  appearance. This time, Duck and Goose are looking for the perfect pumpkin. Is it in the log? Is it under the leaves?  Is it in the apple tree? Young children will surely enjoy going on a pumpkin hunt with  Duck and Goose . . . especially when they find the perfect pumpkin at the end!"," Juvenile Fiction , Holidays & Celebrations , Halloween",Schwartz & Wade,4.99,July,2009,90873
All About Mortgages: Insider Tips for Financing and Refinancing Your Home,"By Garton-Good, Julie and Good-Garton, Julie","Offers an overview of the mortage market, tells how to check credit reports and understand credit scoring, and discusses how to use the Internet to obtain mortgage financing"," Business & Economics , Real Estate , General",Real Estate Education Co,5.0,March,1999,91150
Pride and Prejudice,"By Austen, Jane",," Fiction , Literary",Signet Classics,4.99,September,1961,91190
The Knitting Diaries: The Twenty-First WishComing UnraveledReturn to Summer Island (A Blossom Street Novel),"By Macomber, Debbie, Mallery, Susan, and Skye, Christina","The Twenty-First Wish by Debbie MacomberAnne Marie Roche and her adopted daughter, ten-year-old Ellen, have each written a list of twenty wishes&#151;on which they included learning to knit. But Ellen has quietly added a twenty-first wish: that her mom will fall in love with Tim, Ellen's birth father, who's recently entered their lives&#133;.Coming Unraveled by Susan MalleryWhen Robyn Mulligan's dreams of becoming a Broadway star give way to longing for her childhood home, she returns to Texas, running her grandmother's knitting store. But the handsome, hot-tempered T. J. Passman isn't making it easy on her. If he can learn to trust Robyn, and overcome his tragic past, they just might discover a passion like no other.Return to Summer Island by Christina SkyeAfter a devastating car accident, Caro McNeal is welcomed by a community of knitters on Oregon's sleepy Summer Island. She also finds meaning and purpose in the letters she exchanges with a marine serving in Afghanistan. But when life takes another unexpected turn, will Caro pick up the threads of hope, opening her heart to wherever it takes her?"," Fiction , Romance , Contemporary",MIRA,5.29,March,2011,91267
"Fodor's Exploring Britain, 4th Edition (Exploring Guides)","By Cavendish, Richard, Rogerson, Barnaby, Locke, Tim, and Fodor's Travel Publications, Inc. (EDT)","Fodor's Exploring BritainPraise for Fodor's Exploring Guides""Authoritatively written and superbly presented...Worthy reading before, during, or after a trip."" -- Philadelphia Inquirer""Absolutely gorgeous. Fun, colorful, and sophisticated.""  --  Chicago TribuneFodor's Exploring Guides are the most up-to-date, full-color guidebooks available. Covering destinations around the world, these guides are loaded with photos, essays on culture and history, descriptions of sights, and practical information.  Full-color photos make these great guides to buy if you're still planning your itinerary (let the photos help you choose!) and they are perfect companions to general guidebooks, like Fodor's Gold Guides.What to SeeExtraordinary coverage of history and cultureItineraries, walks and excursions, on and off the beaten pathArchitecture and artWhere to StayQuick tips in every price rangeWhere to EatSavvy picks for all budgetsThe BasicsGetting there and getting aroundWhen to go, what to pack"," Travel , Europe , Great Britain",Fodor's,5.29,March,2000,91486
Hedgehogs in the Hall (Animal Ark Series #5),"By McNicholas, Shelagh (ILT) and Daniels, Lucy","Adhering to her parents' policy of not permiting wild animals to stay in their veterinary hospital, Mandy finds a ""halfway house"" for her rescued hedgehogs where they can rehabiltate before returning to the wild."," Juvenile Fiction , General",Barrons Juveniles,4.99,January,1997,91649
Better Homes And Gardens Step-By-Step Successful Gardening: Perennials,"By Taylor, Patricia A.","Discusses how to design a perennial garden and proper planting and care of perennials, and includes a listing of perennials for American gardens"," Gardening , General",Better Homes & Gardens Books,5.61,February,1995,91922
The Great Gatsby (Masterwork Studies Series),"By Lehan, Richard Daniel","A critical introduction to the classic Fitzgerald novel, covering such elements as characterization, plot, symbolism, and setting"," Literary Criticism , American , General",Twayne Publishers,5.29,December,1989,92013
Ludicrous Laws and Mindless Misdemeanors: The Silliest Lawsuits and Unruliest Rulings of All Time,"By Davidson, Lance S.","An entertaining collection of actual laws, which seem to be quite silly."," Humor , General",Castle Books,5.29,October,2009,92058
Can't Stand The Heat (Recipe for Love),"By Edwards, Louisa","For sharp-tongued food critic Miranda Wake, the chance to spend a month in Adam Temple’s kitchen to write an exposé is a journalistic dream come true. Surely Miranda can find a way to cut the hotshot chef down to size once she learns what really goes on at his trendy Manhattan restaurant. But she never expected Adam to find out her most embarrassing secret: she has no idea how to cook.Adam’s not about to have his reputation burned by a critic who doesn’t even know the difference between poaching and paring.  He’ll just have to give the tempting redhead a few private lessons of his own—teaching her what it means to cook with passion…and doing more with his hands than simply preparing sumptuous food."," Fiction , Romance , General",St. Martin's Paperbacks,5.29,September,2009,92140
The Burning Wire: A Lincoln Rhyme Novel,"By Deaver, Jeffery","SOON TO BE A MAJOR TELEVISION EVENT FROM NBC, STARRING RUSSELL HORNSBY, ARIELLE KEBBEL, AND MICHAEL IMPERIOLI. From New York Times bestselling author Jeffery Deaver—Lincoln Rhyme is back, and on the trail of a killer whose weapon of choice cripples New York City with fear.The weapon is invisible and omnipresent. Without it, modern society grinds to a halt. It is electricity. The killer harnesses and steers huge arc flashes with voltage so high and heat so searing that steel melts and his victims are set afire. When the first explosion occurs in broad daylight, reducing a city bus to a pile of molten metal, officials fear terrorism. Rhyme, a world-class forensic criminologist known for his successful apprehension of the most devious criminals, is immediately tapped for the investigation. Long a quadriplegic, he assembles NYPD detective Amelia Sachs and officer Ron Pulaski as his eyes, ears and legs on crime sites, and FBI agent Fred Dellray as his undercover man on the street. As the attacks continue across the city at a sickening pace, and terrifying demand letters begin appearing, the team works desperately against time and with maddeningly little forensic evidence to try to find the killer. Or is it killers…? Meanwhile, Rhyme is consulting on another high-profile investigation in Mexico with a most coveted quarry in his crosshairs: the hired killer known as the Watchmaker, one of the few criminals to have eluded Rhyme’s net. Juggling two massive investigations against a cruel ticking clock takes a toll on Rhyme’s health. Soon Rhyme is fighting on yet another front—and his determination to work despite his physical limitations threatens to drive away his closest allies when he needs them most…"," Fiction , Thrillers , General",Pocket Books,5.29,April,2011,92150
Rachael Ray 30-Minute Meals Get Togethers,"By Ray, Rachael",The popular host of The Food Network's 30-Minute Meals and $40 a Day shares the secret to making entertaining seem effortless by using readily available ingredients and provides readers with recipes and tips to preparing great food and drinks for company.," Cooking , Entertaining",Lake Isle Press,5.29,October,2003,92189
The medieval foundations of England (Perpetua book),"By Sayles, G. O",,,A.S. Barnes & Co.,4.99,January,1961,92193
"Rebecca and Ana (American Girl Collection, 2)","By Hunt, Robert (ILT), Greene, Jacqueline Dembar, and McAliley, Susan (CON)","Nine-year-old Rebecca Rubin eagerly helps her cousin Ana, newly arrived from Russia, to adjust to life in New York City, but when their teacher says the two must sing together at a school assembly, Rebecca worries that her big moment will be ruined."," Juvenile Fiction , Historical , United States , 20th Century",American Girl,5.29,July,2009,92234
Politics Moves Online: Campaigning and the Internet (Century Foundation Report),"By Cornfield, Michael","The popularization of the Internet has shepherded a revolution in business and personal communication. But how has online technology been used in mainstream American politics? In Politics Moves Online, Michael Cornfield provides a comprehensive guide to how the Internet has been used in political campaigns. He shows, for example, how candidates such as George Bush and John McCain in 2000&#151;as well as political action committees and the media&#151;struggled to figure out how to fit the Internet into their ongoing operations. Through a series of insightful cases, he examines how candidates use the Web as a campaign tool and as a fund-raising mechanism, and how voters use the Internet to gather information and become more knowledgeable voters. He finds that while many political pundits have argued that the Internet can be a revolutionary force in politics, citizens and politicians alike have yet to find innovative uses that go beyond conventional political operations."," Political Science , Public Policy , General",The Century Foundation,4.99,February,2004,92391
Art Fun! (ART AND ACTIVITIES FOR KIDS),"By North Light Books (EDT), Solga, Kim (EDT), Savage-Hubbard, Kathy, and Speicher, Rose C.","69 original projects for ages 6-11Uses everyday materials found in your own homeColorful step-by-step how-to photos for all projectsArt Fun!Help young artists develop their creativity, imagination and talents, and have hours of fun along the way! Kids will love these fun-filled art adventures, including:Print Making!Experiment with patterns and shapes using bars of soap blocks, buttons, leaves, vegetables and, the simplest of tools of all, fingers.Sculpting!Making clay ""critter pots,"" cardboard tube towers, life-size self-portraits and time capsules.Drawing!Encourage kids to try watercolor paints, felt-tip pens, crayons, pastel chalks and charcoal and colored pencils on everything from paper bags to adding machine tape."," Juvenile Nonfiction , Art , General",North Light Books,5.7,September,1997,92532
Better Homes and Gardens Gardening Weekends: Strategies for the Busy Gardener,"By Woodier, Olwen",Suggests low-maintenance garden designs and recommends plants that require minimal care," Gardening , General",Better Homes & Gardens Books,5.22,March,1995,93012
Black Widower: An Inspector Henry Tibbett Mystery,"By Moyes, Patricia","Marvis Ironmonger, always an embarrassment to her diplomat husband, upsets him no more after she is found murdered at a Washington party"," Fiction , Mystery & Detective , General",Henry Holt & Co,9.49,August,1985,93370
Kids' Games: Traditional Indoor and Outdoor Activities for Children of All Ages,"By Wiswell, Phil","Instructions for playing 130 traditional indoor and outdoor games for children five to fifteen. Includes word games, number and dice games, guessing and memory games, card games, strategy games, solitaire games, and puzzles."," Young Adult Nonfiction , General",Main Street Books,5.29,April,1987,93381
"Biggest, Strongest, Fastest","By Jenkins, Steve","The biggest snake, the anaconda, can swallow a deer or goat whole. The smallest mammal, the Etruscan shrew, could easily sleep in a teaspoon. In a striking full-color collage, each spread of Biggest, Strongest, Fastest portrays an animal that stands out in the animal world as the largest, slowest, longest lived. Readers can see the animal's size in relation to something familiar, and a chart on the last page indicates the size, weight, and diet of each animal, as well as where it can be found in the wild. Biggest, Strongest, Fastest is an entertaining, informative introduction to the ""world records"" held by fourteen members of the animal kingdom."," Juvenile Nonfiction , Animals , General",Clarion Books,4.99,August,1997,93669
Never Mind The Goldbergs,"By Roth, Matthue","The greatest Hollywood punk rock Orthodox Jewgirl story EVER TOLD!Don't think for a second that you know Hava or her place in the world.  Yes, she's an Orthodox Jew.  But that doesn't mean she can't rock out.  And yes, she has opinions about everything around her.  But her opinions about herself can be twice as harsh.     Now Hava's just been asked to be the token Jew on a TV show about a Jewish family, trading one insular community for another.  As in Tanuja Desai Hidier's BORN CONFUSED, there is soon a collision of both cultures and desires -- with one headstrong heroine caught in the middle."," Young Adult Fiction , Religious , Jewish",Push,4.99,February,2005,93675
"Runner's World Performance Nutrition for Runners: How to Fuel Your Body for Stronger Workouts, Faster Recovery, and Your Best Race Times Ever","By Fitzgerald, Matt","Runner's World Performance Nutrition for Runners by Matt Fitzgerald offers runners up-to-date nutrition advice based on the latest scienceRunners have different nutrition and recovery needs than other endurance athletes. Yet until now, they've had no nutritional resource specifically addressing their concerns.This comprehensive guide distills the newest thinking in the science of exercise nutrition into practical, hands-on tips that will help runners stay healthy, recover faster, enjoy better workouts, and race successfully. Readers will learn:• detailed information on nutritional topics important to runners, from balancing internal energy stores to proper hydration• how to customize their diets to their individual training needs• shopping tips and dining-out strategies to help runners maximize their nutritional intake• the top 5 pre-race meals and top 5 healthiest snacks for runners• nutritional tips for special populations, including women, children, diabetics, and older runners"," Sports & Recreation , Running & Jogging",Rodale Books,5.29,December,2005,93769
The Madonnas of Echo Park: A Novel,"By Skyhorse, Brando","Reminiscent of Luis Alberto Urrea and Dinaw Mengestu, The Madonnas of Echo Park is a brilliant and genuinely fresh view of American life.The Madonnas of Echo Park is both a grand mural of a Los Angeles neighborhood and an intimate glimpse into the lives of the men and women who struggle to lose their ethnic identity in the pursuit of the American dream. Each chapter summons a different voice—poetic, fierce, comic. We meet Hector, a day laborer who trolls the streets for work and witnesses a murder that pits his morality against his illegal status; his ex-wife Felicia, who narrowly survives a shooting and lands a cleaning job in a Hollywood Hills house as desolate as its owner; and young Aurora, who journeys through her now gentrified childhood neighborhood to discover her own history and her place in the land that all Mexican-Americans dream of, “the land that belongs to us again.” Reminiscent of Luis Alberto Urrea and Dinaw Mengestu, The Madonnas of Echo Park is a brilliant and genuinely fresh view of American life."," Fiction , Urban",Free Press,4.99,February,2011,93873
How to Castrate a Bull,"By Hitz, Dave and Walsh, Pat (CON)","Dave Hitz likes to solve fun problems. He didn’t set out to be a Silicon Valley icon, a business visionary, or even a billionaire. But he became all three. It turns out that business is a mosaic of interesting puzzles like managing risk, developing and reversing strategies, and looking into the future by deconstructing the past.As a founder of NetApp, a data storage firm that began as an idea scribbled on a placemat and now takes in $4 billion a year, Hitz has seen his company go through every major cycle in business—from the Jack-of-All-Trades mentality of a start-up, through the tumultuous period of the IPO and the dot-com bust, and finally to a mature enterprise company. NetApp is one of the fastest-growing computer companies ever, and for six years in a row it has been on Fortune magazine’s list of Best Companies to Work For. Not bad for a high school dropout who began his business career selling his blood for money and typing the names of diseases onto index cards.With colorful examples and anecdotes, How to Castrate a Bull is a story for everyone interested in understanding business, the reasons why companies succeed and fail, and how powerful lessons often come from strange and unexpected places.Dave Hitz co-founded NetApp in 1992 with James Lau and Michael Malcolm. He served as a programmer, marketing evangelist, technical architect, and vice president of engineering. Presently, he is responsible for future strategy and direction for the company. Before his career in Silicon Valley, Dave worked as a cowboy, where he got valuable management experience by herding, branding, and castrating cattle."," Business & Economics , Leadership",Jossey-Bass,4.99,December,2008,93882
"13, rue Thérèse: A Novel","By Shapiro, Elena Mauli","American academic Trevor Stratton discovers a box full of artifacts from World War I as he settles into his new office in Paris. The pictures, letters, and objects in the box relate to the life of Louise Brunet, a feisty, charming Frenchwoman who lived through both World Wars.   As Trevor examines and documents the relics the box offers up, he begins to imagine the story of Louise Brunet's life: her love for a cousin who died in the war, her marriage to a man who works for her father, and her attraction to a neighbor in her building at 13 rue Thérèse. The more time he spends with the objects though, the truer his imaginings of Louise's life become, and the more he notices another alluring Frenchwoman: Josianne, his clerk, who planted the box in his office in the first place, and with whom he finds he is falling in love."," Fiction , Literary",Reagan Arthur Books,5.29,February,2011,94013
"Combat Ops (Tom Clancy's Ghost Recon, Book 2)","By Michaels, David","While in the heart of Taliban-controlled Afghanistan to take down terrorist leader Mullah Mohammed Zahed, Captain Scott Mitchell and his Ghost Recon team must navigate through a minefield of carnage and politics to accomplish their mission. Original. 450,000 first printing."," Fiction , Action & Adventure",Berkley,5.29,March,2011,94239
Amy Carmichael: Let the Little Children Come,"By Dick, Lois Hoadley","Arriving in India, Amy Carmichael sees little children married to pagan  priests for temple prostitution. Amy rescues these children and provides a safe,  healthy home for them."," Biography & Autobiography , Religious",Moody Publishers,5.29,September,1984,94403
Fruits and Vegetables / Frutas y vegetales (English and Spanish Foundations Series) (Bilingual) (Dual Language) (Pre-K and Kindergarten),"By Rosa-Mendoza, Gladys",Introduces young children to fruits and vegetables through beautiful illustrations and both English and Spanish text.," Juvenile Nonfiction , Health & Daily Living , Diet & Nutrition","me+mi publishing, inc.",5.29,July,2002,94600
"Reckless Endangerment: How Outsized Ambition, Greed, and Corruption Led to Economic Armageddon","By Morgenson, Gretchen and Rosner, Joshua","A Washington Post Notable Nonfiction Book for 2011One of The Economist’s 2011 Books of the Year The New York Times's Pulitzer Prize-winning columnist reveals how the financial meltdown emerged from the toxic interplay of Washington, Wall Street, and corrupt mortgage lendersIn Reckless Endangerment, Gretchen Morgenson, the star business columnist of The New York Times, exposes how the watchdogs who were supposed to protect the country from financial harm were actually complicit in the actions that finally blew up the American economy. Drawing on previously untapped sources and building on original research from coauthor Joshua Rosner—who himself raised early warnings with the public and investors, and kept detailed records—Morgenson connects the dots that led to this fiasco. Morgenson and Rosner draw back the curtain on Fannie Mae, the mortgage-finance giant that grew, with the support of the Clinton administration, through the 1990s, becoming a major opponent of government oversight even as it was benefiting from public subsidies. They expose the role played not only by Fannie Mae executives but also by enablers at Countrywide Financial, Goldman Sachs, the Federal Reserve, HUD, Congress, the FDIC, and the biggest players on Wall Street, to show how greed, aggression, and fear led countless officials to ignore warning signs of an imminent disaster. Character-rich and definitive in its analysis, this is the one account of the financial crisis you must read."," Business & Economics , Economic Conditions",Times Books,4.99,May,2011,94676
The Calligrapher's Daughter: A Novel,"By Kim, Eugenia","""A beautiful, deliberate and satisfying story spanning 30 years of Korean history . . . Elegant.""—Publishers Weekly (starred review)In early-twentieth-century Korea, Najin Han, the privileged daughter of a calligrapher, longs to choose her own destiny, though her country—newly occupied by Japan—is crumbling, and her family, led by her stern father, is facing difficulties that seem insurmountable. Narrowly escaping an arranged marriage, Najin takes up a new role as a companion to a young princess. But the king is soon assassinated, and the centuries-old dynastic culture comes to its end.Najin pursues a coveted education and is surprised to find love. After one day of marriage a denied passport separates her from her new husband, who continues alone to America. As a decade passes and the world descends into war, Najin loses touch with her husband. Will the love they share be enough to sustain her through the deprivation her country continues to endure? The Calligrapher's Daughter is a richly drawn novel about a nation torn between ancient customs and modern possibilities, and is a ""vivid, heartfelt portrait of faith, love and life for one family during a pivotal time in history"" (Bookpage)."," Fiction , Literary",St. Martin's Griffin,5.29,March,2010,95144
50 Ways to Save the Ocean (Inner Ocean Action Guide),"By Helvarg, David, Cousteau, Philippe (FRW), and Toomey, Jim (ILT)","The oceans, and the challenges they face, are so vast that it’s easy to feel powerless to protect them. 50 Ways to Save the Ocean, written by veteran environmental journalist David Helvarg, focuses on practical, easily-implemented actions everyone can take to protect and conserve this vital resource. Well-researched, personal, and sometimes whimsical, the book addresses daily choices that affect the ocean's health: what fish should and should not be eaten; how and where to vacation; storm drains and driveway run-off; protecting local water tables; proper diving, surfing, and tide pool etiquette; and supporting local marine education. Helvarg also looks at what can be done to stir the waters of seemingly daunting issues such as toxic pollutant runoff; protecting wetlands and sanctuaries; keeping oil rigs off shore; saving reef environments; and replenishing fish reserves."," Nature , Ecosystems & Habitats , Oceans & Seas",New World Library,5.29,March,2006,95279
Foundations of IT Service Management: based on ITIL (English version),By,," Business & Economics , Reference",Van Haren Publishing,4.99,September,2005,95592
Barron's Regents Exams and Answers: Spanish,"By Kendris, Christopher","This edition includes the most recent Spanish Regents tests through August 2010. These ever popular guides contain study tips, test-taking strategies, score analysis charts, and other valuable features. They are an ideal source of practice and test preparation. The detailed answer explanations make each exam a practical learning experience."," Education , Study Skills",Barron's Educational Series,4.99,September,2009,95625
Knitting Know-How,"By Meyers, Belle","A comprehensive guide to knitting fundamentals and techniques answers commonly asked questions, offers advice on basic methods, and covers every aspect of the craft"," Crafts & Hobbies , Needlework , Knitting",Barnes_Noble,4.99,September,1982,95735
Christmas Sweets: 65 Festive Recipes - Table Decorations - Sweet Gift Ideas,"By Brennan, Georgeanne and Jung, Richard G. (PHT)","Christmas Sweets transforms the holiday table into a winter wonderland! From boxes of homemade candy brimming with Chocolate Fudge or Almond-Butter Toffee to cookie jars filled with Pecan Lace Cookies or Apricot-Pistachio Bars, this collection of recipes and decorations will make gift-giving extra sweet this year. Beautifully illustrated with gorgeous color photography, each festive project celebrates the season and offers inspiring craft ideas using sweetsboth homemade and store bought. Holiday guests will delight in stealing a treat from a Candy Wreath and getting caught under the CandyAcorn Kissing Ball. With homemade gingerbread confections presented in a spectacular, wintry Gingerbread Cookie Box, Santa will never settle for cookies again."," Cooking , Holiday",Chronicle Books,10.98,September,2007,95760
Foundation Flash CS3 for Designers,"By Green, Tom and Stiller, David","This book is a design-slanted guide aimed at giving aspiring Flash designers a solid grounding in the new version, as well as giving established Flash designers a clear look over the new flash CS3 features. Written by renowned Flash designers Tom Green and David Stiller, it features real world examples throughout, presented in an accessible, friendly tutorial style. No other beginner's Flash CS3 guide is specifically aimed at designers. Flash still remains a huge market area, and in 2007 Adobe released Flash CS3 which boasts a whole host of new features for Flash designers to get excited about."," Computers , Web , Design",Apress,10.99,July,2007,96092
Taunton's Home Workspace Idea Book (Taunton Home Idea Books),"By Zimmerman, Neal","More than 50 million Americans work at home and the work they do is as varied as the houses they live in. This fresh take on home workspaces looks at a wide range of designs that suit some unique employment needs -- from a daycare center to a dance studio. 50 drawings and 300 color photographs are included. ""The book is a must ... full of practical but imaginative guides and information."" -- Cincinnati Enquirer ""Architect Neal Zimmerman frames dozens of ideas for stylish and ingenious conversions of the spare spot to work center."" -- Associated Press"," Architecture , Decoration & Ornament",Taunton Press,10.99,May,2005,96109
John Kent's Venice: A Color Guide to the City,"By Kent, John","Examines the history, art, and architecture of Venice, reveals the various ways to tour the city, describes the best restaurants and hotels, and features scores of full-color maps and photographs"," Travel , General",Viking Adult,4.99,February,1988,96292
Required Reading Remixed Volume 3: Featuring Little Women in Black,"By Robyn, Lezli, Alcott, Louisa May, Hautala, Rick, Tessier, Thomas, Laidlaw, Marc, Piccirilli, Tom","Android of Green Gables, Little Women in Black, Sen. Joe McCarthy vs. Killer Frogs, The Mob vs. Witchcraft, and Anime run amok!"," Fiction , Humorous , General",IDW Publishing,4.99,July,2011,96582
"Letters from Pemberley, the First Year: A Continuation of Jane Austen's Pride and Prejudice","By Dawkins, Jane",," Fiction , Romance , Historical , General",Chicken Soup Pr,5.29,April,1999,96699
Foundations and Clinical Applications of Nutrition: A Nursing Approach,"By Grodner, Michele, Deyoung, Sandra, and Long, Sara","Foundations and Clinical Applications of Nutrition: A Nursing Approach approaches the study of nutrition and diet therapy from the personal and professional perspective of nursing students. It emphasizes the role of nursing in health promotion and primary prevention, as well as in medical nutrition therapy. Skills essential for nursing professionals are emphasized for implementation and education of patients and clients about prescribed dietary patterns. A special feature entitled The Nursing Approach ends each chapter, demonstrating the continual application of the nursing process to each content area, and nursing-related content is integrated throughout the text.Margin definitions and margin notes provide further understanding of chapter content, as well as practical teaching tips for use with clients/patients.Life Span Approach icons highlight age-related variations that require modification of assessment and teaching.Teaching Tool boxes provide practical approaches to teaching clients about nutrient and medical nutrition therapy. When appropriate, specific issues of literacy such as strategies for enhancing patient education for those with low literacy skills are also presented in these boxes.Myth boxes provide a basis for eliminating misconceptions about nutrition and health by clarifying the facts.Health Debate boxes encourage students to develop their own opinions on controversial health issues.Social Issue boxes explore ethical, social, and community concerns on local, national, and international levels to emphasize the various influences on health and wellness.Cultural Considerations boxes and a cultural sensitivity approach include ethnic food pyramids and highlight multicultural issues to help students approach, interview, and assess patients from diverse cultural backgrounds.Toward a Positive Nutrition Lifestyle sections in numerous chapters feature psychosocial strategies to support behavioral changes related to health for students and their clients/patients.The Nursing Approach feature demonstrates the continual application of the nursing process to each content area.Critical Thinking/Clinical Applications offer case study scenarios in the medical nutrition therapy chapters, allowing students to apply knowledge to actual clinical situations.Applying Content Knowledge sections provide review questions for students to ensure chapter content comprehension.Web Sites of Interest allow for further study of chapter concepts.The chapter on Management of Body Composition takes a contemporary approach to weight and acknowledges that total fitness and wellness can be experienced by persons of all sizes and equips nurses to educate and support this approach.Healthy People 2010 nutrition goals and objectives are incorporated where applicable, integrating personal nutrition goals with national objectives for communities.This framework clarifies how the nutritional status of our communities reflects individual nutritional health.Features a new chapter on Complementary and Alternative Therapies. Traditional medicine is being challenged by complementary and alternative perspectives; the authors have written this new chapter to provide students with an introduction to these perspectives.Includes the latest Dietary Reference Intakes (DRIs) information and guidelines (including the newest publication, Dietary Reference Intakes for Energy, Carbohydrates, Fiber, Fat, Fatty Acids, Cholesterol, Protein, and Amino Acids), providing students with the tools to interpret ever-changing nutrition information, as well as the skills to make well-informed personal and professional decisions.A new Web Activities icon directs students online for answers to text activities, plus additional activities and answers, to enhance comprehension of chapter content."," Medical , Nursing , Nutrition",Mosby,7.4,July,2003,96708
Kicking Habits Upgrade Edition: Welcome Relief For Addicted Churches,"By Bandy, Thomas G.","An upgrade to the ground-breaking book that has shown thousands of congregations how to overcome the destructive attitudes and systems that prevent them from focusing on their true mission: making disciples of Jesus Christ.In this upgraded edition, Bandy continues to explore the meaning of walking with Jesus in the 21st century. Drawing on the stories of exciting new congregations that have arisen within the last few years, he sharpens his portrayal of the thriving church system, demonstrating its essential concern for savvy awareness of the larger culture and fidelity to the core of the gospel."," Religion , Christian Church , Administration",Abingdon Press,4.99,May,2001,96821
Taking Sides: Clashing Views on Controversial Global Issues,"By Harf, James E. (EDT) and Lombardi, Mark Owen (EDT)","This debate-style reader is designed to introduce students to controversies in global issues through readings that reflect a variety of viewpoints. Each issue is framed with an issue summary, an issue introduction, and a postscript. The Taking Sides readers feature annotated listings of selected World Wide Web sites. Taking Sides is supported by our student website, Dushkin Online (www.dushkin.com/online/)."," Political Science , International Relations , General",McGraw-Hill/Dushkin,5.29,October,2004,97022
The Beer Directory: An International Guide,"By Wood, Heather (EDT)","A worldwide directory with more than 4,500 listings of breweries, pubs and restaurants, stores, places of historical interest, festivals, celebrations, publications, organizations, and travel groups and agencies."," Travel , Essays & Travelogues","Storey Publishing, LLC",5.36,January,1995,97400
Little Encyclopedia of Space: Internet Linked (Miniature Editions),"By Dowswell, Paul, Bines, Gary (ILT), and Hancock, David (ILT)","Provides information on telescopes, space travel, the planets of the solar system, stars, and related topics, and offers Internet addresses for further research."," Juvenile Nonfiction , Technology , Aeronautics, Astronautics & Space Science",Usborne Pub Ltd,5.29,June,2005,97429
